{
"type": "FeatureCollection",
"name": "river_corridor",
"crs": { "type": "name", "properties": { "name": "urn:ogc:def:crs:OGC:1.3:CRS84" } },
"features": [
{ "type": "Feature", "properties": { "buffer_m_each_side": 125 }, "geometry": { "type": "MultiPolygon", "coordinates": [ [ [ [ 36.783951700544073, -1.318234426680262 ], [ 36.783893203724112, -1.31832840642472 ], [ 36.783825836160659, -1.318416162836394 ], [ 36.783750246642128, -1.318496850771778 ], [ 36.783667163139249, -1.318569693161101 ], [ 36.78357738579416, -1.318633988491957 ], [ 36.783481779214533, -1.318689117565304 ], [ 36.78338126414679, -1.31873454945863 ], [ 36.783276808608747, -1.318769846639076 ], [ 36.783169418566949, -1.318794669177001 ], [ 36.783060128248529, -1.318808778019672 ], [ 36.78294999018101, -1.318812037293414 ], [ 36.782840065055751, -1.318804415612026 ], [ 36.782731411512884, -1.31878598637897 ], [ 36.78270914734712, -1.318779902045812 ], [ 36.782652123277401, -1.318817026425713 ], [ 36.782554185401494, -1.318867841130817 ], [ 36.782451770427656, -1.318908749446515 ], [ 36.782345864670759, -1.318939357404682 ], [ 36.782237488063643, -1.318959370235623 ], [ 36.782127684334462, -1.318968595206847 ], [ 36.782017510954979, -1.318966943479162 ], [ 36.781908028956423, -1.318954430962029 ], [ 36.781800292711139, -1.318931178160373 ], [ 36.781695339778381, -1.318897409013901 ], [ 36.781594180912016, -1.318853448740352 ], [ 36.781497790326469, -1.318799720703358 ], [ 36.78140709631446, -1.318736742335192 ], [ 36.781322972307144, -1.318665120153497 ], [ 36.781246228462571, -1.318585543920147 ], [ 36.781241025791751, -1.318578966043767 ], [ 36.781225158413683, -1.318585314289614 ], [ 36.781027025307736, -1.318315932809402 ], [ 36.780574526201129, -1.317554561303368 ], [ 36.780198353687062, -1.316752216755121 ], [ 36.779902130334449, -1.315916626117092 ], [ 36.779688708766997, -1.315055836491759 ], [ 36.779572638370119, -1.314263434109583 ], [ 36.779642448416503, -1.314248454377001 ], [ 36.779751944759326, -1.314236073036976 ], [ 36.779862119635979, -1.314234553280785 ], [ 36.77997191200366, -1.314243909746891 ], [ 36.779991045512318, -1.314247466640532 ], [ 36.780011281909864, -1.31422907801849 ], [ 36.780099909669531, -1.31416318753123 ], [ 36.780194527534164, -1.31410635756824 ], [ 36.780294224284802, -1.314059135433667 ], [ 36.780398039790008, -1.314021975903499 ], [ 36.780498862565395, -1.313996765078735 ], [ 36.780549294008765, -1.313905672732187 ], [ 36.780612102563602, -1.313814555791534 ], [ 36.780683482270064, -1.313730073747871 ], [ 36.780762745704727, -1.3136530402084 ], [ 36.780849129519858, -1.313584197047567 ], [ 36.780941801794775, -1.313524207262548 ], [ 36.781039870047607, -1.313473648588124 ], [ 36.781142389830272, -1.313433007932822 ], [ 36.781248373823907, -1.313402676689654 ], [ 36.781332936246102, -1.313382932987721 ], [ 36.781399718478291, -1.313295982440287 ], [ 36.781290211500583, -1.313229307994393 ], [ 36.7810409170566, -1.313081258577983 ], [ 36.78094485448343, -1.313017306040614 ], [ 36.780855806847931, -1.312943785138144 ], [ 36.780774711171297, -1.312861469511991 ], [ 36.780713345335585, -1.312784863065775 ], [ 36.780709762457533, -1.31278239715571 ], [ 36.780680462479765, -1.312760297140002 ], [ 36.780598342165007, -1.312692000271234 ], [ 36.780523022496716, -1.312616177730182 ], [ 36.780455181501083, -1.312533512072677 ], [ 36.780448491707553, -1.31252357398282 ], [ 36.780442572734302, -1.312521800407436 ], [ 36.780337841341726, -1.312505968421912 ], [ 36.78022655942253, -1.312477195792951 ], [ 36.780118781705745, -1.312437127610397 ], [ 36.780015636784533, -1.312386183450606 ], [ 36.77993753682135, -1.312342483397475 ], [ 36.779844964909394, -1.31228459471598 ], [ 36.779758405435302, -1.312217945636907 ], [ 36.779678673949427, -1.312143164120611 ], [ 36.779611943400354, -1.312067132199597 ], [ 36.77969182311201, -1.311528436488474 ], [ 36.779906763878515, -1.310668029926816 ], [ 36.780204461291021, -1.309832970343465 ], [ 36.780453551708746, -1.309304116438919 ], [ 36.78051640013696, -1.309330996804349 ], [ 36.780613096436369, -1.309384164641726 ], [ 36.780704149281831, -1.309446615711762 ], [ 36.780788681782958, -1.309517748578038 ], [ 36.780865879843397, -1.309596878193285 ], [ 36.780935000001193, -1.309683242496702 ], [ 36.78099537658877, -1.309776009753028 ], [ 36.781124276814353, -1.309997009799204 ], [ 36.781170105768894, -1.310084067172608 ], [ 36.781245397027, -1.310243530325892 ], [ 36.781280495652979, -1.310304004217238 ], [ 36.781337900358544, -1.310417048789193 ], [ 36.781344170968211, -1.310433811827449 ], [ 36.781366573336626, -1.310440524489148 ], [ 36.781465083116466, -1.310475133066931 ], [ 36.781559975574247, -1.310518795858928 ], [ 36.78165043124968, -1.310571135809634 ], [ 36.781836231360785, -1.310690535693966 ], [ 36.781940266431697, -1.310766148081053 ], [ 36.782035049817587, -1.310853214320262 ], [ 36.782083038764249, -1.31090264286657 ], [ 36.782132317188093, -1.310952881813585 ], [ 36.782209630940073, -1.311040332290651 ], [ 36.782276329370355, -1.31113366695783 ], [ 36.782305811445674, -1.311158604071693 ], [ 36.782383552497109, -1.311238865628352 ], [ 36.782406804535029, -1.311268196847425 ], [ 36.782436682220457, -1.311285940360985 ], [ 36.782447258407601, -1.31129230025027 ], [ 36.783271258857987, -1.311793999717452 ], [ 36.783331605210172, -1.311833454708533 ], [ 36.783717805473586, -1.312104054485076 ], [ 36.783747818272246, -1.312125831202986 ], [ 36.784000013558469, -1.312315252275058 ], [ 36.784068908670157, -1.312366973456798 ], [ 36.784069320105523, -1.312367315196911 ], [ 36.784069762558097, -1.312367615125526 ], [ 36.784072039830335, -1.312369328115409 ], [ 36.7842216738769, -1.312471618034782 ], [ 36.7843205237251, -1.312530712119136 ], [ 36.784416337351765, -1.312561712771723 ], [ 36.78454089318339, -1.312553161932046 ], [ 36.784634342415195, -1.312550672448723 ], [ 36.784727673518276, -1.312556015602959 ], [ 36.784831273487896, -1.312566315520052 ], [ 36.784940901034716, -1.312582747525945 ], [ 36.785048384753779, -1.312609978135486 ], [ 36.785152677249584, -1.312647741997272 ], [ 36.785290561302006, -1.312705555096629 ], [ 36.785412790829184, -1.312754502958006 ], [ 36.785415858001393, -1.3127557364959 ], [ 36.7854980580193, -1.312788936433185 ], [ 36.785599910289996, -1.312836146319268 ], [ 36.785696575890469, -1.312893345903532 ], [ 36.785787090657763, -1.312959964668093 ], [ 36.785870551778011, -1.313035338145917 ], [ 36.785946126791416, -1.313118714548338 ], [ 36.78595911117872, -1.313136279421097 ], [ 36.785968231638854, -1.313140095505358 ], [ 36.78598047534269, -1.313144691711969 ], [ 36.785984775831231, -1.313146542945629 ], [ 36.786016293327854, -1.313144942809291 ], [ 36.786133036151384, -1.31315126706963 ], [ 36.786277036110867, -1.313166666954247 ], [ 36.786428863282147, -1.31319361690496 ], [ 36.786553363276838, -1.313224716804658 ], [ 36.786664199945385, -1.313258600089103 ], [ 36.786770978188798, -1.313303796561488 ], [ 36.78687256149108, -1.313359825166837 ], [ 36.786903161983439, -1.313381100833968 ], [ 36.786929876651683, -1.313389968191257 ], [ 36.787088594994401, -1.31343521633027 ], [ 36.787239656481539, -1.313490307406882 ], [ 36.787339756510647, -1.313535207332574 ], [ 36.787433649527344, -1.313582743628903 ], [ 36.787434171161294, -1.313583072570136 ], [ 36.787462213102174, -1.313588780880094 ], [ 36.787597286422091, -1.313603981581711 ], [ 36.787651712118645, -1.313605236310556 ], [ 36.787691128067891, -1.313606842659268 ], [ 36.787793728031005, -1.31361284257837 ], [ 36.787843178434493, -1.313616839304618 ], [ 36.787853900071354, -1.313617946276547 ], [ 36.787898656528604, -1.313611092529074 ], [ 36.788038500175354, -1.313561519445194 ], [ 36.788160927607578, -1.313525839718056 ], [ 36.78831672748985, -1.313489939623221 ], [ 36.788399403742822, -1.313475883110889 ], [ 36.788415630274081, -1.313468209707608 ], [ 36.788512749020207, -1.313427753901428 ], [ 36.788613200941164, -1.313396615742618 ], [ 36.788695800876191, -1.313375215694538 ], [ 36.788795500049844, -1.313354187876837 ], [ 36.78889668243837, -1.313342340891889 ], [ 36.788998515221692, -1.313339772252734 ], [ 36.789100160226099, -1.313346503103451 ], [ 36.789177660204942, -1.313355203041356 ], [ 36.789282778835897, -1.313372113965693 ], [ 36.789385833780003, -1.313398968473479 ], [ 36.789445733783758, -1.313417668425974 ], [ 36.78954783423314, -1.313455083106643 ], [ 36.789645863324623, -1.313502255548255 ], [ 36.789738902995595, -1.313558743973606 ], [ 36.789826081909901, -1.313624019359225 ], [ 36.789868556063432, -1.313662773447906 ], [ 36.789873282212021, -1.313665209981288 ], [ 36.789978820742625, -1.313727134983467 ], [ 36.790077050203202, -1.31380023355823 ], [ 36.790080556774505, -1.31380349202431 ], [ 36.790131861146548, -1.313817662773162 ], [ 36.790244054309355, -1.313862148434547 ], [ 36.790345811781997, -1.313915824245604 ], [ 36.790387457263151, -1.313935556588739 ], [ 36.790474261557733, -1.313986699485027 ], [ 36.790513561581598, -1.314012299460857 ], [ 36.790539642878826, -1.314031196611973 ], [ 36.79062147344353, -1.314074693601034 ], [ 36.790734428824543, -1.314141630014295 ], [ 36.790827396671418, -1.314194519114706 ], [ 36.790912742850949, -1.314248291961819 ], [ 36.790992959457938, -1.314309544013561 ], [ 36.791067401382691, -1.314377782677173 ], [ 36.791102601420405, -1.314413082665977 ], [ 36.791182667394665, -1.314502416604083 ], [ 36.791252843452327, -1.314599811306581 ], [ 36.791312334194906, -1.314704162874696 ], [ 36.791360465334193, -1.314814288557895 ], [ 36.791376565372502, -1.314857188577368 ], [ 36.791407540609981, -1.314952259491754 ], [ 36.79143003949423, -1.315049715275031 ], [ 36.791443885660655, -1.315148791995334 ], [ 36.791448970571253, -1.315248713014425 ], [ 36.791445254365499, -1.31534869507573 ], [ 36.791440854382799, -1.315402795118413 ], [ 36.79142569590865, -1.315517080038249 ], [ 36.791399046039352, -1.315629215531384 ], [ 36.791388023004579, -1.315660895173428 ], [ 36.791390391688921, -1.315660999574886 ], [ 36.791492975753066, -1.31567512991112 ], [ 36.79159383035168, -1.315698711177572 ], [ 36.791692097832033, -1.315731542844627 ], [ 36.791786797849689, -1.315768142771822 ], [ 36.791891736892417, -1.315815028818819 ], [ 36.791991369906015, -1.315872455827931 ], [ 36.792084655070553, -1.315939823312396 ], [ 36.792147155121846, -1.315990023281464 ], [ 36.792224027271892, -1.316057752138889 ], [ 36.792294464398317, -1.316132233310257 ], [ 36.792357883317038, -1.316212850131353 ], [ 36.792427083419341, -1.316309550135057 ], [ 36.792477313801207, -1.316387781119831 ], [ 36.79253512437645, -1.316420078776021 ], [ 36.792625543864325, -1.316482963932587 ], [ 36.792709421455939, -1.316554445265784 ], [ 36.792785953451919, -1.316633837857773 ], [ 36.792854406536549, -1.316720380986261 ], [ 36.79291412480427, -1.316813245413551 ], [ 36.792964536044593, -1.316911541332092 ], [ 36.793005157224968, -1.317014326890505 ], [ 36.793035599119222, -1.31712061721815 ], [ 36.793045940510041, -1.317164734806345 ], [ 36.793143167583047, -1.317154144318806 ], [ 36.793241640809391, -1.317152156248796 ], [ 36.793312540779986, -1.317153856193862 ], [ 36.793397443381544, -1.317159135929201 ], [ 36.793481705187503, -1.317170869791121 ], [ 36.793560205174522, -1.317184869727766 ], [ 36.793667379610497, -1.317209484140596 ], [ 36.793771648839552, -1.31724452887509 ], [ 36.793872013370958, -1.31728966800633 ], [ 36.79389338879102, -1.317301934167023 ], [ 36.793924314534642, -1.317309605015093 ], [ 36.794003855792404, -1.317335796184322 ], [ 36.794072255803357, -1.317361196131382 ], [ 36.794173645911883, -1.317404648229042 ], [ 36.794270315538078, -1.317457894460778 ], [ 36.794291778684503, -1.317472639201423 ], [ 36.794304341702436, -1.317479088923143 ], [ 36.794345441722818, -1.31750288889579 ], [ 36.794446278869046, -1.31756875333155 ], [ 36.794539541800738, -1.317645090521864 ], [ 36.794624161481885, -1.317731025447498 ], [ 36.79465672894888, -1.317772077596129 ], [ 36.794668828842241, -1.317778527679518 ], [ 36.794758594109801, -1.317838091521368 ], [ 36.794857094181275, -1.317910491467088 ], [ 36.794959796954345, -1.317995823932842 ], [ 36.795051738631315, -1.318092795115589 ], [ 36.795102138695519, -1.318152695108253 ], [ 36.795171837686226, -1.318244695753231 ], [ 36.795231825360794, -1.318343386668579 ], [ 36.795241584990684, -1.318363898954096 ], [ 36.795245824133083, -1.318364493502455 ], [ 36.795260080078492, -1.318367282274221 ], [ 36.795367080700117, -1.31839375731984 ], [ 36.795470987766038, -1.318430660626884 ], [ 36.795570800594028, -1.318477636798687 ], [ 36.795665557931045, -1.318534233431094 ], [ 36.79575434721071, -1.318599905469398 ], [ 36.795760364031224, -1.31860534596748 ], [ 36.795438430211455, -1.31904142363599 ], [ 36.794845877066926, -1.31969826344674 ], [ 36.794192209191174, -1.320293483611145 ], [ 36.793999847801473, -1.320436805194355 ], [ 36.793984038013861, -1.320425752853543 ], [ 36.793940038048078, -1.320391752830623 ], [ 36.793859342186458, -1.320323087214952 ], [ 36.793785417438279, -1.320247090455435 ], [ 36.793718918582179, -1.320164435686107 ], [ 36.793660434622559, -1.32007585501318 ], [ 36.793617118403063, -1.31999458180689 ], [ 36.793598085742964, -1.319977534250518 ], [ 36.793528798486285, -1.319903175715134 ], [ 36.793466451083987, -1.319822835357827 ], [ 36.793411550898917, -1.319737166965052 ], [ 36.793365043532759, -1.31965686000134 ], [ 36.793339208539713, -1.319639763965136 ], [ 36.793173408659541, -1.319518263873438 ], [ 36.793143460956088, -1.319493866528523 ], [ 36.793107746057977, -1.319506232396197 ], [ 36.792998538230812, -1.319532126200682 ], [ 36.792887308013761, -1.319546921105624 ], [ 36.792775166072808, -1.319550469382165 ], [ 36.792663232177269, -1.319542735602312 ], [ 36.792552624018569, -1.319523796992583 ], [ 36.792444446049714, -1.319493842662773 ], [ 36.792414592278703, -1.319482242309441 ], [ 36.792405663408978, -1.319480084469242 ], [ 36.792294679985368, -1.319440499681473 ], [ 36.792188425676763, -1.319389434724033 ], [ 36.792159246686737, -1.319371412831764 ], [ 36.792119028371879, -1.319355581309072 ], [ 36.792022536310945, -1.319306346288155 ], [ 36.791931200079354, -1.319247993345378 ], [ 36.791868439005896, -1.319203487229173 ], [ 36.791864194260384, -1.319200753321033 ], [ 36.791818628159248, -1.319178381277219 ], [ 36.791726320635235, -1.319121376018981 ], [ 36.791639899210125, -1.319055685310541 ], [ 36.791586144605084, -1.31900595316915 ], [ 36.791544501247124, -1.318983990908133 ], [ 36.791445006467022, -1.318917043370668 ], [ 36.791365906526551, -1.318857443328232 ], [ 36.791287609768801, -1.318792699381602 ], [ 36.791215431597038, -1.318721114313374 ], [ 36.791149959913518, -1.318643271197296 ], [ 36.791091727994775, -1.318559804079701 ], [ 36.791068158679153, -1.318518555428636 ], [ 36.791040245330649, -1.31847988375586 ], [ 36.790983196287634, -1.318381265639142 ], [ 36.790936320106368, -1.318277359565296 ], [ 36.790900094794253, -1.318169225094437 ], [ 36.790873494870958, -1.318074225147037 ], [ 36.790862458435107, -1.318025532811761 ], [ 36.790857189002395, -1.318020651041671 ], [ 36.790831912390765, -1.317994882542076 ], [ 36.790752545477176, -1.318016288264722 ], [ 36.790648514470405, -1.318034025755822 ], [ 36.790543288510179, -1.31804185639064 ], [ 36.790437796849069, -1.318039711018788 ], [ 36.790332971085661, -1.318027608588208 ], [ 36.790229736937583, -1.318005655977762 ], [ 36.790031336933069, -1.317953555818428 ], [ 36.789927286397123, -1.317920724223169 ], [ 36.789826890881812, -1.317877888882969 ], [ 36.789731097311353, -1.317825453820498 ], [ 36.789640809204194, -1.317763913602228 ], [ 36.789556878151096, -1.317693848673585 ], [ 36.789511055807239, -1.317647342165864 ], [ 36.78946834786975, -1.317615226781078 ], [ 36.789389949351957, -1.317543768859669 ], [ 36.789318579441442, -1.31746520320844 ], [ 36.789264479511736, -1.317399703201755 ], [ 36.789202556173962, -1.317317348514226 ], [ 36.78914836185146, -1.317229647777 ], [ 36.78910234920469, -1.317137333517565 ], [ 36.789064902555943, -1.317041176797966 ], [ 36.789036334679373, -1.316941980774319 ], [ 36.789016884188591, -1.316840573988534 ], [ 36.78901315353616, -1.316802877141773 ], [ 36.788994141136627, -1.31671761978171 ], [ 36.788980850630125, -1.316613750795551 ], [ 36.78897717094344, -1.316509089527685 ], [ 36.788983133677782, -1.316404534847603 ], [ 36.788998687621927, -1.316300984709339 ], [ 36.789024680549161, -1.316169495762981 ], [ 36.789022822990773, -1.316115703298141 ], [ 36.788967543338444, -1.316152448419698 ], [ 36.788946233349648, -1.316163673724386 ], [ 36.788882299801344, -1.316225575217654 ], [ 36.788800330509005, -1.316291293607886 ], [ 36.788727940841362, -1.316338953789009 ], [ 36.788677962284432, -1.316376136560902 ], [ 36.788662034410549, -1.316386691925057 ], [ 36.788657863838878, -1.316390785968819 ], [ 36.788554663349451, -1.316480455248778 ], [ 36.788441425387056, -1.316556874348137 ], [ 36.788341525284615, -1.316615774327215 ], [ 36.788298413711971, -1.316638127846431 ], [ 36.788264723437614, -1.316660771234135 ], [ 36.788087223254664, -1.31676777119989 ], [ 36.787999902436937, -1.316815262774237 ], [ 36.787908755637375, -1.31685480731311 ], [ 36.787786255526946, -1.316901607257319 ], [ 36.787685823141807, -1.316934624949579 ], [ 36.78758275185578, -1.316957995209303 ], [ 36.787579413127418, -1.316958425810162 ], [ 36.787562258304646, -1.316966477347684 ], [ 36.78745521535587, -1.31700402419536 ], [ 36.787344956394229, -1.317030516573708 ], [ 36.787232605281979, -1.317045684450314 ], [ 36.787119307206119, -1.317049373222735 ], [ 36.787084566362907, -1.317046968515873 ], [ 36.786988147361946, -1.317073712425063 ], [ 36.786898436597404, -1.317087709697257 ], [ 36.786798545832625, -1.317130308810943 ], [ 36.786688416766729, -1.317170590610752 ], [ 36.786643547965561, -1.317181841560069 ], [ 36.786551663674558, -1.317231937870893 ], [ 36.786451912193257, -1.317274380367501 ], [ 36.786348562005358, -1.317306952941384 ], [ 36.786259930884277, -1.31732568444541 ], [ 36.786224187195181, -1.317333979697604 ], [ 36.786117347249203, -1.317348105123209 ], [ 36.786101747240288, -1.31734940511194 ], [ 36.785989774508735, -1.317353091356012 ], [ 36.785877994196326, -1.317345528305968 ], [ 36.785870160205249, -1.317344199626925 ], [ 36.785815582460231, -1.317340644754241 ], [ 36.785701555282195, -1.317321219508584 ], [ 36.785612355274459, -1.317301219436448 ], [ 36.785527874114969, -1.317278771745999 ], [ 36.785445383099592, -1.317249780191226 ], [ 36.78536988311496, -1.317219880133349 ], [ 36.785347349800645, -1.317210229857287 ], [ 36.785338945371088, -1.317215282740871 ], [ 36.785222798488498, -1.317268170646792 ], [ 36.785111498387543, -1.317311370596779 ], [ 36.785095779043935, -1.317316669311445 ], [ 36.785082267703991, -1.317322249602976 ], [ 36.785053285505739, -1.317330993135959 ], [ 36.785020400425189, -1.317342078117417 ], [ 36.785010724080649, -1.317349070236651 ], [ 36.784926413950807, -1.317404403056879 ], [ 36.784837519182474, -1.317451914422634 ], [ 36.784744754134302, -1.317491222534143 ], [ 36.784617454020498, -1.317538522474594 ], [ 36.784517137296142, -1.317570505954737 ], [ 36.784413637213632, -1.317598205895225 ], [ 36.784363258673594, -1.317609334553836 ], [ 36.784285720927066, -1.31765690167018 ], [ 36.784185809095717, -1.317705303134606 ], [ 36.784092265968575, -1.317739648812937 ], [ 36.784087102455437, -1.317815088542459 ], [ 36.784068791794525, -1.317924445110791 ], [ 36.784039919377875, -1.318031468723105 ], [ 36.784000763262611, -1.318135128681042 ], [ 36.783951700544073, -1.318234426680262 ] ] ], [ [ [ 36.784547387718362, -1.305232413148825 ], [ 36.7846148081276, -1.305320128244207 ], [ 36.78467336161679, -1.305414072116801 ], [ 36.784722484281026, -1.305513340035335 ], [ 36.784761703039429, -1.305616975994571 ], [ 36.78479064019124, -1.305723981922219 ], [ 36.784809017053412, -1.305833327290971 ], [ 36.784816656644601, -1.305943959043064 ], [ 36.78481348538962, -1.306054811731958 ], [ 36.784799533828121, -1.30616481778316 ], [ 36.784774936320488, -1.306272917775761 ], [ 36.784739929753954, -1.306378070645233 ], [ 36.784694851261207, -1.306479263709608 ], [ 36.784640134973642, -1.30657552242219 ], [ 36.784576307840375, -1.306665919757131 ], [ 36.78450398455341, -1.30674958513723 ], [ 36.784423861627751, -1.306825712818088 ], [ 36.784336710693445, -1.306893569647982 ], [ 36.784243371064335, -1.306952502128468 ], [ 36.78414474165487, -1.307001942707981 ], [ 36.784041772322965, -1.307041415247591 ], [ 36.78393545472224, -1.307070539606567 ], [ 36.783826812751762, -1.307089035303097 ], [ 36.783716892695224, -1.307096724215624 ], [ 36.78360675314461, -1.307093532297995 ], [ 36.783497454805271, -1.307079490292622 ], [ 36.78339005028073, -1.307054733434213 ], [ 36.783285573935501, -1.307019500147342 ], [ 36.783185031933577, -1.3069741297502 ], [ 36.783089392548533, -1.306919059186647 ], [ 36.782858413263014, -1.306770460655995 ], [ 36.782768597571902, -1.306706220298267 ], [ 36.782685470526914, -1.306633428808208 ], [ 36.782609832684741, -1.306552787208703 ], [ 36.782580012487088, -1.306513990514184 ], [ 36.782807811730308, -1.306306556955541 ], [ 36.783516286886702, -1.305778688603587 ], [ 36.784272757800636, -1.305323253691308 ], [ 36.784521696362738, -1.305205022280342 ], [ 36.784547387718362, -1.305232413148825 ] ] ], [ [ [ 36.842691956065231, -1.318971881735541 ], [ 36.84281043717214, -1.318936645437796 ], [ 36.842990637035719, -1.318893745332557 ], [ 36.843095898114839, -1.31887396654835 ], [ 36.843202552503897, -1.318864369399896 ], [ 36.843309630231815, -1.318865041170863 ], [ 36.843416157477058, -1.318875975754014 ], [ 36.843642801848546, -1.318910296246703 ], [ 36.844124915099165, -1.318933300360304 ], [ 36.844476041194852, -1.318949196991765 ], [ 36.844876377436108, -1.318949196693761 ], [ 36.84516195448392, -1.318929759695643 ], [ 36.845297412656805, -1.318907172277872 ], [ 36.845315377333932, -1.318895800446942 ], [ 36.845510768052392, -1.318742284815714 ], [ 36.845552016860132, -1.318711379718936 ], [ 36.845731553241663, -1.318583189131799 ], [ 36.845765202048653, -1.318515891505262 ], [ 36.845822337720982, -1.318414911132607 ], [ 36.845889474535504, -1.318320369943618 ], [ 36.845965902617444, -1.318233267575933 ], [ 36.846050813850489, -1.318154525012665 ], [ 36.846143310421326, -1.318084974844388 ], [ 36.846242414312705, -1.318025352465734 ], [ 36.846371214186298, -1.317956652431555 ], [ 36.846481346469758, -1.317905378076486 ], [ 36.846596333160761, -1.317866364540305 ], [ 36.846810832989476, -1.317806364423622 ], [ 36.846917387525913, -1.317782110444866 ], [ 36.847025779559992, -1.31776839307984 ], [ 36.847248979434838, -1.317751192922385 ], [ 36.847361316563912, -1.317748212389239 ], [ 36.847473387103413, -1.317756548266118 ], [ 36.847610687067984, -1.317773748158495 ], [ 36.847611292968615, -1.317773852933863 ], [ 36.847625503380733, -1.317763974750681 ], [ 36.847714673757871, -1.317713920089847 ], [ 36.847748623805934, -1.317678424686312 ], [ 36.847822138471429, -1.317615048802329 ], [ 36.847839329537884, -1.3175241858456 ], [ 36.847869229298155, -1.317420868111955 ], [ 36.847908757309526, -1.31732088106879 ], [ 36.847957555161521, -1.317225131323235 ], [ 36.848015180392032, -1.317134487061939 ], [ 36.848081110499145, -1.317049770179043 ], [ 36.848184110394008, -1.316929670230953 ], [ 36.848259558197036, -1.316849908693675 ], [ 36.848342361320235, -1.31677791698125 ], [ 36.84843173343792, -1.316714378752444 ], [ 36.848633559279769, -1.316585251436909 ], [ 36.848654828926591, -1.31656093566102 ], [ 36.848730498212319, -1.316482438598538 ], [ 36.848813352329714, -1.316411671096149 ], [ 36.848902615251994, -1.316349295976993 ], [ 36.848997450926298, -1.316295897459812 ], [ 36.849096971104224, -1.316251975687029 ], [ 36.849208571005093, -1.316209075638394 ], [ 36.849305777016454, -1.316176737244211 ], [ 36.849405505526313, -1.316153444400328 ], [ 36.849506927448182, -1.316139390752186 ], [ 36.849550262201667, -1.316137400279182 ], [ 36.849693686123068, -1.316092113031284 ], [ 36.849806965674169, -1.316062770874682 ], [ 36.849922663480129, -1.316045448935177 ], [ 36.850039523966132, -1.316040335196613 ], [ 36.850084400769383, -1.316043083408788 ], [ 36.85009549474151, -1.316031120749081 ], [ 36.850115394720667, -1.316011220755193 ], [ 36.850190118012172, -1.315942933406516 ], [ 36.850270632040043, -1.315881675315745 ], [ 36.850356286258581, -1.315827941443952 ], [ 36.850383486231529, -1.315812541437807 ], [ 36.850475572914128, -1.315765870388276 ], [ 36.850571524829576, -1.315727897518705 ], [ 36.850670532960898, -1.315698942998552 ], [ 36.850718692608268, -1.315689574573207 ], [ 36.850765871295671, -1.315677355774271 ], [ 36.850867800989228, -1.315660812897108 ], [ 36.850871909402983, -1.315660531723692 ], [ 36.85086611003247, -1.315656640916097 ], [ 36.850804231376749, -1.315612004637298 ], [ 36.850618131517571, -1.315467904541985 ], [ 36.850536047695122, -1.315397791635047 ], [ 36.850461012798547, -1.31532008889742 ], [ 36.850393716637491, -1.315235510667623 ], [ 36.850334777877563, -1.315144834491583 ], [ 36.850304177929829, -1.315092434501733 ], [ 36.850300652309194, -1.315086353876979 ], [ 36.85025995237951, -1.315015653891396 ], [ 36.850213999088091, -1.314927004964621 ], [ 36.850177328351059, -1.314837818763742 ], [ 36.850146046966493, -1.314787994493806 ], [ 36.850099174553144, -1.314691922667807 ], [ 36.850077589005316, -1.314661238407029 ], [ 36.849993168885455, -1.314543470896824 ], [ 36.849989554415743, -1.314543982781078 ], [ 36.849902687633545, -1.314552834704431 ], [ 36.849815400100518, -1.314554866629678 ], [ 36.849544399984936, -1.314550566425903 ], [ 36.849468361525929, -1.314546761811006 ], [ 36.849163561427879, -1.314521061574907 ], [ 36.84905490826791, -1.314506496388132 ], [ 36.848948183880559, -1.314481337875322 ], [ 36.848893536176007, -1.314465587459596 ], [ 36.848848279415137, -1.314478585231748 ], [ 36.848772400158488, -1.314502655632146 ], [ 36.84859122441631, -1.314563429029103 ], [ 36.848487291173996, -1.314592787212361 ], [ 36.848192959094547, -1.314660753164705 ], [ 36.847970868378944, -1.314720174024002 ], [ 36.847962954075761, -1.314722260472375 ], [ 36.847800853949792, -1.314764360381098 ], [ 36.847672462666779, -1.314789780345014 ], [ 36.847542004911077, -1.314799994176305 ], [ 36.847449504866802, -1.314801794108145 ], [ 36.847342210967184, -1.314798717299212 ], [ 36.84723569922123, -1.314785343251853 ], [ 36.847130942969869, -1.314761794184857 ], [ 36.847056642969164, -1.314741294126685 ], [ 36.847042018170114, -1.314737151741203 ], [ 36.846928118171817, -1.314704051652316 ], [ 36.846871958729665, -1.31468611188516 ], [ 36.846649458754413, -1.314608511714745 ], [ 36.846536592547523, -1.314562096830348 ], [ 36.846423022322149, -1.314507974907791 ], [ 36.846263683434799, -1.314434285358246 ], [ 36.84614610693783, -1.314371150297676 ], [ 36.845946707044448, -1.314248250172089 ], [ 36.845911536143376, -1.31422565768387 ], [ 36.845687209292578, -1.314075582888439 ], [ 36.845498593796549, -1.313959996202472 ], [ 36.845249606350301, -1.313841072912817 ], [ 36.845162670878572, -1.313794749932537 ], [ 36.844982370968133, -1.313688249815886 ], [ 36.844861270594748, -1.313605591773571 ], [ 36.844850215000584, -1.313596935831029 ], [ 36.844821262396714, -1.313591919705363 ], [ 36.844745067567239, -1.313574755967774 ], [ 36.844668472898782, -1.31355759155965 ], [ 36.84464147640395, -1.313551188583891 ], [ 36.844419376392594, -1.31349558840906 ], [ 36.844322338368464, -1.313466563116985 ], [ 36.84422829212815, -1.313428859377208 ], [ 36.844059092176323, -1.313351959254572 ], [ 36.843968895610324, -1.313305936674788 ], [ 36.8438831789327, -1.313251933146683 ], [ 36.843802637411521, -1.313190386707541 ], [ 36.843727924337607, -1.313121796576825 ], [ 36.843659645725509, -1.313046719106799 ], [ 36.843438346005172, -1.31278021907717 ], [ 36.843386809310807, -1.312713201071283 ], [ 36.843340407373994, -1.31264248449703 ], [ 36.843256987719521, -1.312504354816745 ], [ 36.84319166953258, -1.312472539258824 ], [ 36.843088726332709, -1.312415522697005 ], [ 36.842992266919396, -1.312347990787069 ], [ 36.842803867064418, -1.312200790691594 ], [ 36.84272377557177, -1.312131917405634 ], [ 36.842650449625381, -1.312055792774151 ], [ 36.842584534648331, -1.311973086857277 ], [ 36.842526610831122, -1.311884527644133 ], [ 36.84242191100914, -1.311706827677789 ], [ 36.84237706852619, -1.311622832978436 ], [ 36.842339420875021, -1.311535332584516 ], [ 36.842289691836179, -1.311404923359623 ], [ 36.842283201999891, -1.311388627976426 ], [ 36.841648740602949, -1.311033046942194 ], [ 36.841626076529742, -1.311019178193458 ], [ 36.841480091203543, -1.310999491901441 ], [ 36.841436517911021, -1.310992737082059 ], [ 36.841322534202618, -1.310972754002729 ], [ 36.841236721744693, -1.310959827676724 ], [ 36.840991502349638, -1.310938671308074 ], [ 36.840882534707696, -1.310923831057894 ], [ 36.840775531855897, -1.310898334419379 ], [ 36.840671520013565, -1.310862425922406 ], [ 36.840520520043789, -1.310801825809356 ], [ 36.840423698146999, -1.3107575101057 ], [ 36.840331476918116, -1.31070417250603 ], [ 36.840244683889786, -1.310642291629205 ], [ 36.840164097885115, -1.310572422755624 ], [ 36.840105797942812, -1.31051682273461 ], [ 36.840039437868732, -1.310447923447963 ], [ 36.839979124478873, -1.310373606473043 ], [ 36.839925292625765, -1.310294407628799 ], [ 36.839856592738101, -1.310183507645748 ], [ 36.839802293897854, -1.310085290185307 ], [ 36.839757957352354, -1.309982129798977 ], [ 36.83973215741316, -1.309912829829764 ], [ 36.839686191843242, -1.309755422966516 ], [ 36.839654291951184, -1.309607123055434 ], [ 36.839633376944711, -1.30946917226542 ], [ 36.839626276990231, -1.309389672320694 ], [ 36.839621791269529, -1.30929571977304 ], [ 36.839625083957849, -1.309201717211183 ], [ 36.839630983983142, -1.309124617270628 ], [ 36.839645504317858, -1.309010772527272 ], [ 36.839671423240596, -1.308898997357953 ], [ 36.839708473383972, -1.308790444778711 ], [ 36.839725100461266, -1.308748751765886 ], [ 36.839777255533882, -1.308611809371388 ], [ 36.839828600961461, -1.308499008184856 ], [ 36.839836053381234, -1.308478461799234 ], [ 36.839894845574015, -1.308344159940387 ], [ 36.839978845509968, -1.30818176005145 ], [ 36.840028567371682, -1.308095208327978 ], [ 36.840085937539584, -1.308004821409619 ], [ 36.840139933523012, -1.307918350949005 ], [ 36.840197974401867, -1.30783413698603 ], [ 36.840263357210937, -1.307755561840302 ], [ 36.840337857133534, -1.307673861871653 ], [ 36.840384597945032, -1.307628628981036 ], [ 36.840396349396208, -1.307581714318729 ], [ 36.840402258409249, -1.307549703148874 ], [ 36.840403661233729, -1.307529197273358 ], [ 36.840403119647249, -1.307516867020808 ], [ 36.840379380027336, -1.307500766989332 ], [ 36.84033593837917, -1.307471621549128 ], [ 36.840247361541152, -1.307405654513524 ], [ 36.840165635540714, -1.307331266877392 ], [ 36.840091547441716, -1.307249175035301 ], [ 36.840025810750561, -1.307160169576991 ], [ 36.840009284514089, -1.307132487560017 ], [ 36.840215931741277, -1.306978512492255 ], [ 36.840972421929891, -1.306523043667273 ], [ 36.841769626049896, -1.3061443964429 ], [ 36.842157493633643, -1.306005094786985 ], [ 36.842182980348589, -1.30602929260648 ], [ 36.842260421033153, -1.306120245479416 ], [ 36.842327862018081, -1.306218937022675 ], [ 36.842365462080387, -1.306280737032995 ], [ 36.842404293009501, -1.306349907807779 ], [ 36.842442593081387, -1.306424107828465 ], [ 36.842482175804236, -1.306509277569187 ], [ 36.842514586901096, -1.306597464331921 ], [ 36.842539602002041, -1.30668805763606 ], [ 36.842579402129864, -1.306859557736248 ], [ 36.842602004990525, -1.306992168573663 ], [ 36.84261653975733, -1.307124221612776 ], [ 36.842633967391414, -1.307248238995993 ], [ 36.842643936584693, -1.307356588656771 ], [ 36.842649936654205, -1.307493188755336 ], [ 36.842648380192799, -1.307620727179868 ], [ 36.842638180243554, -1.307769827294365 ], [ 36.842621941792977, -1.30789862546533 ], [ 36.842597741813002, -1.308029725568324 ], [ 36.842582565593922, -1.308099562173296 ], [ 36.842561545909739, -1.308183478049737 ], [ 36.842539963086487, -1.308284337982379 ], [ 36.842531065658989, -1.308322662139954 ], [ 36.842505265663448, -1.308425662220517 ], [ 36.842469478180483, -1.308541782508294 ], [ 36.842421503674863, -1.308653361414137 ], [ 36.842361897397041, -1.308759107538287 ], [ 36.842306780638161, -1.30884568025935 ], [ 36.842328604115863, -1.308852117846174 ], [ 36.842343582132791, -1.308856547644943 ], [ 36.842440814794287, -1.308890246611115 ], [ 36.842534576374817, -1.308932757659569 ], [ 36.842579276391547, -1.308955557628468 ], [ 36.842691229552784, -1.309021088682726 ], [ 36.842778745230973, -1.309079361402951 ], [ 36.843398033719737, -1.309426437708289 ], [ 36.843504008907708, -1.309485823706766 ], [ 36.843588195257787, -1.309538014703702 ], [ 36.843667493327253, -1.309597457438197 ], [ 36.843813793447559, -1.309717557368849 ], [ 36.843878434855952, -1.309774917655985 ], [ 36.84394103491816, -1.309834917633704 ], [ 36.844017699531399, -1.30991605794608 ], [ 36.844086009926698, -1.310004435741383 ], [ 36.844148510019345, -1.310094135746404 ], [ 36.844217526120104, -1.310206662938602 ], [ 36.844240026161202, -1.310248662949297 ], [ 36.844287706795207, -1.310349244913023 ], [ 36.84430680683699, -1.310395244931223 ], [ 36.844313023449978, -1.310410529845228 ], [ 36.844358176158799, -1.310523903725507 ], [ 36.844367932348803, -1.310527618822961 ], [ 36.844481982977335, -1.310578506655907 ], [ 36.844589720662569, -1.310641814595433 ], [ 36.844689815394098, -1.310716761115433 ], [ 36.844714115414668, -1.310737161104285 ], [ 36.844796074653893, -1.31081321962677 ], [ 36.844870136252005, -1.310897083203787 ], [ 36.844932336333564, -1.310974983198244 ], [ 36.844947329164064, -1.310994181517622 ], [ 36.845011329251506, -1.311077981515294 ], [ 36.84506171831687, -1.311149544863731 ], [ 36.845126618419108, -1.311249744875437 ], [ 36.845145492372019, -1.311279914352708 ], [ 36.845193700112603, -1.311359738461686 ], [ 36.845233726125294, -1.31136870799056 ], [ 36.845234936641567, -1.311368979964508 ], [ 36.845257216710095, -1.311373998765084 ], [ 36.84535405475367, -1.311385825267927 ], [ 36.845477452542397, -1.311407988894503 ], [ 36.845597626953442, -1.311443857410248 ], [ 36.845703526967412, -1.311482057329526 ], [ 36.845792710869411, -1.311518643338391 ], [ 36.845878451731203, -1.311562786647055 ], [ 36.845960118775892, -1.311614162504434 ], [ 36.846027718819407, -1.311660862465436 ], [ 36.846040509674054, -1.311669830836432 ], [ 36.846082809702516, -1.311699930812708 ], [ 36.846124028621531, -1.311730707275023 ], [ 36.84618225970565, -1.311776298989602 ], [ 36.846256869485075, -1.311820369587713 ], [ 36.846514092828841, -1.311943226121576 ], [ 36.846616641171792, -1.311998943108876 ], [ 36.84687414130817, -1.31215674294613 ], [ 36.846911762920023, -1.312180841525099 ], [ 36.847137286163331, -1.312331716256304 ], [ 36.847261968459691, -1.312408563951625 ], [ 36.847366515688726, -1.312456913790493 ], [ 36.84737820649611, -1.312462402505851 ], [ 36.847442427145666, -1.312493006763539 ], [ 36.8474908507755, -1.312509895145943 ], [ 36.847634630960755, -1.312471426215641 ], [ 36.847672008531269, -1.312462113302666 ], [ 36.847932439864088, -1.3124019751801 ], [ 36.848071075060169, -1.312355471321041 ], [ 36.848088570323313, -1.31234976249902 ], [ 36.848187870240729, -1.312318262448684 ], [ 36.848217290921774, -1.312309372986238 ], [ 36.848380590790512, -1.312262472898576 ], [ 36.848466343370099, -1.312241474688986 ], [ 36.848553469631042, -1.312227319785303 ], [ 36.848713169532317, -1.312207819677391 ], [ 36.84880613083623, -1.312200394727089 ], [ 36.848899383702523, -1.312200759226671 ], [ 36.849054583643401, -1.312207859108205 ], [ 36.849191632847955, -1.312222652221527 ], [ 36.849319732824569, -1.312244552120579 ], [ 36.849440815145229, -1.312272261732315 ], [ 36.849460659765327, -1.3122779812652 ], [ 36.849617882480338, -1.312291237785377 ], [ 36.849763300583739, -1.312293545050561 ], [ 36.849769144865164, -1.312292717369417 ], [ 36.849862104886796, -1.312283501238022 ], [ 36.849969626675154, -1.312277371825929 ], [ 36.850064382567375, -1.312265437942407 ], [ 36.85020135573054, -1.312256695338573 ], [ 36.850338365431888, -1.312264837557608 ], [ 36.850488165392562, -1.312283037440458 ], [ 36.850511562611011, -1.312286131469951 ], [ 36.850602462590288, -1.312299131398574 ], [ 36.850756763858136, -1.312332473226358 ], [ 36.850864863859854, -1.312363973142159 ], [ 36.850967576458409, -1.312399403836769 ], [ 36.851066408743272, -1.312444653686609 ], [ 36.851160436561045, -1.312499299575148 ], [ 36.851222936597274, -1.312539799537202 ], [ 36.851308040368622, -1.312600762961359 ], [ 36.851387146991094, -1.312669422431279 ], [ 36.851459571822602, -1.312745183724061 ], [ 36.851524688049388, -1.31282739115259 ], [ 36.851551246367343, -1.312864322129271 ], [ 36.851557443309538, -1.312870660545587 ], [ 36.851641390203426, -1.312966865271314 ], [ 36.851713986003858, -1.313072009723893 ], [ 36.851750802225396, -1.313132363063381 ], [ 36.85176948009407, -1.313158451372226 ], [ 36.851901686407821, -1.313342880916404 ], [ 36.851907498963058, -1.313351066048638 ], [ 36.852020899129322, -1.313512266056035 ], [ 36.852084816067631, -1.313614258201428 ], [ 36.852115029632067, -1.313676262969897 ], [ 36.852148831408662, -1.31372886401396 ], [ 36.852213557285886, -1.313843809263403 ], [ 36.852213843638609, -1.313844493543977 ], [ 36.852370271764151, -1.313949441124099 ], [ 36.852590452209903, -1.314096327317275 ], [ 36.852638426886166, -1.314130177813242 ], [ 36.852799527001665, -1.314250277727109 ], [ 36.85288709784848, -1.314322728869864 ], [ 36.852966964173454, -1.314403697647881 ], [ 36.8529854234569, -1.314426636294357 ], [ 36.853012957072792, -1.314445152089615 ], [ 36.853071627725136, -1.314479889708326 ], [ 36.853170359154582, -1.31450997423893 ], [ 36.853272785934053, -1.314546721740277 ], [ 36.853371200698938, -1.314593268728464 ], [ 36.853464680456867, -1.314649178660432 ], [ 36.853627975043175, -1.314757945489509 ], [ 36.853893272818759, -1.314803782075851 ], [ 36.853922047693224, -1.31480914304675 ], [ 36.854165341754772, -1.314857779006718 ], [ 36.854138713381225, -1.315393911129236 ], [ 36.854008616352154, -1.316271425922655 ], [ 36.853804160651592, -1.317089948928235 ], [ 36.8534989040797, -1.317028925826357 ], [ 36.853373586454666, -1.317007273998349 ], [ 36.853357577901789, -1.317018816770856 ], [ 36.85326200057407, -1.317074321722639 ], [ 36.853217835354556, -1.317097135510326 ], [ 36.853168090797574, -1.317124922765091 ], [ 36.853082265536422, -1.317168143758832 ], [ 36.853031513475663, -1.317191027462287 ], [ 36.852967845519942, -1.317229489709658 ], [ 36.852951948390633, -1.31724208844243 ], [ 36.852917766757393, -1.317268129558637 ], [ 36.852900228303014, -1.317280968554058 ], [ 36.852828927954469, -1.317339737922255 ], [ 36.852728805797113, -1.317405697103331 ], [ 36.85262227794459, -1.317460557754421 ], [ 36.852510554290276, -1.31750369679684 ], [ 36.852417888752086, -1.317528477586663 ], [ 36.852417752641024, -1.31752855056263 ], [ 36.852363952589918, -1.317554250544867 ], [ 36.852318472956924, -1.317574744098639 ], [ 36.852287576934188, -1.317587845790849 ], [ 36.852186381185916, -1.317643227136555 ], [ 36.852104464519755, -1.317683805108684 ], [ 36.852019543102159, -1.317717550575401 ], [ 36.851943143036365, -1.317744350539432 ], [ 36.851924167883283, -1.317750816252371 ], [ 36.851855341893057, -1.317773581719373 ], [ 36.851832981378664, -1.317787399433467 ], [ 36.85182568750357, -1.317791276570716 ], [ 36.851819716529306, -1.317794812568426 ], [ 36.851736218230755, -1.317839604688928 ], [ 36.851649269505621, -1.317877162430189 ], [ 36.851559487764639, -1.317907219101398 ], [ 36.851526187737811, -1.3179168190836 ], [ 36.851380828120099, -1.317948414438121 ], [ 36.851359653380015, -1.31795155754776 ], [ 36.851309224417705, -1.317989379226046 ], [ 36.851213739725381, -1.318053619658615 ], [ 36.85111223431857, -1.318107706764718 ], [ 36.851005770231659, -1.318151074642362 ], [ 36.850706269974189, -1.318255474500545 ], [ 36.850585447068163, -1.318290105534835 ], [ 36.850461536702049, -1.318310935651276 ], [ 36.850307036608562, -1.318328035545773 ], [ 36.850185030623379, -1.31833480704471 ], [ 36.850122915637044, -1.318331441132487 ], [ 36.850058522518395, -1.318352863263326 ], [ 36.850057087560195, -1.318353198413618 ], [ 36.850052591449121, -1.318387578017995 ], [ 36.850026056394455, -1.318500024528854 ], [ 36.8499882492086, -1.318609155315687 ], [ 36.849939565312432, -1.318713828991005 ], [ 36.849880513885587, -1.318812950783943 ], [ 36.849777513790521, -1.318967350874217 ], [ 36.849708580545737, -1.319060043693959 ], [ 36.849630585925802, -1.319145151320225 ], [ 36.849544348598407, -1.31922178042567 ], [ 36.849458548508167, -1.319290480431125 ], [ 36.849367254051018, -1.319356353182839 ], [ 36.849269876974347, -1.319412715449924 ], [ 36.849231692051397, -1.319429961779598 ], [ 36.849160375305061, -1.319490885007638 ], [ 36.849070794828641, -1.319553449062884 ], [ 36.848975607487091, -1.319606973310761 ], [ 36.848929144552933, -1.319630195724373 ], [ 36.848907426657028, -1.319652256874224 ], [ 36.848821305971335, -1.319723866016634 ], [ 36.848728541803553, -1.319786508052887 ], [ 36.848630052319898, -1.319839562963398 ], [ 36.848449752148525, -1.319925362903433 ], [ 36.848322972005377, -1.319976448601354 ], [ 36.848116971830684, -1.32004514850044 ], [ 36.848014639108882, -1.32007394510746 ], [ 36.847910060057011, -1.320092877048724 ], [ 36.847804171212815, -1.320101774784989 ], [ 36.847697920843302, -1.320100558636379 ], [ 36.84759226045265, -1.320089239496031 ], [ 36.847466951184586, -1.32006974291024 ], [ 36.847452907295853, -1.320067975787822 ], [ 36.847448972690039, -1.320067293546302 ], [ 36.847427493384934, -1.320095898707367 ], [ 36.847361569871595, -1.320169331512253 ], [ 36.847289515782016, -1.320236677745231 ], [ 36.847211883719041, -1.320297420910574 ], [ 36.846872359452739, -1.320539843800277 ], [ 36.846652331985077, -1.320712715808784 ], [ 36.84655919590255, -1.320778528272449 ], [ 36.846301695639625, -1.320941528235334 ], [ 36.846204512117382, -1.320996468143063 ], [ 36.846102395285556, -1.321041439480762 ], [ 36.845996351463143, -1.321075999076931 ], [ 36.84588742566774, -1.321099806363554 ], [ 36.84547542538904, -1.321168506098505 ], [ 36.845367657641127, -1.321181128503251 ], [ 36.844990057433698, -1.321206828234578 ], [ 36.844914299688192, -1.321209403328259 ], [ 36.844450799478551, -1.321209402982063 ], [ 36.844400341920675, -1.32120826131261 ], [ 36.844022641775538, -1.321191161023708 ], [ 36.844019926430477, -1.321191034772011 ], [ 36.843479226224758, -1.321165234357897 ], [ 36.843406666439769, -1.321158028269223 ], [ 36.843221436208445, -1.321275566073049 ], [ 36.843121645936328, -1.321331949214796 ], [ 36.843016671747051, -1.321377816404625 ], [ 36.842561771344208, -1.321549416202229 ], [ 36.842491888293942, -1.321573173702625 ], [ 36.8420111878984, -1.321719073451766 ], [ 36.84191384125026, -1.321743898753626 ], [ 36.841814680123818, -1.321759870852719 ], [ 36.841591579987117, -1.321785570700446 ], [ 36.841478578542507, -1.321792804180904 ], [ 36.841365427841325, -1.321788546416847 ], [ 36.841253278537117, -1.321772840708964 ], [ 36.841030078503771, -1.321729940532219 ], [ 36.840946831919609, -1.321710609779945 ], [ 36.840865286620172, -1.321684964635346 ], [ 36.840731139940509, -1.321637066962361 ], [ 36.84054225817183, -1.321610092688741 ], [ 36.840434051901589, -1.32158914345899 ], [ 36.840328406870952, -1.321557620434656 ], [ 36.84022634049925, -1.321515827202058 ], [ 36.840128835740806, -1.321464166255047 ], [ 36.840036831618619, -1.321403135118733 ], [ 36.839951214181085, -1.321333321557887 ], [ 36.839872807968909, -1.321255397916464 ], [ 36.839802368074444, -1.321170114642474 ], [ 36.839740572869808, -1.321078293060723 ], [ 36.839688017473861, -1.320980817463001 ], [ 36.839645208021047, -1.320878626591924 ], [ 36.839612556787117, -1.320772704600273 ], [ 36.839590378218773, -1.320664071573205 ], [ 36.839578885905517, -1.320553773704215 ], [ 36.839578190522708, -1.320442873219915 ], [ 36.839588298765804, -1.320332438150247 ], [ 36.83960911328591, -1.320223532042836 ], [ 36.83964043362738, -1.320117203720542 ], [ 36.839681958158273, -1.320014477180875 ], [ 36.839733286975274, -1.319916341734375 ], [ 36.839793925754968, -1.319823742477107 ], [ 36.839863290514351, -1.319737571188956 ], [ 36.839940713234874, -1.319658657745342 ], [ 36.840025448295755, -1.319587762125159 ], [ 36.840116679654628, -1.319525567091667 ], [ 36.84021352870635, -1.319472671617312 ], [ 36.840315062744359, -1.319429585115121 ], [ 36.840420303943063, -1.319396722532781 ], [ 36.840528238774688, -1.319374400356514 ], [ 36.840637827770067, -1.319362833562956 ], [ 36.840748015529144, -1.319362133548849 ], [ 36.840857740885028, -1.319372307058057 ], [ 36.84115814081602, -1.319415206821154 ], [ 36.841268314477141, -1.319436640499279 ], [ 36.841375812381806, -1.31946903495361 ], [ 36.841500168888942, -1.319513436803482 ], [ 36.841808181951542, -1.319419949752576 ], [ 36.842120948470857, -1.319301965928913 ], [ 36.842470063433652, -1.319080434468391 ], [ 36.842578038438788, -1.319020005616981 ], [ 36.842691956065231, -1.318971881735541 ] ] ], [ [ [ 36.794130833952607, -1.309976994784073 ], [ 36.79415636189308, -1.310087768889633 ], [ 36.794176583612646, -1.310201785371521 ], [ 36.794190261496162, -1.310311008293084 ], [ 36.794198839298495, -1.310379331193121 ], [ 36.794199717265869, -1.310386508860724 ], [ 36.794217667969946, -1.310537237109996 ], [ 36.794234083310378, -1.310561610320674 ], [ 36.794272983375954, -1.310625510331819 ], [ 36.794323593531111, -1.310718104624178 ], [ 36.794365388325645, -1.310815052371813 ], [ 36.794398002242843, -1.31091550572189 ], [ 36.794421150057019, -1.311018586163113 ], [ 36.794434629328073, -1.311123392208813 ], [ 36.794441329374486, -1.311205492267578 ], [ 36.794445043499842, -1.311309107735304 ], [ 36.794439306400868, -1.311412629700365 ], [ 36.794424166371314, -1.311515186716631 ], [ 36.794416266376636, -1.311555786749173 ], [ 36.794414583355028, -1.311562712941366 ], [ 36.794492767908061, -1.311627414243251 ], [ 36.794565549102799, -1.311699777671422 ], [ 36.794631483867356, -1.311778508283362 ], [ 36.79469002479334, -1.311862952438814 ], [ 36.794751124893843, -1.311960252453413 ], [ 36.794766328997738, -1.311985172750316 ], [ 36.794810829074358, -1.312060272764912 ], [ 36.794863227609696, -1.312159632987959 ], [ 36.794905551831427, -1.312263744051769 ], [ 36.794937382364452, -1.312371574363806 ], [ 36.794959582434643, -1.312463274417863 ], [ 36.794979543697778, -1.312566330946152 ], [ 36.794981672989941, -1.312587779622918 ], [ 36.795058853244662, -1.312670596443548 ], [ 36.795132008974946, -1.312768468972113 ], [ 36.795164492384785, -1.312817218365165 ], [ 36.795165498775013, -1.312818420754811 ], [ 36.795267479633587, -1.312916285969522 ], [ 36.795328717123517, -1.312916011476041 ], [ 36.795436286165597, -1.312925977456149 ], [ 36.795542405821884, -1.31294630137585 ], [ 36.795646093823805, -1.312976795114415 ], [ 36.795746390410294, -1.313017176416783 ], [ 36.79584236721152, -1.313067071506074 ], [ 36.795933135842127, -1.313126018543213 ], [ 36.796017856124422, -1.313193471901866 ], [ 36.796095743865266, -1.313268807218743 ], [ 36.796166078114858, -1.313351327172856 ], [ 36.796271292999656, -1.313487516807541 ], [ 36.796549008121524, -1.313846806489948 ], [ 36.796610262327718, -1.313934309136383 ], [ 36.796663016046843, -1.314027252240378 ], [ 36.796706795977997, -1.314124801929969 ], [ 36.796741209331806, -1.314226083003131 ], [ 36.796765885786357, -1.314329927685795 ], [ 36.796841386974528, -1.314384448821485 ], [ 36.796929184564291, -1.314463063922503 ], [ 36.797008337426966, -1.314550484264427 ], [ 36.79704105386255, -1.314595239862686 ], [ 36.797079457726362, -1.314612147223676 ], [ 36.797321957823932, -1.314738147053525 ], [ 36.797354810333736, -1.31475747916005 ], [ 36.797308239826172, -1.315071553369766 ], [ 36.797093299569504, -1.315931970923639 ], [ 36.796795600228563, -1.316767040829749 ], [ 36.79669324864652, -1.316984347882366 ], [ 36.796674612339508, -1.316977847130302 ], [ 36.796574539298234, -1.316931435075399 ], [ 36.796514721262689, -1.316896162014106 ], [ 36.796463473388314, -1.316872478225346 ], [ 36.79637816394294, -1.316828523254271 ], [ 36.796296889595041, -1.316777406268178 ], [ 36.796220242484793, -1.31671949969165 ], [ 36.796186676492326, -1.316691809720794 ], [ 36.79611349737781, -1.316653786691281 ], [ 36.796074867041078, -1.316639676611033 ], [ 36.795988155762892, -1.316603814203957 ], [ 36.795904719174317, -1.316560796464978 ], [ 36.795825138927611, -1.316510923280507 ], [ 36.795796898899496, -1.316491533091017 ], [ 36.795617059034939, -1.316368142774974 ], [ 36.795529642266253, -1.316301652651299 ], [ 36.795449080990615, -1.31622690335514 ], [ 36.795377391552464, -1.316146016148036 ], [ 36.795349128809868, -1.316131735212889 ], [ 36.795260734416686, -1.31608192325456 ], [ 36.795177160753944, -1.316024295101407 ], [ 36.79509908817942, -1.315959319895752 ], [ 36.795027152267167, -1.315887526590669 ], [ 36.794961938633463, -1.315809499643919 ], [ 36.794903978169508, -1.31572587426 ], [ 36.794672778549668, -1.315357974314667 ], [ 36.794620403232351, -1.315265208346653 ], [ 36.794576954029793, -1.315167884301845 ], [ 36.79457080769653, -1.315149696074839 ], [ 36.794483329644905, -1.315121140547185 ], [ 36.794376027579496, -1.315073137919255 ], [ 36.794275827618684, -1.315021837848451 ], [ 36.794181294256546, -1.314967478311922 ], [ 36.794092436360131, -1.314904159264466 ], [ 36.794010089421604, -1.314832476070204 ], [ 36.793748047755273, -1.314581008920847 ], [ 36.793546556657709, -1.314578797381455 ], [ 36.793434642576941, -1.314571934280336 ], [ 36.793358523163803, -1.314559511258783 ], [ 36.793299998980004, -1.314569920049688 ], [ 36.793188726695995, -1.31457838918533 ], [ 36.79307716870094, -1.314575699818084 ], [ 36.792758068594189, -1.314551999565569 ], [ 36.792654499849519, -1.314539416379921 ], [ 36.792552538491123, -1.314517212988773 ], [ 36.792453064701206, -1.314485581065108 ], [ 36.792405694341156, -1.314465481581425 ], [ 36.792395548541947, -1.31446345860505 ], [ 36.792285162719374, -1.314429275893105 ], [ 36.792178849721644, -1.314383861235674 ], [ 36.792105440447621, -1.314343084907198 ], [ 36.792104289164584, -1.314342689761732 ], [ 36.792008661113954, -1.314299472415998 ], [ 36.791917454363528, -1.314247467459517 ], [ 36.791882754383678, -1.314225467437745 ], [ 36.791855842995908, -1.314206430095054 ], [ 36.791817899809587, -1.314208260873636 ], [ 36.791705924684081, -1.314202395013801 ], [ 36.791595089212528, -1.314185317827964 ], [ 36.791486498730819, -1.314157199625392 ], [ 36.791381236185529, -1.314118320824669 ], [ 36.791280351333945, -1.31406906915708 ], [ 36.791184850275123, -1.314009935799703 ], [ 36.791095685416309, -1.313941510476927 ], [ 36.791013745974929, -1.31386447557928 ], [ 36.790939849110686, -1.313779599357999 ], [ 36.790874731776334, -1.313687728263413 ], [ 36.790819043368344, -1.313589778503464 ], [ 36.790750843500824, -1.3134545785445 ], [ 36.790699644738467, -1.313336967061763 ], [ 36.790662510831417, -1.313215828300318 ], [ 36.790528363845425, -1.313152234389693 ], [ 36.790521593914065, -1.313148606337648 ], [ 36.790514543826077, -1.313145566483484 ], [ 36.790472978884985, -1.313122553214222 ], [ 36.790431105718255, -1.313100113100191 ], [ 36.790424721711368, -1.313095834654902 ], [ 36.790418001613915, -1.313092113937117 ], [ 36.790378878013534, -1.313065111042338 ], [ 36.790339391853962, -1.313038648136118 ], [ 36.7903334552527, -1.313033760501318 ], [ 36.790327129864117, -1.313029394752708 ], [ 36.790290824385607, -1.312998662285917 ], [ 36.790254105505504, -1.312968431440252 ], [ 36.790248673482594, -1.312962981686742 ], [ 36.790242803719558, -1.312958012951855 ], [ 36.790209666003264, -1.312923846883688 ], [ 36.790176068024984, -1.312890139238942 ], [ 36.790171192893581, -1.312884179850871 ], [ 36.790165835284988, -1.312878655981422 ], [ 36.790096135370192, -1.312799355968068 ], [ 36.790072848371068, -1.312771994796017 ], [ 36.78994034854351, -1.312611194780142 ], [ 36.789885871596908, -1.312538391725222 ], [ 36.78985957727707, -1.312521463275918 ], [ 36.789769211252995, -1.312456740080172 ], [ 36.789710070513358, -1.312404816606327 ], [ 36.789613314268578, -1.312329398334104 ], [ 36.789522342585997, -1.312240237463671 ], [ 36.789488542625868, -1.312203137455932 ], [ 36.789419458248254, -1.312119571117641 ], [ 36.789363735645374, -1.312037196567665 ], [ 36.789359346433315, -1.31203155069052 ], [ 36.789298726249193, -1.31193481528637 ], [ 36.78927990902568, -1.311896728204997 ], [ 36.789248641322303, -1.311862137018488 ], [ 36.789208044375137, -1.311815072017429 ], [ 36.789181916287305, -1.311793021960956 ], [ 36.789126895031735, -1.311758754702466 ], [ 36.789037099559124, -1.311689332190776 ], [ 36.788954707828523, -1.311611160149652 ], [ 36.788910307878517, -1.311564560137498 ], [ 36.788836670965594, -1.311479093677257 ], [ 36.78877189300276, -1.311386645590172 ], [ 36.788739893055443, -1.311335745597811 ], [ 36.788740061579297, -1.311335638273875 ], [ 36.788710112750223, -1.311288367750533 ], [ 36.788669300775602, -1.311211444553542 ], [ 36.788653000808303, -1.311177644564744 ], [ 36.788610584769906, -1.311077726789203 ], [ 36.78859338481125, -1.311031126810713 ], [ 36.788556888129669, -1.310912717415668 ], [ 36.788533498503668, -1.310790996788357 ], [ 36.788523497441631, -1.31066742992394 ], [ 36.788524235857253, -1.310641343235757 ], [ 36.788520566121257, -1.310575271130928 ], [ 36.788524160531061, -1.310472500981465 ], [ 36.788525060534631, -1.310461300990304 ], [ 36.788534423009985, -1.310392944568035 ], [ 36.788509091282712, -1.310304111810207 ], [ 36.788488947764833, -1.310191608078026 ], [ 36.788480987990368, -1.310087893702133 ], [ 36.78832589584794, -1.309754724462155 ], [ 36.788309900795447, -1.30973755565792 ], [ 36.788245660034839, -1.309654224420862 ], [ 36.78818941828164, -1.309565228064847 ], [ 36.788037818551331, -1.30929862812505 ], [ 36.787984626349413, -1.309192499827286 ], [ 36.787942804521592, -1.309081335123561 ], [ 36.787913484079411, -1.308968926058211 ], [ 36.787906595802973, -1.30896325757262 ], [ 36.787823699174815, -1.308887808619352 ], [ 36.787814439931147, -1.308877520594103 ], [ 36.787551190539723, -1.308760538540954 ], [ 36.787537792635057, -1.308759833463364 ], [ 36.787434071685404, -1.308744521337746 ], [ 36.787332221715651, -1.308719539860675 ], [ 36.78723313057683, -1.308685106803852 ], [ 36.787137662070116, -1.308641522330632 ], [ 36.78704664841689, -1.308589166379278 ], [ 36.787026685111066, -1.308575044202879 ], [ 36.786621964840513, -1.308459728934228 ], [ 36.786529168678136, -1.308428838928337 ], [ 36.786439393294302, -1.30838994339239 ], [ 36.786353318992667, -1.308343337072356 ], [ 36.786133919109282, -1.308211836929378 ], [ 36.786039243964979, -1.308148340094039 ], [ 36.78595143924457, -1.308075526326952 ], [ 36.785871406461453, -1.307994143228737 ], [ 36.785799967331975, -1.307905026383253 ], [ 36.785737855338795, -1.307809090778347 ], [ 36.785678155443755, -1.307705790800551 ], [ 36.785627494719868, -1.307607308958633 ], [ 36.785586668758484, -1.307504303573156 ], [ 36.785556070733236, -1.307397766640989 ], [ 36.785535995317339, -1.307288724169382 ], [ 36.785526635845841, -1.307178226294886 ], [ 36.785528082453752, -1.307067337170194 ], [ 36.785540321208096, -1.30695712471571 ], [ 36.785563234242126, -1.30684865033513 ], [ 36.785596600890493, -1.306742958693498 ], [ 36.785640099814366, -1.306641067656738 ], [ 36.785693312096093, -1.306543958489023 ], [ 36.785755725273617, -1.306452566402847 ], [ 36.785826738275659, -1.30636777155243 ], [ 36.785905667210343, -1.306290390557447 ], [ 36.785991751951322, -1.306221168638531 ], [ 36.786084163458156, -1.306160772440462 ], [ 36.786182011760296, -1.306109783611993 ], [ 36.786284354527901, -1.306068693204258 ], [ 36.786390206146862, -1.306037896941589 ], [ 36.786498547210712, -1.306017691410561 ], [ 36.78660833433797, -1.306008271203488 ], [ 36.786718510220382, -1.306009727044371 ], [ 36.786828013805341, -1.306022044915128 ], [ 36.786935790514306, -1.306045106190471 ], [ 36.787040802398955, -1.306078688780193 ], [ 36.787142038137212, -1.306122469268004 ], [ 36.787238522772796, -1.306176026026048 ], [ 36.787329327104629, -1.30623884327535 ], [ 36.787413576635615, -1.306310316052983 ], [ 36.787448353438442, -1.306346249299485 ], [ 36.787867134179272, -1.306465570061889 ], [ 36.787968623283255, -1.306499824227395 ], [ 36.788015071870724, -1.306520641373281 ], [ 36.788121812446889, -1.306549760172475 ], [ 36.78822739709004, -1.306590417948283 ], [ 36.788880897276556, -1.30688081746267 ], [ 36.78890165167639, -1.306890294691481 ], [ 36.78903235171893, -1.30695159459599 ], [ 36.789124349816177, -1.307000075190139 ], [ 36.789211504145641, -1.307056903130742 ], [ 36.789273107561286, -1.307105760761155 ], [ 36.789290261009945, -1.307010288084073 ], [ 36.789320401371548, -1.306903618787685 ], [ 36.789360784755189, -1.306800436525397 ], [ 36.789411022247428, -1.306701734996532 ], [ 36.78947063003487, -1.306608464748789 ], [ 36.789539034063544, -1.30652152402401 ], [ 36.789615575567289, -1.306441750107633 ], [ 36.78969951741194, -1.306369911265305 ], [ 36.789790051194267, -1.306306699344047 ], [ 36.789886305027196, -1.306252723109447 ], [ 36.789987351936496, -1.306208502382773 ], [ 36.790092218787926, -1.306174463034985 ], [ 36.790199895658951, -1.306150932885171 ], [ 36.790247929921073, -1.306145317835245 ], [ 36.790303937624749, -1.306113886375243 ], [ 36.790417063337486, -1.306065849566154 ], [ 36.790461363298469, -1.306049849544953 ], [ 36.790561827182707, -1.306018823191886 ], [ 36.790664733094111, -1.305997386082961 ], [ 36.790769179589688, -1.305985726006679 ], [ 36.790795679575332, -1.30598402598727 ], [ 36.79090634784675, -1.305982428026142 ], [ 36.79101663475624, -1.305991804269154 ], [ 36.79112546863707, -1.306012063609059 ], [ 36.7912317919412, -1.306043009186566 ], [ 36.791277791946747, -1.306058909150582 ], [ 36.79138930710176, -1.30610431207483 ], [ 36.79149535610167, -1.306161462024402 ], [ 36.791594721655265, -1.306229703002763 ], [ 36.791625124228858, -1.306255790425823 ], [ 36.791645542401341, -1.30626322757194 ], [ 36.791658113407998, -1.306263486607382 ], [ 36.791683382427806, -1.306265093804833 ], [ 36.791740550441943, -1.306268417482759 ], [ 36.791863787267076, -1.306282488378137 ], [ 36.791976395860758, -1.306308247292486 ], [ 36.792031089583375, -1.306315067294954 ], [ 36.792055013594315, -1.306319257357523 ], [ 36.792068715555878, -1.306320468322228 ], [ 36.792177873845596, -1.306335578116483 ], [ 36.792285035025891, -1.306361383806512 ], [ 36.792389167076209, -1.306397636871911 ], [ 36.79248926714758, -1.306443988178193 ], [ 36.79258437122072, -1.306499991339017 ], [ 36.79267356338999, -1.306565107015141 ], [ 36.792755984684192, -1.306638708108438 ], [ 36.792830841338997, -1.306720085801104 ], [ 36.792897412441377, -1.306808456382023 ], [ 36.792955056872529, -1.306902968794172 ], [ 36.79300321948228, -1.307002712830904 ], [ 36.793041436435594, -1.307106727901669 ], [ 36.793069339679683, -1.307214012283101 ], [ 36.793086660488633, -1.307323532766173 ], [ 36.793087353639045, -1.30733520928638 ], [ 36.793174481138749, -1.307390241602504 ], [ 36.793261620459646, -1.307458114649943 ], [ 36.793341730256557, -1.307534257317131 ], [ 36.793414039026025, -1.307617936309401 ], [ 36.793477850392485, -1.307708345752677 ], [ 36.793532549814856, -1.307804614954437 ], [ 36.793577610505011, -1.307905816789027 ], [ 36.79361259850112, -1.308010976626371 ], [ 36.793637176847071, -1.308119081718241 ], [ 36.793639174310336, -1.308134854005388 ], [ 36.7936576717264, -1.308167193258487 ], [ 36.793718020114426, -1.308289166552647 ], [ 36.7937708202303, -1.308414266602841 ], [ 36.793816276764368, -1.308543252072341 ], [ 36.793846694310275, -1.308605140134729 ], [ 36.793872821442285, -1.30866224267976 ], [ 36.793920021545475, -1.308773442724055 ], [ 36.79393887754086, -1.308820797249338 ], [ 36.793983377647031, -1.308940297303965 ], [ 36.794022662539888, -1.3090684768055 ], [ 36.794047662618674, -1.309171376866132 ], [ 36.794054235658926, -1.309205640096179 ], [ 36.794062043765315, -1.309239639751949 ], [ 36.794064674310391, -1.309260053571045 ], [ 36.79406855167187, -1.309280265064228 ], [ 36.794071756274832, -1.309315011749202 ], [ 36.794076215665349, -1.309349617970312 ], [ 36.794076845506943, -1.309370192999008 ], [ 36.794078735865071, -1.309390689676612 ], [ 36.794078541168055, -1.30942558518625 ], [ 36.794079608895714, -1.309460464695188 ], [ 36.794078231967816, -1.309481002784295 ], [ 36.794078117117088, -1.30950158725166 ], [ 36.794074524994656, -1.309536295522363 ], [ 36.794072190776205, -1.309571112409629 ], [ 36.794065480697967, -1.309628838993749 ], [ 36.794062912124346, -1.30965120336963 ], [ 36.794087039519475, -1.309743104130465 ], [ 36.794108976070568, -1.309845753299127 ], [ 36.794118858599575, -1.309905344745148 ], [ 36.794130833952607, -1.309976994784073 ] ], [ [ 36.792036244730689, -1.311110458728129 ], [ 36.792000144876198, -1.31089645886808 ], [ 36.791992346113837, -1.310842316457316 ], [ 36.791989046130858, -1.310814716476383 ], [ 36.79197051101368, -1.310659080678561 ], [ 36.791962361445314, -1.310594168140905 ], [ 36.791955821496316, -1.310541944242407 ], [ 36.791935538759887, -1.310453930337451 ], [ 36.791922060376443, -1.310386062853226 ], [ 36.791904260448639, -1.310279562923011 ], [ 36.791904024532016, -1.310278145888826 ], [ 36.791902621212259, -1.310269683840983 ], [ 36.791871461106886, -1.310150995067539 ], [ 36.791856205693335, -1.310084916708867 ], [ 36.791822905812928, -1.309918116813694 ], [ 36.79180786831742, -1.309821169281782 ], [ 36.791801243295915, -1.30972327430751 ], [ 36.791803080694564, -1.309625169939358 ], [ 36.791810079246744, -1.309558780682541 ], [ 36.791758805955787, -1.309454458822514 ], [ 36.791718262329759, -1.309361724735343 ], [ 36.791694270725635, -1.309290025608122 ], [ 36.791642532648964, -1.309225209351838 ], [ 36.791582413355485, -1.309132631593502 ], [ 36.791531775269007, -1.309034971724649 ], [ 36.791515393965803, -1.309010847540702 ], [ 36.791465101290491, -1.308919775446874 ], [ 36.791423356510919, -1.308824428342046 ], [ 36.791390514503512, -1.308725616785496 ], [ 36.791366854461025, -1.308624180788016 ], [ 36.791353116699888, -1.308524880034161 ], [ 36.791346123286928, -1.308524400717765 ], [ 36.791240342810397, -1.308506835307469 ], [ 36.791136709120799, -1.308479195684937 ], [ 36.79112259322438, -1.308473936120275 ], [ 36.791090099581922, -1.30847536273512 ], [ 36.79104939956369, -1.308475362703956 ], [ 36.790946008582097, -1.308470561297344 ], [ 36.790843496175597, -1.308456198038592 ], [ 36.790742733438677, -1.308432394980851 ], [ 36.790644576597664, -1.308399354391443 ], [ 36.790625191988816, -1.308390759276183 ], [ 36.790543456437995, -1.308403080944348 ], [ 36.790422784043393, -1.308408070369305 ], [ 36.790302277305031, -1.308399985587424 ], [ 36.790183330534674, -1.308378920146071 ], [ 36.790130230531027, -1.30836652010329 ], [ 36.790121816998457, -1.308364111898699 ], [ 36.790161683069044, -1.308415205129895 ], [ 36.790217220932448, -1.308501518743291 ], [ 36.790264733142322, -1.308592556248123 ], [ 36.790633833900685, -1.309385456526521 ], [ 36.790659509367295, -1.309445007198416 ], [ 36.790703409467689, -1.309555407245862 ], [ 36.790738788351099, -1.309658557903939 ], [ 36.790764117213278, -1.309764662084013 ], [ 36.790779159868826, -1.309872730398443 ], [ 36.790781330120282, -1.30992398729235 ], [ 36.790795932988836, -1.309957926527358 ], [ 36.790841651386202, -1.310084330096426 ], [ 36.790853551419204, -1.310124530118092 ], [ 36.7908792911295, -1.310229643439313 ], [ 36.790890061739148, -1.310303461706034 ], [ 36.790918290033765, -1.310336947388169 ], [ 36.7909249011946, -1.310346690246336 ], [ 36.790973776816244, -1.310389209902149 ], [ 36.791053145464382, -1.310474135871676 ], [ 36.791123397587327, -1.310566840555603 ], [ 36.791136704308883, -1.310588765078314 ], [ 36.791152742378607, -1.310608682691591 ], [ 36.791188740808437, -1.31066320820978 ], [ 36.791204389278569, -1.310675244413614 ], [ 36.791283688192806, -1.310749449799584 ], [ 36.791318831933935, -1.310789349178113 ], [ 36.791326879075541, -1.310795335378284 ], [ 36.791504879233763, -1.310947435298172 ], [ 36.791580118373012, -1.311017940096283 ], [ 36.79164863508403, -1.311095075474282 ], [ 36.791709854993194, -1.311178194811208 ], [ 36.791740208555105, -1.311228437413692 ], [ 36.792030735402633, -1.311366164450605 ], [ 36.792040028175379, -1.311371144492375 ], [ 36.792049684282411, -1.311375366651536 ], [ 36.79208863919758, -1.311397195373553 ], [ 36.792127993661694, -1.311418285620343 ], [ 36.792127999227084, -1.311418289350148 ], [ 36.792128373238668, -1.311409268394905 ], [ 36.792103699097417, -1.311348440905155 ], [ 36.792063479720284, -1.311231313878923 ], [ 36.792036244730689, -1.311110458728129 ] ] ], [ [ [ 36.838801512761229, -1.285148899523282 ], [ 36.838907126431927, -1.285139960919099 ], [ 36.839013106971777, -1.285141084777068 ], [ 36.839118510090096, -1.285152261085649 ], [ 36.839222396640658, -1.285173390265612 ], [ 36.839323840989458, -1.285204284057094 ], [ 36.839326552239953, -1.285205252519938 ], [ 36.839545866074324, -1.285217460113434 ], [ 36.83969706493054, -1.285222140229725 ], [ 36.839846335303449, -1.285197271378302 ], [ 36.839966053404332, -1.285183917099636 ], [ 36.840086503965026, -1.285183547119608 ], [ 36.840206300839512, -1.285196165699031 ], [ 36.840420900798748, -1.285230565529747 ], [ 36.840520477378689, -1.285251218571058 ], [ 36.840617789622613, -1.285280852525312 ], [ 36.840712039678024, -1.285319224428797 ], [ 36.840802454798627, -1.285366019676243 ], [ 36.841025654906325, -1.285494719530617 ], [ 36.84113297062428, -1.285565071517348 ], [ 36.841364670790774, -1.285736671393579 ], [ 36.841454168628104, -1.285810397501505 ], [ 36.841535656696401, -1.285892998426034 ], [ 36.841608270451914, -1.285983597820168 ], [ 36.841633796626581, -1.286019037021329 ], [ 36.841683319574841, -1.286052797539892 ], [ 36.841769094759655, -1.286124754244708 ], [ 36.841847344677731, -1.286204930031119 ], [ 36.841917295432253, -1.286292531958558 ], [ 36.841970619152484, -1.286374898590897 ], [ 36.84200379953738, -1.286374898564949 ], [ 36.842062042226189, -1.286377443222716 ], [ 36.842066937813456, -1.286370499269487 ], [ 36.84208238822054, -1.286303869238541 ], [ 36.842116292949846, -1.286202301796772 ], [ 36.84215960227656, -1.2861044226192 ], [ 36.842211926883337, -1.286011111563719 ], [ 36.842272796412679, -1.28592320742449 ], [ 36.842384396301924, -1.285777307497943 ], [ 36.842454003741764, -1.285694803063822 ], [ 36.842531133972862, -1.285619379280397 ], [ 36.842615079476595, -1.285551728014589 ], [ 36.842705070217548, -1.285492469835932 ], [ 36.842800280707053, -1.285442148324035 ], [ 36.842899837575374, -1.285401225082254 ], [ 36.843002827583014, -1.285370075503406 ], [ 36.843108305997923, -1.285348985326179 ], [ 36.843280005887131, -1.285323185213107 ], [ 36.843390552573851, -1.28531216633624 ], [ 36.84350164005037, -1.285312195836769 ], [ 36.843673239987744, -1.285320795705297 ], [ 36.843795419542943, -1.285333691332417 ], [ 36.843915468075608, -1.285359944100572 ], [ 36.844031948507045, -1.285399239746006 ], [ 36.844160748533248, -1.28545073964998 ], [ 36.844265413406916, -1.285498980234907 ], [ 36.844364620664066, -1.285557753400875 ], [ 36.844457327501594, -1.28562644136495 ], [ 36.844542559444022, -1.28570432212592 ], [ 36.844619420586618, -1.285790577053408 ], [ 36.844687103012681, -1.285884299492748 ], [ 36.844724066984575, -1.285941429106873 ], [ 36.844998418474859, -1.285986101137292 ], [ 36.845057307772414, -1.285997320880387 ], [ 36.845214174865504, -1.286031596165402 ], [ 36.845316899534296, -1.286031596086251 ], [ 36.845409101455402, -1.286035412623363 ], [ 36.845500680616105, -1.286046836602921 ], [ 36.845706680579042, -1.286081236440678 ], [ 36.845793573182817, -1.286099323565664 ], [ 36.84596517317533, -1.286142223431001 ], [ 36.846090639056442, -1.286181565079154 ], [ 36.846210678646059, -1.286235391471816 ], [ 36.846337766276449, -1.286301605623444 ], [ 36.84649520520454, -1.286306802516137 ], [ 36.846628508567811, -1.286319239737136 ], [ 36.846731501561038, -1.286341522421561 ], [ 36.846608500683281, -1.287171274352578 ], [ 36.846393588277309, -1.288031728657537 ], [ 36.846205759406118, -1.288558672624814 ], [ 36.846164093831312, -1.28855729722354 ], [ 36.84609489220108, -1.288552856633079 ], [ 36.845914692147886, -1.288535656492946 ], [ 36.845805530544325, -1.288519759958987 ], [ 36.845698445266898, -1.288493160407465 ], [ 36.845594469652362, -1.288456114517451 ], [ 36.845494607029778, -1.288408979771523 ], [ 36.845370850793593, -1.288342918639064 ], [ 36.845295628115231, -1.288303726605103 ], [ 36.845295316846965, -1.288303648787804 ], [ 36.84522438519727, -1.288291803837732 ], [ 36.845093699534218, -1.288291803737747 ], [ 36.84497391176793, -1.288285354090429 ], [ 36.844855491290424, -1.288266078956899 ], [ 36.844610187106611, -1.288212479894935 ], [ 36.844270680509368, -1.288157198285743 ], [ 36.844250548675667, -1.288153730834623 ], [ 36.844061748646183, -1.288119430685727 ], [ 36.843965055114438, -1.288097387325803 ], [ 36.843870670482943, -1.288066845118734 ], [ 36.843779330619824, -1.288028042188028 ], [ 36.843713972124057, -1.287996786600274 ], [ 36.843709780927412, -1.288001458179942 ], [ 36.843703043124684, -1.288007651167964 ], [ 36.843687495293558, -1.288041911521996 ], [ 36.843631564470051, -1.288138550370999 ], [ 36.843566417013669, -1.288229151801543 ], [ 36.843492690969072, -1.288312828477588 ], [ 36.843411108398499, -1.288388760883356 ], [ 36.843322468309957, -1.288456205349596 ], [ 36.843227638831721, -1.288514501336954 ], [ 36.843127548709965, -1.288563077905178 ], [ 36.843023178212668, -1.288601459304771 ], [ 36.84288577809987, -1.288644359233839 ], [ 36.842764716777722, -1.288674849663601 ], [ 36.842641041411831, -1.288691630357563 ], [ 36.842516279739144, -1.288694494030583 ], [ 36.842258879638315, -1.28868599383476 ], [ 36.842101831332926, -1.288669628785506 ], [ 36.84190613202356, -1.288635101354762 ], [ 36.841797799537417, -1.288635101271649 ], [ 36.841626199544947, -1.288635101143303 ], [ 36.84152280658445, -1.288630299639149 ], [ 36.841420292203566, -1.288615936089719 ], [ 36.841319527501483, -1.288592132548875 ], [ 36.841221368709348, -1.288559091285219 ], [ 36.841126649914628, -1.28851709306317 ], [ 36.841104793014075, -1.288506164593876 ], [ 36.8410501437154, -1.288493154257081 ], [ 36.840952284895678, -1.288465088442257 ], [ 36.840857352373007, -1.288428221246265 ], [ 36.840766125792946, -1.288382855447606 ], [ 36.840679354365115, -1.288329363620526 ], [ 36.840597750710245, -1.288268185075066 ], [ 36.840451850831094, -1.28814808500685 ], [ 36.840366715676069, -1.288070354442261 ], [ 36.840289922452023, -1.287984270751412 ], [ 36.840222275949834, -1.287890736092652 ], [ 36.840164485102463, -1.287790730710052 ], [ 36.840137009756795, -1.287729528515057 ], [ 36.840092820216498, -1.287692458912248 ], [ 36.840014575959103, -1.287612292451835 ], [ 36.83994462911533, -1.287524701044789 ], [ 36.839909148297309, -1.28747544119746 ], [ 36.83984697824269, -1.287482690807333 ], [ 36.839737683858388, -1.287484665664851 ], [ 36.839463083750076, -1.287476165455872 ], [ 36.839435596840751, -1.287474975190034 ], [ 36.839126596730573, -1.287457774952299 ], [ 36.839030553823932, -1.287448248016699 ], [ 36.83898325068057, -1.287441479145621 ], [ 36.838880721950105, -1.287459478491935 ], [ 36.838770829644631, -1.287467734143105 ], [ 36.838660662546999, -1.287465107941163 ], [ 36.838551281812215, -1.287451625184681 ], [ 36.838454547076608, -1.287434816594646 ], [ 36.838353851289739, -1.287461329513395 ], [ 36.838243033896745, -1.287478862293634 ], [ 36.838131031371177, -1.287485178225291 ], [ 36.838018961668773, -1.287480214268231 ], [ 36.837838661615535, -1.287463114127569 ], [ 36.837735352389977, -1.287448415312818 ], [ 36.837555152364587, -1.287414115170301 ], [ 36.83753578613036, -1.28741025110891 ], [ 36.837329786107574, -1.287367250946052 ], [ 36.837287276004673, -1.287357507375645 ], [ 36.837115575997373, -1.287314607240432 ], [ 36.837085610598457, -1.287305527853736 ], [ 36.837055289460807, -1.287297736192057 ], [ 36.837032886374054, -1.287289552640489 ], [ 36.837010065128894, -1.287282637901126 ], [ 36.836981128228373, -1.287270646073316 ], [ 36.836951711895694, -1.28725990067515 ], [ 36.836930213650263, -1.287249546409739 ], [ 36.836908175695626, -1.287240413594441 ], [ 36.836880545971624, -1.287225624814073 ], [ 36.836852317739009, -1.287212029164046 ], [ 36.836831931374377, -1.287199603902348 ], [ 36.836814544420221, -1.287190297553432 ], [ 36.836688899542168, -1.287190297457886 ], [ 36.836569427236832, -1.287183881791892 ], [ 36.836451311442282, -1.287164707827242 ], [ 36.836335893247401, -1.28713299326849 ], [ 36.836207193259753, -1.287090093169322 ], [ 36.836093452525127, -1.287045129220335 ], [ 36.835985240245613, -1.286987991048653 ], [ 36.83588383815119, -1.286919355435865 ], [ 36.83566923831134, -1.286756355324314 ], [ 36.83558108067507, -1.286681963496538 ], [ 36.835500948855717, -1.28659888299416 ], [ 36.835429684062269, -1.286507985984412 ], [ 36.835368034418764, -1.286410226690497 ], [ 36.835122934850048, -1.285973626790514 ], [ 36.835103222974311, -1.285934102538985 ], [ 36.835082733880625, -1.285894980741413 ], [ 36.835078516553146, -1.285884563733832 ], [ 36.835073502753019, -1.28587451057153 ], [ 36.835057734896743, -1.285833232015721 ], [ 36.835052925915413, -1.285821353594616 ], [ 36.835000510338581, -1.285804909958864 ], [ 36.834902661540092, -1.285763658058728 ], [ 36.834809117627287, -1.28571329578884 ], [ 36.834720713652167, -1.285654272727647 ], [ 36.834513513800964, -1.285501272616495 ], [ 36.834408072958517, -1.285412952594854 ], [ 36.834314119925551, -1.285312350323937 ], [ 36.834194820077414, -1.285167850309703 ], [ 36.834134729124095, -1.285088134665007 ], [ 36.833995329333248, -1.284885134680206 ], [ 36.833915650726524, -1.284749858431615 ], [ 36.83388636426703, -1.284691176678788 ], [ 36.833835511129955, -1.284674988747855 ], [ 36.833737383358354, -1.284638611537855 ], [ 36.833643043651215, -1.284593203797324 ], [ 36.833553310304303, -1.284539159391849 ], [ 36.833468961657736, -1.284476947100645 ], [ 36.833331561770059, -1.284365347035173 ], [ 36.833242941142679, -1.284285190810128 ], [ 36.833163258552581, -1.284196034276963 ], [ 36.833093411253117, -1.284098881372955 ], [ 36.833034185748247, -1.283994826076954 ], [ 36.8329862489364, -1.283885040090691 ], [ 36.832934749056392, -1.283747740151947 ], [ 36.832922979689044, -1.283710703698704 ], [ 36.83286768389091, -1.283642716173874 ], [ 36.832806057387756, -1.283549436920904 ], [ 36.832753908957962, -1.283450475243747 ], [ 36.832752188187044, -1.283446243651779 ], [ 36.832580284300377, -1.283332890890528 ], [ 36.832459017470633, -1.283240537004425 ], [ 36.83239031753233, -1.283180436975352 ], [ 36.832316175270087, -1.283109349131448 ], [ 36.832248776015199, -1.28303175846107 ], [ 36.832188680342213, -1.282948310305617 ], [ 36.832136388079796, -1.282859698724373 ], [ 36.832092334153671, -1.282766660721719 ], [ 36.832056884969241, -1.282669970117356 ], [ 36.832015470605803, -1.282538891368774 ], [ 36.831978052206381, -1.282440965717685 ], [ 36.831922860874592, -1.282371291219535 ], [ 36.831905273889518, -1.282348497997919 ], [ 36.831898208648141, -1.282339095843163 ], [ 36.831839196775405, -1.282326757606443 ], [ 36.831664396768112, -1.282283257468553 ], [ 36.831620008143268, -1.282269853435722 ], [ 36.831575417108844, -1.282257148187579 ], [ 36.831306273789394, -1.282165884484204 ], [ 36.831234969699743, -1.282191483808508 ], [ 36.831123045265073, -1.282219047150529 ], [ 36.831008903498635, -1.282234920106963 ], [ 36.830893746477869, -1.282238935515399 ], [ 36.83077878697182, -1.282231051090547 ], [ 36.830665235668867, -1.282211349869411 ], [ 36.830476435654255, -1.282168449719988 ], [ 36.830378913532385, -1.28214159317199 ], [ 36.830284187157972, -1.28210601588215 ], [ 36.830193024628954, -1.282062006334225 ], [ 36.83008903248713, -1.282005872418139 ], [ 36.83000084043308, -1.281958338315626 ], [ 36.829992584188425, -1.281953843535854 ], [ 36.829596881175071, -1.281736262246599 ], [ 36.829881711258658, -1.28113146130171 ], [ 36.830335533012239, -1.280370857125757 ], [ 36.830757639662231, -1.279799033397249 ], [ 36.830840056020719, -1.279844350712382 ], [ 36.83087615134415, -1.279841074425986 ], [ 36.830929257648826, -1.279837528851625 ], [ 36.831118357554097, -1.279829428713347 ], [ 36.831236476190547, -1.279830628634301 ], [ 36.831353815921887, -1.279844311771053 ], [ 36.831469078039319, -1.279870326682445 ], [ 36.831481580456483, -1.27987385299545 ], [ 36.831687042626143, -1.279917886551152 ], [ 36.831811681873674, -1.279952251612946 ], [ 36.832248427879982, -1.280100346954819 ], [ 36.832337230548809, -1.280122445947957 ], [ 36.832521013920172, -1.280153674303227 ], [ 36.832556771700872, -1.280161583901376 ], [ 36.832592769027457, -1.280168303242583 ], [ 36.832610552406322, -1.280173480158238 ], [ 36.832628633185976, -1.280177479614695 ], [ 36.832663448505592, -1.28018887873004 ], [ 36.832698618130856, -1.280199116951515 ], [ 36.832715811722331, -1.280206023318559 ], [ 36.832733415950187, -1.280211787235554 ], [ 36.832766953517471, -1.280226566088965 ], [ 36.832800956739263, -1.280240224591967 ], [ 36.832817394959747, -1.28024879389876 ], [ 36.832834353097226, -1.280256266766946 ], [ 36.832866289927082, -1.28027428303076 ], [ 36.83289879927532, -1.280291230277126 ], [ 36.833197099424417, -1.280465930084032 ], [ 36.833290316664886, -1.280526933765864 ], [ 36.833377082086045, -1.280596917877223 ], [ 36.833456544824656, -1.280675196123316 ], [ 36.833527925630563, -1.280761000872823 ], [ 36.833687676940059, -1.280973591243996 ], [ 36.83384183904743, -1.281168207639929 ], [ 36.833908531864751, -1.281261818909448 ], [ 36.833965410223108, -1.281361777074604 ], [ 36.83401188316919, -1.281467043597329 ], [ 36.834066940184321, -1.281611129747686 ], [ 36.834214315158171, -1.281708307940436 ], [ 36.834315060727647, -1.281783139258658 ], [ 36.83440690180921, -1.281868795115189 ], [ 36.834488696319212, -1.281964210346694 ], [ 36.83460029647167, -1.282110110343454 ], [ 36.834667613294755, -1.282208461734074 ], [ 36.834714967901135, -1.282296226544444 ], [ 36.834758114562071, -1.282349078102298 ], [ 36.834878314731675, -1.282512078104253 ], [ 36.834939276464247, -1.282603784706918 ], [ 36.834985428641474, -1.282690458449957 ], [ 36.835034736455412, -1.282710162384854 ], [ 36.835143997612896, -1.282760801919856 ], [ 36.835247249376174, -1.282822915149594 ], [ 36.835343306707237, -1.282895789193384 ], [ 36.835431067139062, -1.282978587666434 ], [ 36.835509523428897, -1.283070360279216 ], [ 36.835615723573703, -1.283208960275853 ], [ 36.835681516267634, -1.283304633629348 ], [ 36.835793116450787, -1.283486233659208 ], [ 36.835841549222167, -1.283573440444465 ], [ 36.835887197144061, -1.283664905623159 ], [ 36.835926237546786, -1.28372175777836 ], [ 36.835960376340388, -1.283732673642133 ], [ 36.836068748082774, -1.283780474745237 ], [ 36.836171520262376, -1.283839488659826 ], [ 36.836463420434129, -1.284028288483143 ], [ 36.836540415450507, -1.28408281025027 ], [ 36.836612601941788, -1.284143632112259 ], [ 36.836679472445788, -1.284210326500668 ], [ 36.836825872612785, -1.284369126466093 ], [ 36.836832186750776, -1.284376687942627 ], [ 36.836839086019332, -1.284383712455799 ], [ 36.836867621551889, -1.284419122780051 ], [ 36.836896767214611, -1.284454026079461 ], [ 36.83690231456827, -1.284462174052085 ], [ 36.83690849652762, -1.284469845371652 ], [ 36.836933446192823, -1.284507900292551 ], [ 36.836959052427098, -1.284545510820879 ], [ 36.83696377957218, -1.284554166820189 ], [ 36.836969184686396, -1.284562411067128 ], [ 36.836990308204072, -1.284602744094576 ], [ 36.837012128406897, -1.284642699642034 ], [ 36.837015989818163, -1.284651780305999 ], [ 36.837020566032805, -1.284660518083646 ], [ 36.837037659970981, -1.284702740788582 ], [ 36.837055484000558, -1.284744656560794 ], [ 36.837058442490239, -1.284754074437476 ], [ 36.837062145733647, -1.284763221596246 ], [ 36.837102767671816, -1.284879598842152 ], [ 36.837213650294466, -1.284889513288211 ], [ 36.837324903431181, -1.284910994632498 ], [ 36.837433439794786, -1.284943649429969 ], [ 36.837538154602477, -1.284987145292711 ], [ 36.837718354661575, -1.285072945164433 ], [ 36.837744864969707, -1.285087210028736 ], [ 36.837771981288107, -1.285100270096436 ], [ 36.837793422380493, -1.285113338162142 ], [ 36.837815527561446, -1.285125232682501 ], [ 36.837840521022216, -1.285142044168786 ], [ 36.837866234905135, -1.285157716444272 ], [ 36.837886300110306, -1.285172836803488 ], [ 36.837891230696329, -1.285176153290118 ], [ 36.837982146668502, -1.285195130824948 ], [ 36.838028098059958, -1.285203877365133 ], [ 36.838099266410566, -1.285185684256817 ], [ 36.838226297956425, -1.285168383372286 ], [ 36.838354460909791, -1.28516576829921 ], [ 36.838586260820641, -1.285174368122213 ], [ 36.838650138867976, -1.285181072166655 ], [ 36.83869720698118, -1.285167820944212 ], [ 36.838801512761229, -1.285148899523282 ] ] ], [ [ [ 36.860279360693376, -1.265539920251984 ], [ 36.860180686308155, -1.265589279282168 ], [ 36.860077680237843, -1.265628666068465 ], [ 36.859971334489813, -1.265657701295892 ], [ 36.85986267323409, -1.26567610534103 ], [ 36.859752742940046, -1.265683700964856 ], [ 36.85964260229818, -1.265680415019602 ], [ 36.859533312024325, -1.265666279153078 ], [ 36.859425924644285, -1.265641429503894 ], [ 36.859321474357465, -1.265606105390151 ], [ 36.859220967076901, -1.265560647004632 ], [ 36.859125370741822, -1.265505492138544 ], [ 36.859035605995857, -1.265441171965169 ], [ 36.858952537320832, -1.265368305924341 ], [ 36.858876964711371, -1.265287595756838 ], [ 36.858809615970607, -1.265199818746263 ], [ 36.858770096775608, -1.265136293052413 ], [ 36.85868396519983, -1.265163236543742 ], [ 36.858497576304458, -1.265222470159621 ], [ 36.858397893088451, -1.265249148510634 ], [ 36.858296198087636, -1.265266507291163 ], [ 36.858193349504631, -1.265274400012658 ], [ 36.857946825628829, -1.265281883436493 ], [ 36.857789982623324, -1.265297031254761 ], [ 36.85763800197244, -1.265332114074548 ], [ 36.85752967197061, -1.265351552851552 ], [ 36.857419971724902, -1.265360225738166 ], [ 36.857309954822803, -1.265358049440215 ], [ 36.857200677892621, -1.265345044861736 ], [ 36.857093190455323, -1.265321336904062 ], [ 36.85698852484466, -1.265287153266149 ], [ 36.856887686292382, -1.265242822257629 ], [ 36.856878320896719, -1.265238142279004 ], [ 36.856877569484979, -1.265238035112596 ], [ 36.856793875177907, -1.265222824378647 ], [ 36.856711564841497, -1.265201281323782 ], [ 36.856495327933438, -1.265135791827552 ], [ 36.856483578745745, -1.26514031559702 ], [ 36.856383978192575, -1.265173386100015 ], [ 36.856281746385399, -1.265196958715074 ], [ 36.856092846257987, -1.265231258595777 ], [ 36.855986188759751, -1.265245354876902 ], [ 36.855878680503906, -1.265249113530205 ], [ 36.855771308284183, -1.265242500058061 ], [ 36.855665057645268, -1.26522557516618 ], [ 36.855560903836661, -1.265198494206364 ], [ 36.855459802861084, -1.265161505750392 ], [ 36.855321372343283, -1.265103160994 ], [ 36.855053165621449, -1.265004887757041 ], [ 36.855013092357432, -1.265011069035726 ], [ 36.854926762306505, -1.265020962233008 ], [ 36.854756762214762, -1.265033762113093 ], [ 36.854632266570874, -1.265036167152731 ], [ 36.854508271895433, -1.26502468287294 ], [ 36.854307971854936, -1.264994782716285 ], [ 36.854274937703423, -1.264989343803224 ], [ 36.854138337682599, -1.26496474369615 ], [ 36.854084364237991, -1.264953641904128 ], [ 36.853946164228539, -1.264921641796012 ], [ 36.853896608732605, -1.26490896488955 ], [ 36.853844591550576, -1.2648943814609 ], [ 36.853816743568281, -1.264889833274735 ], [ 36.853661340016373, -1.264870297216384 ], [ 36.853562018811722, -1.264853225740679 ], [ 36.853464618057487, -1.264827261362435 ], [ 36.853369922101479, -1.264792613169167 ], [ 36.85335155915373, -1.264784938965629 ], [ 36.853276707632382, -1.264815857406897 ], [ 36.853176564935985, -1.264846612401041 ], [ 36.853095620513194, -1.264863371208381 ], [ 36.853033875958062, -1.26492782857346 ], [ 36.85295623464124, -1.264995305298491 ], [ 36.852872798850633, -1.265055368553765 ], [ 36.852784264990113, -1.265107517017914 ], [ 36.852691372014974, -1.265151315431166 ], [ 36.852644681471986, -1.265170764191094 ], [ 36.852633596059107, -1.265177913807235 ], [ 36.852536281545461, -1.265233984290259 ], [ 36.852433895804559, -1.265280005839861 ], [ 36.852327459960826, -1.26531551947136 ], [ 36.852218035531358, -1.265340170998947 ], [ 36.852139435479103, -1.265353770948695 ], [ 36.852025056328863, -1.265367527105956 ], [ 36.851909878788724, -1.265369415825977 ], [ 36.851795115125135, -1.265359417232341 ], [ 36.851681973247878, -1.265337636564848 ], [ 36.851571643996515, -1.265304303071822 ], [ 36.851465288606562, -1.265259767597102 ], [ 36.851364026487296, -1.265204498887219 ], [ 36.851268923439761, -1.265139078657612 ], [ 36.851180980439139, -1.265064195469965 ], [ 36.851105680512504, -1.264993095443024 ], [ 36.851064789672968, -1.264952327134486 ], [ 36.851014000493471, -1.264932327208074 ], [ 36.850981091862558, -1.264918759671656 ], [ 36.850799891909219, -1.264840659539838 ], [ 36.850784910454408, -1.264833402356539 ], [ 36.850742199248579, -1.264858101603743 ], [ 36.850647231278337, -1.264901762966818 ], [ 36.850600807179362, -1.264918053235203 ], [ 36.850251681970605, -1.264529706513465 ], [ 36.849727156084036, -1.263816640774772 ], [ 36.849274597888531, -1.263055262762758 ], [ 36.849259162113491, -1.263022344219777 ], [ 36.849351294391461, -1.26297059202953 ], [ 36.849452312394604, -1.262926297330766 ], [ 36.849483550789806, -1.262916132652357 ], [ 36.849506629330136, -1.262883222818537 ], [ 36.849577010127334, -1.262800931112813 ], [ 36.849654912626114, -1.262725817499015 ], [ 36.849792212481795, -1.262605617518721 ], [ 36.849882552132918, -1.262534354952836 ], [ 36.849979648089445, -1.262472747430573 ], [ 36.85008248571927, -1.262421438739862 ], [ 36.850189990390824, -1.262380965048219 ], [ 36.850301038702653, -1.262351749299939 ], [ 36.85041447022266, -1.262334096796227 ], [ 36.850529099614256, -1.262328192004872 ], [ 36.850666399554868, -1.262328191902603 ], [ 36.850779541157685, -1.262333943852209 ], [ 36.850891531039686, -1.262351141324718 ], [ 36.851001229186416, -1.26237960925892 ], [ 36.851107518911832, -1.262419057864511 ], [ 36.851209318225742, -1.262469085571859 ], [ 36.851363818295653, -1.262554985469956 ], [ 36.851446913704478, -1.262606038292754 ], [ 36.851497036156786, -1.262639919466141 ], [ 36.851548367630741, -1.262672351575048 ], [ 36.851634156085282, -1.262732327953411 ], [ 36.851643595633725, -1.262739605098585 ], [ 36.851703023860601, -1.262768311914954 ], [ 36.851729306679601, -1.262782507625985 ], [ 36.851848759639118, -1.262833993596945 ], [ 36.851886447983397, -1.262848834572374 ], [ 36.851891845059434, -1.262844328081214 ], [ 36.851987969760451, -1.262779620365195 ], [ 36.852090197308577, -1.262725207051294 ], [ 36.852197443322517, -1.262681665332673 ], [ 36.852308570187212, -1.262649457081924 ], [ 36.852422399121025, -1.262628923951808 ], [ 36.852537722679607, -1.262620283750885 ], [ 36.852690165109195, -1.262616787673791 ], [ 36.852810436785155, -1.262576285711056 ], [ 36.852949034046475, -1.262539328387609 ], [ 36.853092833946626, -1.262510728298652 ], [ 36.853194216400638, -1.262495366790082 ], [ 36.853296568381403, -1.262489376934761 ], [ 36.853408668330857, -1.262487976851968 ], [ 36.853500598790745, -1.262490619870425 ], [ 36.853592005972622, -1.262500826379651 ], [ 36.853682276634316, -1.262518527906562 ], [ 36.853833576625966, -1.262554727788308 ], [ 36.853920136546535, -1.262579161269608 ], [ 36.854004476915065, -1.262610486325469 ], [ 36.854090596001562, -1.262646476888353 ], [ 36.85411545901772, -1.262649602424629 ], [ 36.854156145071975, -1.262655480173358 ], [ 36.854265745052345, -1.262673380087525 ], [ 36.854387190304642, -1.262700234721882 ], [ 36.85447455598478, -1.26272472824657 ], [ 36.854560983420001, -1.262744740321661 ], [ 36.854653984558759, -1.262761488626076 ], [ 36.854713984584606, -1.262770445150962 ], [ 36.854715881668291, -1.262770302310271 ], [ 36.854882306862514, -1.26274463105738 ], [ 36.854967106795989, -1.262734853993849 ], [ 36.854967986652589, -1.262734820309423 ], [ 36.854914116512397, -1.262677711546791 ], [ 36.854877225318219, -1.262636632204461 ], [ 36.854743625481035, -1.262480332183966 ], [ 36.854683920857234, -1.262404089854133 ], [ 36.854630937519616, -1.262322971632265 ], [ 36.854605853603758, -1.262276274363262 ], [ 36.854554601720366, -1.262235392686917 ], [ 36.854524555643422, -1.262208909323868 ], [ 36.854493809503047, -1.262183252830044 ], [ 36.854483128128891, -1.262172394077372 ], [ 36.854471706822608, -1.262162327052636 ], [ 36.854444384507644, -1.26213300706662 ], [ 36.854416284975819, -1.262104440904759 ], [ 36.85429468511802, -1.261968040880762 ], [ 36.854215838722617, -1.261868888708571 ], [ 36.854152053676493, -1.261800085516084 ], [ 36.854074965901447, -1.261707465684381 ], [ 36.854001666002802, -1.261609165684728 ], [ 36.85392564791178, -1.261492950880697 ], [ 36.853894167479467, -1.261437693379746 ], [ 36.85382782849809, -1.261373683509119 ], [ 36.85376479422564, -1.261322835379508 ], [ 36.853706631977232, -1.261270525835645 ], [ 36.85368430118298, -1.261257379068385 ], [ 36.853606657745459, -1.261202306916607 ], [ 36.853533916851312, -1.261140826751586 ], [ 36.853429025975188, -1.261044271443229 ], [ 36.853415785574597, -1.2610338000072 ], [ 36.853375608476135, -1.261005111206821 ], [ 36.853274286609583, -1.260923507458062 ], [ 36.853217086662646, -1.260871707435719 ], [ 36.85313227886644, -1.26078621996845 ], [ 36.853073278935483, -1.260720019956841 ], [ 36.853063721285025, -1.260708094732482 ], [ 36.853056300880588, -1.26070792109931 ], [ 36.852938185184286, -1.26069245412234 ], [ 36.852822361993304, -1.260664480605112 ], [ 36.852750945520505, -1.260638921213759 ], [ 36.852727521571914, -1.260635914264632 ], [ 36.852644479939848, -1.260630825937712 ], [ 36.852531036010447, -1.260612019172628 ], [ 36.85242009763013, -1.260581634685681 ], [ 36.85231282798626, -1.260539991060464 ], [ 36.852210351798924, -1.260487524932316 ], [ 36.852153151826755, -1.260454424895464 ], [ 36.852056048946956, -1.260391327579679 ], [ 36.851965905233193, -1.260318517380396 ], [ 36.851883675876238, -1.260236765820326 ], [ 36.85172718174055, -1.26006428261076 ], [ 36.851686076151132, -1.260023244574053 ], [ 36.85162853356595, -1.259961316309321 ], [ 36.851623225031631, -1.25995466686593 ], [ 36.851621333120157, -1.259954096487631 ], [ 36.851474733142616, -1.259900496377264 ], [ 36.851378845625085, -1.259860292574455 ], [ 36.851287059853128, -1.259811341977838 ], [ 36.851257491883338, -1.259791852484154 ], [ 36.851013753355844, -1.259726278761611 ], [ 36.85099100843982, -1.259719900990198 ], [ 36.850776508446849, -1.259657300824226 ], [ 36.850669180927987, -1.259619960247907 ], [ 36.850566149692291, -1.259571899333277 ], [ 36.850468468619255, -1.259513609685512 ], [ 36.850377136862313, -1.259445687536586 ], [ 36.850293088628916, -1.259368827646434 ], [ 36.850217183624778, -1.259283816196414 ], [ 36.850150198260273, -1.259191522747641 ], [ 36.85009281770887, -1.259092891346359 ], [ 36.850045628898741, -1.258988930867637 ], [ 36.850009114509369, -1.258880704695774 ], [ 36.849986067352091, -1.258779901417729 ], [ 36.849670523876, -1.258791371110469 ], [ 36.849556989185814, -1.258789715637171 ], [ 36.849444201160537, -1.258776527479927 ], [ 36.849333313237466, -1.258751941511232 ], [ 36.849225459421731, -1.258716209164262 ], [ 36.848971715738976, -1.258617569179189 ], [ 36.848743636664103, -1.258530792945346 ], [ 36.848540721511391, -1.258463244463161 ], [ 36.848433478988483, -1.258421295045385 ], [ 36.848331064809678, -1.25836851971672 ], [ 36.848241404704467, -1.258309947741346 ], [ 36.848261431876445, -1.257906430852844 ], [ 36.848391494103225, -1.257028914300794 ], [ 36.848606386178382, -1.25616845410269 ], [ 36.848677970758857, -1.255967610875005 ], [ 36.848680934402132, -1.255968264595227 ], [ 36.848785737368104, -1.256002510450366 ], [ 36.848886700666235, -1.256046930604453 ], [ 36.848982851963981, -1.256101097269219 ], [ 36.848991369701849, -1.256107069314671 ], [ 36.849065473119538, -1.25612732238524 ], [ 36.849175854455645, -1.256170499024384 ], [ 36.849254554478946, -1.256206198968003 ], [ 36.84936194982113, -1.256262102554731 ], [ 36.849462750166829, -1.256329304900056 ], [ 36.849555786670663, -1.256407026752695 ], [ 36.849580834121966, -1.256433010215566 ], [ 36.849769516738498, -1.25650479714486 ], [ 36.84977703958824, -1.256507690393897 ], [ 36.849819667265052, -1.256524261351964 ], [ 36.849982875139595, -1.256518328653597 ], [ 36.850032037969314, -1.256517625774185 ], [ 36.850496937774466, -1.256521225426329 ], [ 36.850547809618064, -1.25652278033737 ], [ 36.850948409477745, -1.256544180031212 ], [ 36.851057708139159, -1.256555436629355 ], [ 36.851165390487949, -1.256577390944626 ], [ 36.851270425473565, -1.256609832768437 ], [ 36.851427725497267, -1.256667032649907 ], [ 36.85153045944989, -1.256710300752676 ], [ 36.851628429514058, -1.256763599167745 ], [ 36.851720671908161, -1.25682640357393 ], [ 36.851806279196055, -1.256898096134563 ], [ 36.851884409214037, -1.256977971575265 ], [ 36.851954293355725, -1.257065244122179 ], [ 36.85201524413332, -1.257159055231904 ], [ 36.852066661940846, -1.25725848203745 ], [ 36.852108040952892, -1.25736254642693 ], [ 36.852138974100818, -1.25747022466578 ], [ 36.852159157077331, -1.257580457467774 ], [ 36.852168157118818, -1.257648357512886 ], [ 36.852172719638958, -1.257705904824298 ], [ 36.852251177316681, -1.257739144556755 ], [ 36.852341785836501, -1.257787776852289 ], [ 36.852396755955908, -1.257824135590171 ], [ 36.852414195714374, -1.257828312637188 ], [ 36.852467063472552, -1.257839446749079 ], [ 36.85257003547175, -1.25786631455498 ], [ 36.852670019161891, -1.257902869683174 ], [ 36.852738019178332, -1.257931469633457 ], [ 36.852835738107288, -1.257978257162134 ], [ 36.852928528344734, -1.258034295271226 ], [ 36.853015528029687, -1.258099063465937 ], [ 36.85307632807983, -1.258149063437921 ], [ 36.853154895692796, -1.258220133426688 ], [ 36.853226479788361, -1.258298320344036 ], [ 36.853290446762365, -1.25838293214578 ], [ 36.853310233122116, -1.25841495704475 ], [ 36.853392587345418, -1.258411810215625 ], [ 36.853510255792663, -1.258419773278484 ], [ 36.853626445334442, -1.258440114681757 ], [ 36.853686120198077, -1.258453846271585 ], [ 36.853727493286563, -1.258460732573123 ], [ 36.853887497087676, -1.258499674575124 ], [ 36.853942897092288, -1.25851757453272 ], [ 36.854034637513926, -1.258551719762614 ], [ 36.85412307735308, -1.258593771471493 ], [ 36.854207545469215, -1.258643410544672 ], [ 36.854243345490275, -1.258666610523308 ], [ 36.854331598743876, -1.258730073702985 ], [ 36.854413356383702, -1.258801811349961 ], [ 36.854487855488934, -1.258881154047642 ], [ 36.854539655552273, -1.258941954039929 ], [ 36.85459772822098, -1.259016183498314 ], [ 36.854643725498384, -1.259086325288314 ], [ 36.854678376544669, -1.259120308991185 ], [ 36.854759631631936, -1.259220673834384 ], [ 36.854763204385861, -1.25922564303844 ], [ 36.854781631188743, -1.259239495567493 ], [ 36.854849531241918, -1.259293195534438 ], [ 36.854913582463659, -1.259347872240881 ], [ 36.854957665938265, -1.259388452337872 ], [ 36.855025722319532, -1.259430835563296 ], [ 36.855102622372492, -1.25948623552156 ], [ 36.855187692607394, -1.259554009424315 ], [ 36.855265866748148, -1.259629730745799 ], [ 36.855289766689665, -1.259657836102552 ], [ 36.855345925812088, -1.259707407901124 ], [ 36.855489038402048, -1.259845495545552 ], [ 36.855540584460769, -1.259892670434554 ], [ 36.855625222241599, -1.259978918721937 ], [ 36.855700194253991, -1.26007379558429 ], [ 36.855764637823832, -1.260176209314513 ], [ 36.855788772531788, -1.26021954405902 ], [ 36.855831057716529, -1.260293707098935 ], [ 36.85583761647559, -1.260305219523352 ], [ 36.855908346025608, -1.260381513358974 ], [ 36.855987669899427, -1.260479297613575 ], [ 36.856060288923103, -1.26052455657909 ], [ 36.856144888978221, -1.260583256531448 ], [ 36.856235114521517, -1.260652897549206 ], [ 36.856317879777293, -1.260731365675547 ], [ 36.856392336026857, -1.260817856260049 ], [ 36.856457719755902, -1.260911482385468 ], [ 36.856513360484129, -1.261011283962608 ], [ 36.856558687640778, -1.261116237575613 ], [ 36.856572411482368, -1.261153002956164 ], [ 36.856854170691889, -1.261451700472443 ], [ 36.857074981966548, -1.261341329981527 ], [ 36.857172337899165, -1.261298324226438 ], [ 36.857273298777649, -1.261264779305891 ], [ 36.857376959375664, -1.261240995989401 ], [ 36.857482390260593, -1.261227187522991 ], [ 36.857669690157827, -1.261211687391879 ], [ 36.857795019515912, -1.261208384297901 ], [ 36.857919933478044, -1.261219164710459 ], [ 36.858031158594336, -1.261235099805332 ], [ 36.858056998588367, -1.261231730181517 ], [ 36.858156194373379, -1.26122769459143 ], [ 36.858255356596523, -1.261232493682849 ], [ 36.858422856547826, -1.261248093553529 ], [ 36.858525151885878, -1.261262422020054 ], [ 36.858625706380721, -1.261286150409073 ], [ 36.85894000638698, -1.261375850166119 ], [ 36.858990446168015, -1.261392984689463 ], [ 36.859039748146522, -1.261386529154611 ], [ 36.8591476236261, -1.261377698539704 ], [ 36.859177700926395, -1.261378161048554 ], [ 36.859320203122309, -1.261324208165425 ], [ 36.859342679610371, -1.261283294369309 ], [ 36.859407305524982, -1.261189462967368 ], [ 36.859481007960603, -1.261102673354251 ], [ 36.859563034679972, -1.261023811341881 ], [ 36.859652548484853, -1.260953681830073 ], [ 36.85977516374647, -1.26086726317105 ], [ 36.859873075825796, -1.260790505858182 ], [ 36.859878201181196, -1.260786481035398 ], [ 36.859912424983371, -1.260755411999169 ], [ 36.860000736609983, -1.260689772294991 ], [ 36.860094994899463, -1.260633126494927 ], [ 36.860194298784819, -1.260586016109564 ], [ 36.860297698965262, -1.260548891495342 ], [ 36.860392598775277, -1.260525026706124 ], [ 36.860480069439291, -1.260479725283706 ], [ 36.86059058751831, -1.26043662922672 ], [ 36.860600819518943, -1.260433845276323 ], [ 36.86064209716011, -1.260387452266876 ], [ 36.860729226470319, -1.260308060826574 ], [ 36.860799875999732, -1.260256103491973 ], [ 36.860798152766712, -1.260248466055605 ], [ 36.860786261791908, -1.260178507260964 ], [ 36.860779371530469, -1.260138248318371 ], [ 36.860768057256706, -1.260052751823331 ], [ 36.860763254293666, -1.259966635842752 ], [ 36.860760754357564, -1.259826135945105 ], [ 36.860763419002865, -1.259725506568777 ], [ 36.860774969975736, -1.259625515063717 ], [ 36.860812770017731, -1.259390215246194 ], [ 36.860830292659884, -1.259303057633187 ], [ 36.860854569601322, -1.259217556495431 ], [ 36.860874369595621, -1.259156956541249 ], [ 36.860900985111506, -1.259075509094903 ], [ 36.860938653316538, -1.258976231091342 ], [ 36.860985420131868, -1.258880953223787 ], [ 36.861040872015494, -1.258790517999985 ], [ 36.861101858194729, -1.258700789791882 ], [ 36.861144016272036, -1.258618058088528 ], [ 36.861206497242264, -1.258510495067482 ], [ 36.861280363069802, -1.258410508613484 ], [ 36.86129956305043, -1.258387308623785 ], [ 36.861299637153806, -1.258387219214594 ], [ 36.861299638113394, -1.258387217932275 ], [ 36.861299639221009, -1.25838721672042 ], [ 36.861300610332869, -1.258386045028575 ], [ 36.861342610290436, -1.25833544505093 ], [ 36.861404627563324, -1.258266680733631 ], [ 36.861472045086664, -1.258203273759085 ], [ 36.86154440758564, -1.258145652319645 ], [ 36.861589407539292, -1.258112752318163 ], [ 36.861597710325732, -1.258107295847455 ], [ 36.861605681612147, -1.258101075424976 ], [ 36.86164609859388, -1.258075495778305 ], [ 36.861682968934112, -1.258051265122498 ], [ 36.861691087094684, -1.258047022844278 ], [ 36.861698961467177, -1.258042039204106 ], [ 36.861742545172135, -1.258020132578727 ], [ 36.861782139025145, -1.25799944215713 ], [ 36.861789921451937, -1.257996319676469 ], [ 36.861797541383346, -1.257992489643962 ], [ 36.861843992797191, -1.257974625063105 ], [ 36.861885935677762, -1.257957796654976 ], [ 36.861893248397692, -1.257955682028416 ], [ 36.861900471984875, -1.257952903934768 ], [ 36.861949462909209, -1.257939426420489 ], [ 36.8619933309378, -1.257926741056264 ], [ 36.862000059014697, -1.257925507315635 ], [ 36.862006761996362, -1.257923663309863 ], [ 36.862057942692303, -1.257914893071446 ], [ 36.862087165276421, -1.257909534467845 ], [ 36.862093053395625, -1.257906590403541 ], [ 36.862159129224075, -1.257876193873616 ], [ 36.862224228056952, -1.257848773287312 ], [ 36.862264358085959, -1.257822019900609 ], [ 36.8622783168815, -1.257812931061571 ], [ 36.862279268569566, -1.257812249742329 ], [ 36.862280093700008, -1.257811774140995 ], [ 36.862284747146084, -1.257808744193096 ], [ 36.862473646956246, -1.257688644164931 ], [ 36.862493073972423, -1.257678042994314 ], [ 36.862553453935043, -1.257642399526806 ], [ 36.862586586215421, -1.257627014089783 ], [ 36.862604988159831, -1.257616972290576 ], [ 36.862716488056911, -1.257565472251118 ], [ 36.862771462259467, -1.257541842678228 ], [ 36.862783946689333, -1.257536867670184 ], [ 36.86284597236844, -1.257512037722115 ], [ 36.862899213223855, -1.257490681740706 ], [ 36.862901076185871, -1.257489936408095 ], [ 36.862942676149267, -1.257473336390495 ], [ 36.863039842888824, -1.257439654993053 ], [ 36.863056637159062, -1.257434686261211 ], [ 36.863155831514618, -1.257405317463889 ], [ 36.863156207411251, -1.257405208240986 ], [ 36.86315624409098, -1.257405195397455 ], [ 36.863156289758159, -1.25740518431374 ], [ 36.863166712231461, -1.257402155893933 ], [ 36.863233308884503, -1.257383170827149 ], [ 36.863292457608097, -1.257366260954392 ], [ 36.863302860310149, -1.257362791455219 ], [ 36.863334786035921, -1.257299868847823 ], [ 36.863435585953972, -1.257116068967656 ], [ 36.863442481964618, -1.257103679331536 ], [ 36.863536581886216, -1.256937079438424 ], [ 36.863568807355307, -1.256883534088005 ], [ 36.863663607269238, -1.256735434175458 ], [ 36.863682281888842, -1.256707199813237 ], [ 36.863763781812231, -1.256587899879898 ], [ 36.863833705642527, -1.25649600685661 ], [ 36.863912601436837, -1.256411794470853 ], [ 36.86399964158678, -1.256336146103317 ], [ 36.864093913050553, -1.256269855299315 ], [ 36.864233012911185, -1.256182355277456 ], [ 36.864334242353095, -1.256125764366704 ], [ 36.864440724278111, -1.256079967909262 ], [ 36.864551326188241, -1.256045452980062 ], [ 36.864664871766671, -1.256022586668474 ], [ 36.864778471695075, -1.256005786594118 ], [ 36.864898578357177, -1.255994614987241 ], [ 36.865019182652297, -1.255996475210455 ], [ 36.865138892820568, -1.256011345800068 ], [ 36.865255292802878, -1.256032245709293 ], [ 36.865344130170115, -1.256051964471443 ], [ 36.865431089952651, -1.256078856958863 ], [ 36.865486383140691, -1.256098456990305 ], [ 36.86553850052605, -1.256090020192516 ], [ 36.86568942607046, -1.256076016588179 ], [ 36.865759525169736, -1.256074295973295 ], [ 36.865797944616425, -1.256182647446049 ], [ 36.866011435850091, -1.257043471282119 ], [ 36.866140067606253, -1.25792121186887 ], [ 36.866159900879929, -1.258334446941612 ], [ 36.866131962450019, -1.258338252144951 ], [ 36.866021845987035, -1.258342280323952 ], [ 36.865994375385, -1.258341927549975 ], [ 36.865946816932542, -1.258340301826186 ], [ 36.865825817721735, -1.258333579559181 ], [ 36.865820106572265, -1.258333719733636 ], [ 36.865703598717964, -1.25835257992345 ], [ 36.865595842008361, -1.258364686688548 ], [ 36.865464841940152, -1.258372986595711 ], [ 36.865377492582866, -1.25837509244779 ], [ 36.865322847317536, -1.258372125742183 ], [ 36.865648186511962, -1.259054427366706 ], [ 36.865894990561756, -1.259572035020387 ], [ 36.865907816625146, -1.259600249759357 ], [ 36.866081298487387, -1.259937956927301 ], [ 36.86609401274373, -1.259963492956249 ], [ 36.866097535051566, -1.259970796350425 ], [ 36.866008566751717, -1.260571076194214 ], [ 36.865793675113316, -1.261431547028516 ], [ 36.865496020805018, -1.262266674306541 ], [ 36.865430983942161, -1.262404782374965 ], [ 36.865325567539834, -1.262395432023751 ], [ 36.865217280348872, -1.262374914348144 ], [ 36.865111512711934, -1.262343812564731 ], [ 36.865009283229078, -1.26230242620302 ], [ 36.864911576425477, -1.262251153838464 ], [ 36.864819333269935, -1.262190489253874 ], [ 36.8647334421129, -1.262121016683891 ], [ 36.864654730131164, -1.262043405188538 ], [ 36.864583955361859, -1.261958402209661 ], [ 36.864521799402148, -1.261866826372642 ], [ 36.864468860845236, -1.261769559602669 ], [ 36.864412432276033, -1.261652601360821 ], [ 36.864108765883998, -1.261833056367475 ], [ 36.864095417361966, -1.261840864711721 ], [ 36.864066255859143, -1.261857654124404 ], [ 36.864229101908279, -1.262230295318876 ], [ 36.864268463405089, -1.262333882521637 ], [ 36.864297547529475, -1.262440854075482 ], [ 36.864316074183066, -1.262550179784187 ], [ 36.86432386494198, -1.262660806779432 ], [ 36.864320844775264, -1.262771669660539 ], [ 36.864307042767543, -1.262881700755005 ], [ 36.864282591838943, -1.262989840400776 ], [ 36.864247727465056, -1.263095047151568 ], [ 36.864202785409148, -1.263196307806542 ], [ 36.864148198488607, -1.263292647168179 ], [ 36.86408449240664, -1.263383137433994 ], [ 36.864012280689366, -1.263466907131837 ], [ 36.863932258777233, -1.263543149512728 ], [ 36.863845197327379, -1.26361113032029 ], [ 36.863751934791772, -1.263670194862146 ], [ 36.863750972749003, -1.263670678779771 ], [ 36.86374353617709, -1.263679003860049 ], [ 36.863662188636951, -1.2637538115819 ], [ 36.863573947656313, -1.263820233861635 ], [ 36.863479663046668, -1.263877631016395 ], [ 36.863380242823048, -1.263925450280698 ], [ 36.863276644459233, -1.263963231129835 ], [ 36.863169865666656, -1.263990609714947 ], [ 36.863060934785771, -1.264007322367031 ], [ 36.862950900882517, -1.264013208136136 ], [ 36.862840823645143, -1.264008210341357 ], [ 36.862798736459837, -1.264002100191271 ], [ 36.862798043821535, -1.264003986613717 ], [ 36.862749900917969, -1.264103745656853 ], [ 36.862692274793964, -1.264198274864002 ], [ 36.862625720422059, -1.264286663865591 ], [ 36.862550878759116, -1.264368061425914 ], [ 36.862468470573468, -1.2644416836411 ], [ 36.86237928950348, -1.26450682148858 ], [ 36.862284194414244, -1.264562847655374 ], [ 36.862184101126168, -1.264609222579408 ], [ 36.862079973594994, -1.26464549964585 ], [ 36.861972814628288, -1.264671329488111 ], [ 36.861863656227762, -1.264686463352496 ], [ 36.861818043246238, -1.264688241424522 ], [ 36.861733012794723, -1.264726541184882 ], [ 36.861628508346833, -1.264761703070509 ], [ 36.86152108288028, -1.264786385918366 ], [ 36.861411770963286, -1.264800352020962 ], [ 36.861301625331279, -1.264803466879185 ], [ 36.861284620513743, -1.264802265391045 ], [ 36.86123372921746, -1.264849058969785 ], [ 36.861145483871788, -1.264915475129203 ], [ 36.861051195511379, -1.26497286576622 ], [ 36.860951772187413, -1.2650206781781 ], [ 36.860848171403511, -1.265058451906124 ], [ 36.860741390894425, -1.265085823170044 ], [ 36.86071856460768, -1.265089323685948 ], [ 36.860676455362025, -1.265163259571893 ], [ 36.860612549987728, -1.265253607093676 ], [ 36.86054015383251, -1.26533721507854 ], [ 36.860459964113033, -1.265413278334906 ], [ 36.860372753102553, -1.26548106433147 ], [ 36.860279360693376, -1.265539920251984 ] ] ], [ [ [ 36.891520476149722, -1.259256889552604 ], [ 36.891579771728303, -1.25914809188858 ], [ 36.891650561088596, -1.259046493241695 ], [ 36.891731990761514, -1.258953318533402 ], [ 36.891836690654245, -1.258846018567188 ], [ 36.891855890709621, -1.258826810457646 ], [ 36.891893950760569, -1.258789641640811 ], [ 36.891913890875799, -1.258740336131677 ], [ 36.891962525264269, -1.258646388700705 ], [ 36.892019685844673, -1.258557437367016 ], [ 36.892084870376621, -1.258474263700611 ], [ 36.892157506117542, -1.2583975985063 ], [ 36.892236954855072, -1.258328115402553 ], [ 36.892322518514597, -1.258266424902718 ], [ 36.892413445292867, -1.258213069050804 ], [ 36.892508936263582, -1.258168516658749 ], [ 36.892726036072375, -1.258079416571253 ], [ 36.892796987561042, -1.258053065667237 ], [ 36.892868560742535, -1.258029207887366 ], [ 36.892934536262537, -1.257998912398372 ], [ 36.893016076693172, -1.257965294605424 ], [ 36.893137376590325, -1.25792079455095 ], [ 36.893235963453506, -1.25788971819742 ], [ 36.893307799377652, -1.257874196355671 ], [ 36.893339751353494, -1.25784048204425 ], [ 36.893425825519245, -1.257766312893583 ], [ 36.893518888267096, -1.257701252620687 ], [ 36.893617991907611, -1.257645963758493 ], [ 36.89379519174242, -1.257558563703431 ], [ 36.89383813657998, -1.257538500874396 ], [ 36.893939649784492, -1.257493669626109 ], [ 36.894136233195184, -1.257402695837481 ], [ 36.894195935350567, -1.257377143403801 ], [ 36.894458835122286, -1.257273543293339 ], [ 36.894535272063429, -1.257246579580121 ], [ 36.894840571818705, -1.257151179426409 ], [ 36.89485777170048, -1.257145956271866 ], [ 36.895129405737535, -1.257065848720971 ], [ 36.895247218490248, -1.257030298723252 ], [ 36.895277700289903, -1.25701554229608 ], [ 36.895395503088189, -1.25696659138355 ], [ 36.89546174125568, -1.256947566960934 ], [ 36.895486486282145, -1.256926596392667 ], [ 36.895571820142116, -1.25686103156141 ], [ 36.895662985078765, -1.256803968792493 ], [ 36.895759147724554, -1.256755929716671 ], [ 36.895859429026139, -1.256717353476452 ], [ 36.895962912280076, -1.256688592711686 ], [ 36.89606865151255, -1.256669910335897 ], [ 36.896273451389192, -1.256643810201074 ], [ 36.896280428018585, -1.256642943408149 ], [ 36.896406827943466, -1.256627643324391 ], [ 36.896411540641509, -1.256627083041157 ], [ 36.898093412203067, -1.256430754141934 ], [ 36.898294129438405, -1.256291690227306 ], [ 36.89831296823273, -1.256278918761478 ], [ 36.898546067999725, -1.256124318735791 ], [ 36.898581072634784, -1.256102023473332 ], [ 36.898737972480525, -1.256006123446302 ], [ 36.898821242244516, -1.255959966028681 ], [ 36.89899586009664, -1.255872656970547 ], [ 36.899029259222893, -1.255846722440654 ], [ 36.899062801972327, -1.255784295060244 ], [ 36.89914120190722, -1.255649295144484 ], [ 36.899199836020976, -1.255558596337788 ], [ 36.899266819604918, -1.255473957308599 ], [ 36.899341538585062, -1.25539615398888 ], [ 36.899423307973059, -1.25532589964423 ], [ 36.899511378145725, -1.255263838335052 ], [ 36.89960494171725, -1.255210539011991 ], [ 36.899660747826388, -1.255182209140237 ], [ 36.89976144974311, -1.255137182952108 ], [ 36.899866051615483, -1.25510230818819 ], [ 36.899973546072765, -1.255077920713014 ], [ 36.900082897886776, -1.255064255393089 ], [ 36.900193053941649, -1.255061443834969 ], [ 36.900302953375842, -1.25506951311777 ], [ 36.900411537798739, -1.255088385532277 ], [ 36.900517761483506, -1.25511787932922 ], [ 36.900620601437986, -1.255157710469535 ], [ 36.900689787800822, -1.255192691496853 ], [ 36.900418707651426, -1.255768367892689 ], [ 36.899964901953801, -1.256529026797845 ], [ 36.899439204472777, -1.257241252736601 ], [ 36.89884667807754, -1.257898186499686 ], [ 36.898193029258636, -1.258493501398474 ], [ 36.897873111446479, -1.258731907145221 ], [ 36.896675165346856, -1.258871744372562 ], [ 36.896618704575772, -1.258915121283144 ], [ 36.89652745501995, -1.258972221299276 ], [ 36.89643120071802, -1.259020281422309 ], [ 36.896330823062868, -1.259058861571623 ], [ 36.896227241204407, -1.259087608474036 ], [ 36.896134479812147, -1.259108602903568 ], [ 36.896060126936284, -1.259141044929375 ], [ 36.895976753531983, -1.259169838051758 ], [ 36.895770953369002, -1.25923193794607 ], [ 36.895764228091601, -1.259233944266285 ], [ 36.895497848588782, -1.259312501803777 ], [ 36.895239829500838, -1.259393127294838 ], [ 36.895044882374236, -1.25946994921609 ], [ 36.894897121782861, -1.259538328821436 ], [ 36.89487817980951, -1.259564839648799 ], [ 36.894806896216316, -1.259646676256251 ], [ 36.894728122128754, -1.259721232139126 ], [ 36.894642588091429, -1.259787815873731 ], [ 36.894551087340183, -1.259845809969635 ], [ 36.894517287307437, -1.259865009962074 ], [ 36.894412949558898, -1.259917287691756 ], [ 36.894303789769879, -1.259958397954167 ], [ 36.894170189662027, -1.260000897887634 ], [ 36.894068143274438, -1.260028121542345 ], [ 36.894000982662966, -1.260039380365222 ], [ 36.893917554961362, -1.260068664449473 ], [ 36.893807080612142, -1.260095211403909 ], [ 36.893768348327711, -1.26010043363556 ], [ 36.893745363458571, -1.260110988086875 ], [ 36.893720919603552, -1.260120641569683 ], [ 36.89361868917598, -1.260245167737877 ], [ 36.893535009868586, -1.260336390090227 ], [ 36.893460149372466, -1.260409497513473 ], [ 36.893417952523464, -1.260491655066986 ], [ 36.893373256410129, -1.26049829095704 ], [ 36.892492754050664, -1.260541109128152 ], [ 36.891612322225313, -1.260496856180034 ], [ 36.891098498005711, -1.260419714561646 ], [ 36.891100694908296, -1.260389490925558 ], [ 36.891119468117267, -1.260280205870655 ], [ 36.891148793627814, -1.260173299092532 ], [ 36.891156188441016, -1.260153969691825 ], [ 36.891160076042674, -1.260136402072495 ], [ 36.891186976046583, -1.260029102154325 ], [ 36.891224167986493, -1.259909256318088 ], [ 36.891267067967959, -1.259793956402602 ], [ 36.891291913117314, -1.259732703480533 ], [ 36.891350913081254, -1.259598603575089 ], [ 36.891380145497756, -1.259537224178866 ], [ 36.891474229902869, -1.259354041184638 ], [ 36.891520476149722, -1.259256889552604 ] ] ], [ [ [ 36.886039475339466, -1.255646783085212 ], [ 36.886098955476164, -1.255540640283795 ], [ 36.88616944473717, -1.255441560517181 ], [ 36.886250123533003, -1.255350695802445 ], [ 36.88631472346654, -1.255285395822173 ], [ 36.886389800018826, -1.25521609721792 ], [ 36.886470807583372, -1.255153932141547 ], [ 36.886557079416157, -1.255099412252885 ], [ 36.886647905444832, -1.255052986287152 ], [ 36.886742538112969, -1.255015036361499 ], [ 36.886959770884872, -1.254939220785093 ], [ 36.887123561559896, -1.254860520869795 ], [ 36.887148747615377, -1.254849865612451 ], [ 36.887151985494746, -1.254827964623703 ], [ 36.887171407131881, -1.254727865381575 ], [ 36.887199715785258, -1.254629936066175 ], [ 36.887236680900116, -1.254534974243719 ], [ 36.887307880855886, -1.254373874357194 ], [ 36.887356009580877, -1.254277616708562 ], [ 36.887413028167991, -1.254186410302232 ], [ 36.8874784182171, -1.254101084367035 ], [ 36.887551585216777, -1.254022414668033 ], [ 36.887631863949437, -1.253951116453513 ], [ 36.887797963778453, -1.253817216463542 ], [ 36.887894544027453, -1.253747472556959 ], [ 36.888138770096219, -1.253590121994077 ], [ 36.88834709914736, -1.25345497605559 ], [ 36.888488225548137, -1.253377227082861 ], [ 36.888661725389618, -1.253297327022201 ], [ 36.888776626415989, -1.253251922940352 ], [ 36.888895784891453, -1.253219487639495 ], [ 36.889017760715994, -1.253200413122473 ], [ 36.889192560616891, -1.253182913003821 ], [ 36.88928933209835, -1.253177455838502 ], [ 36.889386210644787, -1.253180418689368 ], [ 36.889432611673797, -1.253185894815165 ], [ 36.889484599003779, -1.253087620594545 ], [ 36.889540402523835, -1.252917874128962 ], [ 36.889650691443556, -1.252581156660246 ], [ 36.889718991178732, -1.252361690819839 ], [ 36.8897742843548, -1.25221881661909 ], [ 36.889941584242479, -1.251860516866763 ], [ 36.890002146722381, -1.251747875383993 ], [ 36.890074983027844, -1.251642854195155 ], [ 36.890159157695372, -1.251546802127599 ], [ 36.89036515748402, -1.251337002192163 ], [ 36.890441936109099, -1.251265760369029 ], [ 36.890524958468021, -1.25120200585552 ], [ 36.890613506463779, -1.251146290094206 ], [ 36.890706814205657, -1.251099094997095 ], [ 36.890804074633657, -1.251060828777328 ], [ 36.89090444649905, -1.251031822418426 ], [ 36.891007061640707, -1.25101232681127 ], [ 36.891111032494095, -1.251002510584146 ], [ 36.891396132352845, -1.25098901038216 ], [ 36.891507491718329, -1.250989301381045 ], [ 36.891618274789501, -1.251000693249951 ], [ 36.891727391907182, -1.251023073941189 ], [ 36.891786811852924, -1.251041590330074 ], [ 36.891766722604103, -1.250886227968413 ], [ 36.891720314977604, -1.250610380155015 ], [ 36.891706953748326, -1.250495521518916 ], [ 36.891705324400618, -1.250379889921484 ], [ 36.89171652451364, -1.250075390146763 ], [ 36.891726227756003, -1.249963212872345 ], [ 36.891746973702304, -1.249852564254456 ], [ 36.891778556403374, -1.249744542719159 ], [ 36.891893456362645, -1.249413442964185 ], [ 36.891953232851961, -1.249272644168745 ], [ 36.892020089308332, -1.249140702724278 ], [ 36.892025774912526, -1.249064939829069 ], [ 36.892056775586298, -1.24881886117586 ], [ 36.892081653292543, -1.248530076745278 ], [ 36.892094583522216, -1.248431061377901 ], [ 36.89211614797982, -1.248333581506322 ], [ 36.89214617827421, -1.248238398322561 ], [ 36.892184439907155, -1.248146255084518 ], [ 36.892236329527321, -1.248035339363505 ], [ 36.892283514653101, -1.247897516584878 ], [ 36.89232472071658, -1.247794035885609 ], [ 36.892375855887565, -1.247695144853896 ], [ 36.892436422580381, -1.247601805777993 ], [ 36.892505831433404, -1.247514926921501 ], [ 36.892583407044022, -1.247435353685179 ], [ 36.892668394540742, -1.247363860380655 ], [ 36.892759966928622, -1.247301142695679 ], [ 36.892857233136525, -1.247247810924564 ], [ 36.892959246687802, -1.247204384029576 ], [ 36.893065014910263, -1.247171284590839 ], [ 36.893173508595503, -1.24714883469439 ], [ 36.893283672013901, -1.247137252797889 ], [ 36.893394433187588, -1.247136651604759 ], [ 36.893504714321651, -1.247147036967422 ], [ 36.893572801589713, -1.247160357136871 ], [ 36.893654158599325, -1.24714408188501 ], [ 36.893818358496759, -1.247119781779074 ], [ 36.89392392616665, -1.247109846207535 ], [ 36.893916457983053, -1.246953916369383 ], [ 36.893915162564959, -1.246903474819556 ], [ 36.893913762736929, -1.246502875109393 ], [ 36.893922771264535, -1.246355975133275 ], [ 36.893977871365287, -1.245920975464073 ], [ 36.89399753470321, -1.245810108713471 ], [ 36.894028063398324, -1.245701762178819 ], [ 36.894069154292104, -1.245597011769449 ], [ 36.894120399340963, -1.245496897684335 ], [ 36.894181289668182, -1.245402414082696 ], [ 36.8942512206172, -1.245314499211849 ], [ 36.894329497755933, -1.245234026090127 ], [ 36.894415343772607, -1.245161793837657 ], [ 36.894525543660222, -1.245078093837995 ], [ 36.894612247891935, -1.245018433311231 ], [ 36.894704111289101, -1.244967187758469 ], [ 36.894800330094441, -1.244924805553698 ], [ 36.894802553635138, -1.244924066515739 ], [ 36.894763337840359, -1.244777408451596 ], [ 36.894742629831676, -1.244684545205004 ], [ 36.894729758234917, -1.244590257574227 ], [ 36.89472481433387, -1.244495214243267 ], [ 36.894721636191136, -1.24418125995257 ], [ 36.894620811067824, -1.244139911112193 ], [ 36.894539621765645, -1.244101859103663 ], [ 36.894460867657337, -1.24409664502576 ], [ 36.894455972671672, -1.244134317043904 ], [ 36.894433175435665, -1.244235874703909 ], [ 36.894401188924839, -1.24433488970461 ], [ 36.894360284626536, -1.244430521649238 ], [ 36.894310809718682, -1.244521958855114 ], [ 36.894253184123073, -1.244608425242792 ], [ 36.894187896941204, -1.24468918692316 ], [ 36.894115502303002, -1.244763558426434 ], [ 36.893981002164466, -1.2448895584554 ], [ 36.893904871916554, -1.244954759301804 ], [ 36.893823282033473, -1.245012886979877 ], [ 36.893736879155171, -1.24506348080065 ], [ 36.893646348066838, -1.245106139784882 ], [ 36.893585120177107, -1.245131711591514 ], [ 36.893496119207185, -1.245195310125575 ], [ 36.893382330518548, -1.245266736429804 ], [ 36.893260892952028, -1.245323999309203 ], [ 36.893089192802712, -1.24539269923781 ], [ 36.892992830194167, -1.245426241187085 ], [ 36.892893841821312, -1.24545084661752 ], [ 36.892793043942248, -1.245466312634528 ], [ 36.892648250735512, -1.245481798113554 ], [ 36.892560346593875, -1.245506906548969 ], [ 36.892455247769263, -1.245531502042295 ], [ 36.892348288637344, -1.245545830337212 ], [ 36.892272088371108, -1.245548606646748 ], [ 36.892226707767065, -1.245554438388638 ], [ 36.892094138812233, -1.245563497159268 ], [ 36.891961434895038, -1.245556730358312 ], [ 36.891858255548819, -1.245545279234753 ], [ 36.89185333045225, -1.245566991468022 ], [ 36.891788330463228, -1.245832491670418 ], [ 36.891754208799284, -1.24594590108769 ], [ 36.891708476687121, -1.246055091144106 ], [ 36.891651636887936, -1.246158861445805 ], [ 36.891584731035877, -1.246267161042554 ], [ 36.891515595010226, -1.246390164814713 ], [ 36.891447189648794, -1.246497296659562 ], [ 36.891343189549985, -1.246641596735238 ], [ 36.89125301252961, -1.246751422173575 ], [ 36.89124393292542, -1.246761158777947 ], [ 36.891229784274302, -1.246783945132563 ], [ 36.891214172980334, -1.24680838243538 ], [ 36.891155774584249, -1.246897264423336 ], [ 36.891143151976586, -1.246929804817644 ], [ 36.891092944839052, -1.247029081046102 ], [ 36.89103327095556, -1.247122899972082 ], [ 36.891014353495684, -1.247149641161849 ], [ 36.890987783861874, -1.247206815354085 ], [ 36.890933361965473, -1.247309730514212 ], [ 36.890868695558709, -1.247406454978468 ], [ 36.890794472813212, -1.247495959418529 ], [ 36.890711483598125, -1.247577291340964 ], [ 36.890620611074375, -1.247649585223499 ], [ 36.890500510952627, -1.247735385217286 ], [ 36.890412608526454, -1.247792185829122 ], [ 36.890319842082313, -1.247840518788685 ], [ 36.890223014488654, -1.247879965789165 ], [ 36.890122963761904, -1.247910185429418 ], [ 36.890020555813607, -1.247930916168735 ], [ 36.889908955743024, -1.247948116097077 ], [ 36.889861709034491, -1.247952966942774 ], [ 36.889854333583166, -1.2479705280693 ], [ 36.889800746120784, -1.248080958595455 ], [ 36.889783846107122, -1.248111458615015 ], [ 36.889719485213774, -1.248214210964576 ], [ 36.889644539347977, -1.248309417383997 ], [ 36.889559874289617, -1.248395978043706 ], [ 36.889550145991684, -1.248403988771455 ], [ 36.889546912531031, -1.248454444520721 ], [ 36.889532844240037, -1.248557450367626 ], [ 36.889532802038218, -1.24859164141213 ], [ 36.889536314624628, -1.248655434500039 ], [ 36.889531785394347, -1.248764901219617 ], [ 36.889516746041444, -1.248873412108986 ], [ 36.889510746045723, -1.24890531213343 ], [ 36.889489839433502, -1.24899589566982 ], [ 36.88946160414141, -1.249084442474014 ], [ 36.889444504134254, -1.24913134250849 ], [ 36.8893973906778, -1.249241958801637 ], [ 36.889338857123398, -1.249346905150446 ], [ 36.889269567290164, -1.249444991376711 ], [ 36.889190306982677, -1.249535105102096 ], [ 36.889101975079186, -1.24961622436337 ], [ 36.889072241764467, -1.249640741284676 ], [ 36.889006423082556, -1.249699183684 ], [ 36.888928869848783, -1.249762114346526 ], [ 36.888846080133554, -1.249817878935183 ], [ 36.888758705594071, -1.249866038515339 ], [ 36.888667433975698, -1.249906214013329 ], [ 36.888531333858246, -1.249959013954889 ], [ 36.888427522275627, -1.249993545701945 ], [ 36.888320866055807, -1.250017751716007 ], [ 36.888277931485952, -1.250025306428505 ], [ 36.888253781472251, -1.250043273771908 ], [ 36.888151635745189, -1.250103649417818 ], [ 36.888043738887312, -1.250152858035376 ], [ 36.887881802954361, -1.250216577736255 ], [ 36.887808979552759, -1.250280473308929 ], [ 36.887721805299932, -1.250343304894436 ], [ 36.887629074177823, -1.25039748113364 ], [ 36.887531631758499, -1.250442508020511 ], [ 36.887430366573973, -1.250477974977898 ], [ 36.887309566478947, -1.250513874914918 ], [ 36.887189231847287, -1.250542491732582 ], [ 36.887059032807223, -1.250565922778093 ], [ 36.886872620261336, -1.250612425378737 ], [ 36.886762372534875, -1.250642033108588 ], [ 36.886657027663382, -1.250664936104643 ], [ 36.886549986452422, -1.250677568229975 ], [ 36.88644223506266, -1.250679813108144 ], [ 36.886334766197209, -1.250671650059501 ], [ 36.886228569955883, -1.25065315429154 ], [ 36.886126069947636, -1.250630154212464 ], [ 36.886019955252905, -1.250600781250971 ], [ 36.885917207235103, -1.250561093618477 ], [ 36.885818812976524, -1.250511472589489 ], [ 36.885725717733123, -1.250452394866777 ], [ 36.885638815853667, -1.250384428001615 ], [ 36.885494215978518, -1.250259427940698 ], [ 36.885405905780239, -1.250174248757724 ], [ 36.885390607720801, -1.250157792985328 ], [ 36.88530906465175, -1.250212574942102 ], [ 36.88528524228672, -1.250228144439856 ], [ 36.885127442129651, -1.25032844441667 ], [ 36.885004676953329, -1.25039609206916 ], [ 36.884938949913078, -1.250427118123033 ], [ 36.884899196960738, -1.25046434939885 ], [ 36.884809430540763, -1.250540027209078 ], [ 36.884712321749149, -1.250605884150874 ], [ 36.884608926693673, -1.250661203998766 ], [ 36.884500369848254, -1.250705385123814 ], [ 36.884387831823652, -1.250737947036593 ], [ 36.884272536527611, -1.25075853561264 ], [ 36.883997836363406, -1.25079283543011 ], [ 36.883893964289825, -1.250800903349508 ], [ 36.88378979639166, -1.250799246753799 ], [ 36.883686229428854, -1.250787879906221 ], [ 36.883584154987631, -1.250766900663547 ], [ 36.88355366538962, -1.250759135338681 ], [ 36.883561234420277, -1.250606574365786 ], [ 36.883691283382127, -1.249729035107424 ], [ 36.883906164234311, -1.248868551043709 ], [ 36.884108132719895, -1.248301858262521 ], [ 36.884224135315428, -1.248223925646013 ], [ 36.884270376975437, -1.248194473332688 ], [ 36.884464876784072, -1.248077173296507 ], [ 36.884585324383806, -1.248014161074277 ], [ 36.884712446662256, -1.2479662387432 ], [ 36.884956446467612, -1.247890838618584 ], [ 36.885053314415728, -1.247865598910171 ], [ 36.885152030220596, -1.247849139218966 ], [ 36.885251809941671, -1.247841590259539 ], [ 36.885480109834077, -1.247834590095402 ], [ 36.885597196726906, -1.247837150140603 ], [ 36.885713381804578, -1.247851971303254 ], [ 36.885827401096144, -1.247878892347583 ], [ 36.885938014191517, -1.247917620403664 ], [ 36.886020369317784, -1.24795139702368 ], [ 36.88608237025916, -1.24797086977778 ], [ 36.886178016027188, -1.248005769009292 ], [ 36.886270130725002, -1.248049238503041 ], [ 36.886357958126844, -1.248100921393366 ], [ 36.886418643896889, -1.248140450597985 ], [ 36.886483799560736, -1.248172041166941 ], [ 36.886587880591406, -1.24822951600793 ], [ 36.886674513756482, -1.248290145786485 ], [ 36.886726020263204, -1.248259304985954 ], [ 36.886818430375136, -1.248214898056684 ], [ 36.887016630198744, -1.248130597979457 ], [ 36.887044860995459, -1.248119042526985 ], [ 36.887069710074456, -1.248109264698622 ], [ 36.887092517980911, -1.248092076044541 ], [ 36.887168817904019, -1.248039976037683 ], [ 36.887254466917618, -1.247986967486065 ], [ 36.887282969954775, -1.247972691929719 ], [ 36.8872830235794, -1.247959099385043 ], [ 36.887291885519531, -1.247861269231166 ], [ 36.887309154885095, -1.247764583255409 ], [ 36.887338354895022, -1.24763398335539 ], [ 36.887367198019447, -1.24752892149767 ], [ 36.887405962827238, -1.247427144955678 ], [ 36.887454288722658, -1.247329600468475 ], [ 36.887511726171738, -1.247237195408133 ], [ 36.887581526106594, -1.247136095463554 ], [ 36.887659947141614, -1.247035227019067 ], [ 36.887749204072946, -1.246943937292775 ], [ 36.887822341803151, -1.246877163100825 ], [ 36.887824121315376, -1.246875451875603 ], [ 36.887824747394284, -1.246872539057302 ], [ 36.887848980576479, -1.246779249447403 ], [ 36.887881026609875, -1.246688378563284 ], [ 36.887935147520984, -1.246553467076885 ], [ 36.887986387734905, -1.246423463361585 ], [ 36.888021388740043, -1.246343769804984 ], [ 36.888062385823801, -1.246267027175216 ], [ 36.88810968578386, -1.246186127225535 ], [ 36.888172755098225, -1.246089856096419 ], [ 36.888245243176314, -1.246000554917656 ], [ 36.88832639530559, -1.245919153453556 ], [ 36.888415366567486, -1.245846499220493 ], [ 36.888511230634251, -1.245783348662971 ], [ 36.888585930561341, -1.245739448647738 ], [ 36.888687800812633, -1.245686408292905 ], [ 36.888794515474189, -1.245644104224243 ], [ 36.888904961108835, -1.245612977835597 ], [ 36.889017985350947, -1.24559335389548 ], [ 36.889132408929839, -1.245585437158506 ], [ 36.889228708886307, -1.245583737088805 ], [ 36.889324602012167, -1.24558661791472 ], [ 36.889333066093513, -1.245573735627205 ], [ 36.889397816450249, -1.245469455325633 ], [ 36.889460320126219, -1.245378937117218 ], [ 36.889531288086197, -1.245294978353474 ], [ 36.889567053657693, -1.245256624739812 ], [ 36.889592205159055, -1.245221727016555 ], [ 36.889641605754576, -1.245133835612604 ], [ 36.889650011549605, -1.245119578389464 ], [ 36.889668266347464, -1.24504501461032 ], [ 36.889706944217181, -1.244859944232198 ], [ 36.889710455954265, -1.244841164102632 ], [ 36.889706637963762, -1.244779544187206 ], [ 36.889703138052504, -1.244581944329218 ], [ 36.889702959967451, -1.244560976043903 ], [ 36.889703060025802, -1.24442287614428 ], [ 36.889707627716348, -1.244321862737405 ], [ 36.889721147848768, -1.244221664600039 ], [ 36.889743512185625, -1.244123083877634 ], [ 36.889774541686592, -1.244026909767259 ], [ 36.889823941664545, -1.24389430986423 ], [ 36.889866265920496, -1.243795333771567 ], [ 36.889917763177316, -1.243700864624735 ], [ 36.889977965280444, -1.243611761230246 ], [ 36.890046324941025, -1.243528833615444 ], [ 36.89009942488709, -1.243470333637129 ], [ 36.890171957690235, -1.243397408762377 ], [ 36.890250796680441, -1.243331446570171 ], [ 36.890335284606955, -1.243272996963791 ], [ 36.890424717125939, -1.243222547217124 ], [ 36.890482717071627, -1.243193247199718 ], [ 36.890580730162334, -1.243149498549363 ], [ 36.89068244221091, -1.243115358596282 ], [ 36.890786925795005, -1.243091138634632 ], [ 36.890893228220797, -1.243077059507069 ], [ 36.891000380209739, -1.243073249590914 ], [ 36.891151980147917, -1.243075149479346 ], [ 36.891291519012654, -1.243085674717296 ], [ 36.891389418991579, -1.243099274642132 ], [ 36.891545349460628, -1.243132427661575 ], [ 36.891660749463448, -1.243165727573792 ], [ 36.891673718300332, -1.243169555032169 ], [ 36.892063186955149, -1.243287064389819 ], [ 36.892086018895256, -1.243292857320991 ], [ 36.892127552824661, -1.243280993741791 ], [ 36.892220727838797, -1.24325865381298 ], [ 36.892315455499237, -1.243244387685345 ], [ 36.892352648399758, -1.243240409892196 ], [ 36.892367001990316, -1.243230153043062 ], [ 36.892408198566862, -1.243118587227493 ], [ 36.892457399169373, -1.243004879569622 ], [ 36.892518682670946, -1.242897282847548 ], [ 36.892573784086601, -1.242821271078174 ], [ 36.892618098269629, -1.242728577586259 ], [ 36.892624085339854, -1.242716246430527 ], [ 36.892691185291511, -1.242580146522459 ], [ 36.892744182810091, -1.242484574109105 ], [ 36.892753348817934, -1.242471259793723 ], [ 36.893387620586076, -1.242503132617376 ], [ 36.894259499972918, -1.242634019641153 ], [ 36.895114435275296, -1.24285029091629 ], [ 36.895944193005271, -1.243149863782628 ], [ 36.896740782115451, -1.243529853330817 ], [ 36.897496530958151, -1.243986600180247 ], [ 36.898204161169851, -1.244515705715969 ], [ 36.898856857769239, -1.245112074445727 ], [ 36.898928122762676, -1.245191341135022 ], [ 36.898933337824417, -1.245205706232182 ], [ 36.898948663295968, -1.245214187977609 ], [ 36.899448334793611, -1.245769963069172 ], [ 36.899478804133629, -1.245811382180417 ], [ 36.89952246988512, -1.245900102599918 ], [ 36.89956245962567, -1.246007572638425 ], [ 36.899591414640327, -1.246118570458348 ], [ 36.899609036363152, -1.246231951527752 ], [ 36.899615143089363, -1.246346546740021 ], [ 36.899609671848992, -1.246461174468904 ], [ 36.899592679056319, -1.246574652752686 ], [ 36.899576626484205, -1.246637618121822 ], [ 36.899576300897088, -1.246639888434748 ], [ 36.899572300899614, -1.246660388450403 ], [ 36.89954709255224, -1.246763631954369 ], [ 36.899512356755309, -1.246864034442553 ], [ 36.899468400907828, -1.246960707388941 ], [ 36.899415614003161, -1.247052795272706 ], [ 36.899411761493219, -1.247058256621491 ], [ 36.899410315874995, -1.247060904586756 ], [ 36.89934696036854, -1.247153692268759 ], [ 36.899274746650029, -1.247239674796101 ], [ 36.899194391405558, -1.247317998835395 ], [ 36.899106692121983, -1.247387887060276 ], [ 36.899012519172196, -1.247448645865949 ], [ 36.898912807176991, -1.247499672252933 ], [ 36.898900828708214, -1.247504358285527 ], [ 36.898873509782561, -1.247518306700056 ], [ 36.89886070977105, -1.247524006695385 ], [ 36.898754623942537, -1.247564922392374 ], [ 36.898745426709958, -1.247567431739389 ], [ 36.898728485437637, -1.247574880967572 ], [ 36.898623672128544, -1.247609105412642 ], [ 36.898516030602927, -1.247632824795225 ], [ 36.898406597509712, -1.247645810686511 ], [ 36.898296426751251, -1.247647938027372 ], [ 36.898186579333625, -1.247639186332607 ], [ 36.898078113148493, -1.247619639888227 ], [ 36.897972072784967, -1.247589486939565 ], [ 36.897869479469698, -1.247549017878316 ], [ 36.897771321231801, -1.247498622445814 ], [ 36.897678543387727, -1.247438785979514 ], [ 36.897592039437306, -1.247370084738897 ], [ 36.897512642458949, -1.247293180355628 ], [ 36.897441117086714, -1.247208813461709 ], [ 36.897378152146565, -1.247117796556764 ], [ 36.897358986148575, -1.247083314236431 ], [ 36.897293497943714, -1.247007545503807 ], [ 36.897245898005799, -1.246946445501424 ], [ 36.897182494037665, -1.246856314567538 ], [ 36.897128132932998, -1.246760385415294 ], [ 36.897098000238977, -1.246692577937662 ], [ 36.897048446484661, -1.246745448001617 ], [ 36.89685134628219, -1.246936148051333 ], [ 36.896771322156212, -1.247006550686354 ], [ 36.896685042862323, -1.2470690223719 ], [ 36.896593281464035, -1.247123003362668 ], [ 36.896496860144516, -1.247168009990273 ], [ 36.896396642839697, -1.247203638996906 ], [ 36.896293527497399, -1.247229571148416 ], [ 36.896188438031579, -1.247245574094663 ], [ 36.896179775667456, -1.247246058168963 ], [ 36.896186733076661, -1.247372709514457 ], [ 36.896186012681703, -1.247509453811575 ], [ 36.896175431248402, -1.247670981033361 ], [ 36.896180731114583, -1.247767264069193 ], [ 36.896175632950843, -1.247880724817497 ], [ 36.896159245893607, -1.247993097566529 ], [ 36.896131735448201, -1.248103247371344 ], [ 36.896093379464524, -1.248210061738334 ], [ 36.896044565330826, -1.248312461861318 ], [ 36.895968465270997, -1.248453461952837 ], [ 36.895917423565756, -1.248538832169761 ], [ 36.895859109643261, -1.248619345820391 ], [ 36.895793976754405, -1.248694377105007 ], [ 36.895729950787242, -1.248761880760273 ], [ 36.895667859971709, -1.248830029171716 ], [ 36.895580633853207, -1.248915893578815 ], [ 36.895484666520083, -1.248991725538485 ], [ 36.895381091073304, -1.249056629693806 ], [ 36.895271130443838, -1.249109839714398 ], [ 36.895037030237134, -1.24920773962184 ], [ 36.894918553653589, -1.249249632739575 ], [ 36.894732023726235, -1.249304004912549 ], [ 36.894715958790954, -1.249349876493673 ], [ 36.894668961493565, -1.249450960216098 ], [ 36.894612287626984, -1.249546885497294 ], [ 36.894546489877435, -1.249636716869993 ], [ 36.89447220990791, -1.249719578295237 ], [ 36.894390172100564, -1.249794661705607 ], [ 36.894301176492405, -1.249861234885528 ], [ 36.894206090973292, -1.249918648611827 ], [ 36.894165976423494, -1.249937733636338 ], [ 36.894161741503666, -1.249946559672269 ], [ 36.894105362254386, -1.250039834505044 ], [ 36.89402418979958, -1.25016057849663 ], [ 36.893988405395184, -1.250231199137205 ], [ 36.893954418882522, -1.250329135952818 ], [ 36.893953743821257, -1.250347489370838 ], [ 36.89398448582601, -1.25053021928989 ], [ 36.893990854881686, -1.250573046183361 ], [ 36.894012734755954, -1.250742255176759 ], [ 36.894070620119564, -1.251021665881773 ], [ 36.894125253645136, -1.251268274882916 ], [ 36.894207319123552, -1.251496302556113 ], [ 36.894234663812405, -1.251583039897659 ], [ 36.894254986446178, -1.251671710367219 ], [ 36.89431508500887, -1.251992376332512 ], [ 36.894336413945304, -1.25206427714972 ], [ 36.894362441832136, -1.252170542572437 ], [ 36.894378134943864, -1.252278843715004 ], [ 36.894383346097818, -1.252388164852994 ], [ 36.894378026418714, -1.25249748069557 ], [ 36.89436222579706, -1.252605766001427 ], [ 36.894336092421334, -1.252712005194307 ], [ 36.894299871388128, -1.252815201887864 ], [ 36.894217471344184, -1.253018102033628 ], [ 36.894166626050428, -1.253126500374857 ], [ 36.894104659478543, -1.253228868513672 ], [ 36.894032268775916, -1.253324054770643 ], [ 36.893950268365643, -1.253410988265487 ], [ 36.893859580783804, -1.25348869096498 ], [ 36.89373468065606, -1.253584690966906 ], [ 36.893646919999313, -1.253645727799063 ], [ 36.893553800586552, -1.253698106889894 ], [ 36.893456162890658, -1.253741355480553 ], [ 36.893354888165256, -1.253775083222 ], [ 36.892812294825411, -1.253927416183065 ], [ 36.892669478925569, -1.253977140787006 ], [ 36.892564250495631, -1.254008078993498 ], [ 36.892456526094222, -1.254028541639671 ], [ 36.892347332560526, -1.254038333675895 ], [ 36.892237710737298, -1.254037361765866 ], [ 36.892128705549339, -1.25402563517621 ], [ 36.892021356043173, -1.254003265688036 ], [ 36.891942956041255, -1.25398286562798 ], [ 36.891937026020599, -1.25398130521635 ], [ 36.891790826018408, -1.253942405104458 ], [ 36.891692797761792, -1.253911428304915 ], [ 36.891597993211114, -1.253871562300483 ], [ 36.891593157342236, -1.253868983082379 ], [ 36.891586605597375, -1.253888912578159 ], [ 36.891552873994542, -1.25397857370963 ], [ 36.891511713373866, -1.254065034634304 ], [ 36.891291013203499, -1.254482234908554 ], [ 36.891242381729498, -1.254565399053822 ], [ 36.891186878640447, -1.254644084354712 ], [ 36.891124908608852, -1.254717717118073 ], [ 36.890896508376599, -1.254966717208895 ], [ 36.890823492194862, -1.255039355059832 ], [ 36.8907441895837, -1.255104976983931 ], [ 36.890659263490704, -1.255163034401809 ], [ 36.890569423874148, -1.25521304197143 ], [ 36.89047542176786, -1.255254581645346 ], [ 36.890080621426719, -1.2554077814763 ], [ 36.889969385299011, -1.255444367703823 ], [ 36.889854969981698, -1.255469102558492 ], [ 36.889738618275892, -1.255481717368323 ], [ 36.889621594015622, -1.255482075111692 ], [ 36.889385538418651, -1.255470400772861 ], [ 36.889353900745334, -1.255490924516458 ], [ 36.889350956314004, -1.255492828074729 ], [ 36.889321348284604, -1.255511903965702 ], [ 36.889304594577986, -1.255625599870568 ], [ 36.889283327331874, -1.255733460197983 ], [ 36.889251745863881, -1.255838729629957 ], [ 36.88921014917328, -1.25594041152055 ], [ 36.889158931079493, -1.256037543189237 ], [ 36.889098576493531, -1.25612920503523 ], [ 36.888921376324319, -1.25637180516118 ], [ 36.888851579497434, -1.256458112157311 ], [ 36.888773687563713, -1.256537091658816 ], [ 36.88868845577565, -1.256607977869648 ], [ 36.88856895565344, -1.256697777869016 ], [ 36.888477582487823, -1.256759657443664 ], [ 36.888380625955094, -1.256812229919598 ], [ 36.888279018794293, -1.256854989542462 ], [ 36.888160318693842, -1.256898189488582 ], [ 36.888067133880945, -1.256927326218409 ], [ 36.88807267164151, -1.256997911986653 ], [ 36.888069418642466, -1.25711773809926 ], [ 36.888048218723938, -1.257382638299079 ], [ 36.888036180339249, -1.257480008887381 ], [ 36.888015795795276, -1.257575961471525 ], [ 36.887987218754624, -1.257669772739878 ], [ 36.887950664636911, -1.257760735522586 ], [ 36.887918864616466, -1.257830935571701 ], [ 36.887857598337263, -1.257947610586553 ], [ 36.887783236399883, -1.25805630177814 ], [ 36.887706436324919, -1.258155601826373 ], [ 36.887636692358299, -1.258237409181768 ], [ 36.887560492280429, -1.258318609209982 ], [ 36.88746095393109, -1.258412528368923 ], [ 36.887350832794361, -1.258493603126005 ], [ 36.88721403265766, -1.258582003107888 ], [ 36.887095240005692, -1.258648897899591 ], [ 36.887044178067441, -1.258669951146504 ], [ 36.886795798519387, -1.258484229938983 ], [ 36.88614311151327, -1.257887857249491 ], [ 36.88555164526263, -1.257229966684341 ], [ 36.885377998665213, -1.256993911490262 ], [ 36.885428669103881, -1.256950951145825 ], [ 36.885519496622997, -1.256888157626969 ], [ 36.885692741309846, -1.256780581407039 ], [ 36.885748557425536, -1.256750136658927 ], [ 36.885747367459352, -1.256727308377902 ], [ 36.885747867509387, -1.256608608464515 ], [ 36.885755798538078, -1.256479229608725 ], [ 36.885778396953619, -1.256351615868978 ], [ 36.885828196965683, -1.256141116030151 ], [ 36.885864460717059, -1.256018903958846 ], [ 36.885914175429221, -1.255901582912025 ], [ 36.886039475339466, -1.255646783085212 ] ] ] ] } }
]
}
