{
"type": "FeatureCollection",
"name": "dams",
"crs": { "type": "name", "properties": { "name": "urn:ogc:def:crs:OGC:1.3:CRS84" } },
"features": [
{ "type": "Feature", "properties": { "id": "way/1375669245", "name": "", "name_en": "", "name_sw": "", "waterway": "", "covered": "", "width": "", "depth": "", "layer": "", "blockage": "", "tunnel": "", "natural_cl": "water", "water": "", "source": "", "adm0_pcode": "KEN", "adm0_name": "Kenya", "adm1_pcode": "KE016", "adm1_name": "Machakos", "adm2_pcode": "KE016080", "adm2_name": "Mavoko", "adm3_pcode": "", "adm3_name": "", "adm4_pcode": "", "adm4_name": "", "name_latin": "", "display_name": "(unnamed dam or water body)", "waterbody_type": "water", "osm_id": "way/1375669245", "model_source": "dams.geojson" }, "geometry": { "type": "Polygon", "coordinates": [ [ [ 37.054998542587363, -1.449999999993841 ], [ 37.0550607, -1.4498463 ], [ 37.0550736, -1.4495816 ], [ 37.0551737, -1.4493944 ], [ 37.0554449, -1.4494783 ], [ 37.0557743, -1.4496042 ], [ 37.0557904, -1.4497301 ], [ 37.055742, -1.4498463 ], [ 37.0558776, -1.4499044 ], [ 37.055860185541029, -1.449999999993843 ], [ 37.054998542587363, -1.449999999993841 ] ] ] } },
{ "type": "Feature", "properties": { "id": "way/306878109", "name": "", "name_en": "", "name_sw": "", "waterway": "", "covered": "", "width": "", "depth": "", "layer": "", "blockage": "", "tunnel": "", "natural_cl": "water", "water": "", "source": "", "adm0_pcode": "KEN", "adm0_name": "Kenya", "adm1_pcode": "KE016", "adm1_name": "Machakos", "adm2_pcode": "KE016080", "adm2_name": "Mavoko", "adm3_pcode": "", "adm3_name": "", "adm4_pcode": "", "adm4_name": "", "name_latin": "", "display_name": "(unnamed dam or water body)", "waterbody_type": "water", "osm_id": "way/306878109", "model_source": "dams.geojson" }, "geometry": { "type": "Polygon", "coordinates": [ [ [ 37.0464951, -1.4435265 ], [ 37.0465098, -1.4432513 ], [ 37.0465696, -1.4431137 ], [ 37.0466848, -1.4429961 ], [ 37.0468048, -1.4429625 ], [ 37.0469995, -1.4429716 ], [ 37.0473726, -1.4429716 ], [ 37.0477075, -1.4430561 ], [ 37.0477691, -1.4431114 ], [ 37.0477123, -1.4431809 ], [ 37.0475226, -1.4432769 ], [ 37.0474659, -1.4432746 ], [ 37.0474218, -1.4432625 ], [ 37.047369, -1.4432049 ], [ 37.0473027, -1.4431814 ], [ 37.0472201, -1.4432097 ], [ 37.0471628, -1.4432746 ], [ 37.0471769, -1.4434017 ], [ 37.0471394, -1.4435543 ], [ 37.0469945, -1.44368 ], [ 37.0468336, -1.4437568 ], [ 37.0466728, -1.4437664 ], [ 37.0465672, -1.443704 ], [ 37.0464951, -1.4435265 ] ] ] } },
{ "type": "Feature", "properties": { "id": "way/306878110", "name": "", "name_en": "", "name_sw": "", "waterway": "", "covered": "", "width": "", "depth": "", "layer": "", "blockage": "", "tunnel": "", "natural_cl": "water", "water": "", "source": "", "adm0_pcode": "KEN", "adm0_name": "Kenya", "adm1_pcode": "KE016", "adm1_name": "Machakos", "adm2_pcode": "KE016080", "adm2_name": "Mavoko", "adm3_pcode": "", "adm3_name": "", "adm4_pcode": "", "adm4_name": "", "name_latin": "", "display_name": "(unnamed dam or water body)", "waterbody_type": "water", "osm_id": "way/306878110", "model_source": "dams.geojson" }, "geometry": { "type": "Polygon", "coordinates": [ [ [ 37.0511832, -1.4429809 ], [ 37.0512902, -1.4429483 ], [ 37.0518713, -1.4428228 ], [ 37.0519198, -1.4428317 ], [ 37.0519266, -1.4428861 ], [ 37.0518498, -1.4430182 ], [ 37.0516866, -1.4431581 ], [ 37.05157, -1.4433212 ], [ 37.0515001, -1.4434378 ], [ 37.0512228, -1.4435106 ], [ 37.0511503, -1.4434844 ], [ 37.0511199, -1.4434237 ], [ 37.0511006, -1.4432592 ], [ 37.0510883, -1.4431549 ], [ 37.0511036, -1.4430881 ], [ 37.0511832, -1.4429809 ] ] ] } },
{ "type": "Feature", "properties": { "id": "way/306878111", "name": "", "name_en": "", "name_sw": "", "waterway": "", "covered": "", "width": "", "depth": "", "layer": "", "blockage": "", "tunnel": "", "natural_cl": "water", "water": "", "source": "", "adm0_pcode": "KEN", "adm0_name": "Kenya", "adm1_pcode": "KE016", "adm1_name": "Machakos", "adm2_pcode": "KE016080", "adm2_name": "Mavoko", "adm3_pcode": "", "adm3_name": "", "adm4_pcode": "", "adm4_name": "", "name_latin": "", "display_name": "(unnamed dam or water body)", "waterbody_type": "water", "osm_id": "way/306878111", "model_source": "dams.geojson" }, "geometry": { "type": "Polygon", "coordinates": [ [ [ 37.0541629, -1.4420824 ], [ 37.0541234, -1.4420508 ], [ 37.0541001, -1.441841 ], [ 37.05431, -1.4417244 ], [ 37.0544499, -1.441771 ], [ 37.0546364, -1.4417477 ], [ 37.0548696, -1.4416545 ], [ 37.05508, -1.4416124 ], [ 37.0551028, -1.4416078 ], [ 37.0548463, -1.4418643 ], [ 37.0546831, -1.4418643 ], [ 37.0544965, -1.4420508 ], [ 37.05424, -1.442144 ], [ 37.0541629, -1.4420824 ] ] ] } },
{ "type": "Feature", "properties": { "id": "way/1375664504", "name": "", "name_en": "", "name_sw": "", "waterway": "", "covered": "", "width": "", "depth": "", "layer": "", "blockage": "", "tunnel": "", "natural_cl": "water", "water": "", "source": "", "adm0_pcode": "KEN", "adm0_name": "Kenya", "adm1_pcode": "KE016", "adm1_name": "Machakos", "adm2_pcode": "KE016080", "adm2_name": "Mavoko", "adm3_pcode": "", "adm3_name": "", "adm4_pcode": "", "adm4_name": "", "name_latin": "", "display_name": "(unnamed dam or water body)", "waterbody_type": "water", "osm_id": "way/1375664504", "model_source": "dams.geojson" }, "geometry": { "type": "Polygon", "coordinates": [ [ [ 37.0732328, -1.4387573 ], [ 37.0732731, -1.4386501 ], [ 37.0733991, -1.4385616 ], [ 37.0734755, -1.4386189 ], [ 37.0735386, -1.4386662 ], [ 37.073603, -1.4387842 ], [ 37.073544, -1.4389477 ], [ 37.0735842, -1.4390952 ], [ 37.0735252, -1.439181 ], [ 37.0733294, -1.4392132 ], [ 37.0732301, -1.439181 ], [ 37.0731963, -1.4391024 ], [ 37.0731631, -1.4390255 ], [ 37.07322210000001, -1.4388137 ], [ 37.0732328, -1.4387573 ] ] ] } },
{ "type": "Feature", "properties": { "id": "way/174315867", "name": "", "name_en": "", "name_sw": "", "waterway": "", "covered": "", "width": "", "depth": "", "layer": "", "blockage": "", "tunnel": "", "natural_cl": "water", "water": "", "source": "", "adm0_pcode": "KEN", "adm0_name": "Kenya", "adm1_pcode": "KE016", "adm1_name": "Machakos", "adm2_pcode": "KE016080", "adm2_name": "Mavoko", "adm3_pcode": "", "adm3_name": "", "adm4_pcode": "", "adm4_name": "", "name_latin": "", "display_name": "(unnamed dam or water body)", "waterbody_type": "water", "osm_id": "way/174315867", "model_source": "dams.geojson" }, "geometry": { "type": "Polygon", "coordinates": [ [ [ 37.0238619, -1.398561 ], [ 37.0242779, -1.3988982 ], [ 37.0245814, -1.3995726 ], [ 37.0246939, -1.4003031 ], [ 37.0245589, -1.4007752 ], [ 37.0241542, -1.401 ], [ 37.0238394, -1.4008314 ], [ 37.0237157, -1.4003369 ], [ 37.023727, -1.4001008 ], [ 37.0239631, -1.3999322 ], [ 37.0240755, -1.3997524 ], [ 37.0239968, -1.3995389 ], [ 37.0236933, -1.3993028 ], [ 37.0234459, -1.3990443 ], [ 37.0235134, -1.3987296 ], [ 37.0238619, -1.398561 ] ] ] } },
{ "type": "Feature", "properties": { "id": "way/435098651", "name": "", "name_en": "", "name_sw": "", "waterway": "", "covered": "", "width": "", "depth": "", "layer": "", "blockage": "", "tunnel": "", "natural_cl": "water", "water": "", "source": "", "adm0_pcode": "KEN", "adm0_name": "Kenya", "adm1_pcode": "KE016", "adm1_name": "Machakos", "adm2_pcode": "KE016080", "adm2_name": "Mavoko", "adm3_pcode": "", "adm3_name": "", "adm4_pcode": "", "adm4_name": "", "name_latin": "", "display_name": "(unnamed dam or water body)", "waterbody_type": "water", "osm_id": "way/435098651", "model_source": "dams.geojson" }, "geometry": { "type": "Polygon", "coordinates": [ [ [ 37.0589401, -1.3549427 ], [ 37.0593156, -1.3552602 ], [ 37.0591541, -1.3554512 ], [ 37.0587786, -1.3551337 ], [ 37.0589401, -1.3549427 ] ] ] } },
{ "type": "Feature", "properties": { "id": "way/435098652", "name": "", "name_en": "", "name_sw": "", "waterway": "", "covered": "", "width": "", "depth": "", "layer": "", "blockage": "", "tunnel": "", "natural_cl": "water", "water": "", "source": "", "adm0_pcode": "KEN", "adm0_name": "Kenya", "adm1_pcode": "KE016", "adm1_name": "Machakos", "adm2_pcode": "KE016080", "adm2_name": "Mavoko", "adm3_pcode": "", "adm3_name": "", "adm4_pcode": "", "adm4_name": "", "name_latin": "", "display_name": "(unnamed dam or water body)", "waterbody_type": "water", "osm_id": "way/435098652", "model_source": "dams.geojson" }, "geometry": { "type": "Polygon", "coordinates": [ [ [ 37.0591445, -1.3546868 ], [ 37.0595184, -1.3549964 ], [ 37.0593504, -1.3551991 ], [ 37.0589766, -1.3548895 ], [ 37.0591445, -1.3546868 ] ] ] } },
{ "type": "Feature", "properties": { "id": "way/435098653", "name": "", "name_en": "", "name_sw": "", "waterway": "", "covered": "", "width": "", "depth": "", "layer": "", "blockage": "", "tunnel": "", "natural_cl": "water", "water": "", "source": "", "adm0_pcode": "KEN", "adm0_name": "Kenya", "adm1_pcode": "KE016", "adm1_name": "Machakos", "adm2_pcode": "KE016080", "adm2_name": "Mavoko", "adm3_pcode": "", "adm3_name": "", "adm4_pcode": "", "adm4_name": "", "name_latin": "", "display_name": "(unnamed dam or water body)", "waterbody_type": "water", "osm_id": "way/435098653", "model_source": "dams.geojson" }, "geometry": { "type": "Polygon", "coordinates": [ [ [ 37.0593397, -1.354444 ], [ 37.0597266, -1.3547626 ], [ 37.059566, -1.3549575 ], [ 37.0591791, -1.3546389 ], [ 37.0593397, -1.354444 ] ] ] } },
{ "type": "Feature", "properties": { "id": "way/435098654", "name": "", "name_en": "", "name_sw": "", "waterway": "", "covered": "", "width": "", "depth": "", "layer": "", "blockage": "", "tunnel": "", "natural_cl": "water", "water": "", "source": "", "adm0_pcode": "KEN", "adm0_name": "Kenya", "adm1_pcode": "KE016", "adm1_name": "Machakos", "adm2_pcode": "KE016080", "adm2_name": "Mavoko", "adm3_pcode": "", "adm3_name": "", "adm4_pcode": "", "adm4_name": "", "name_latin": "", "display_name": "(unnamed dam or water body)", "waterbody_type": "water", "osm_id": "way/435098654", "model_source": "dams.geojson" }, "geometry": { "type": "Polygon", "coordinates": [ [ [ 37.0595414, -1.3542001 ], [ 37.0599334, -1.3545156 ], [ 37.0597822, -1.3547035 ], [ 37.0593902, -1.354388 ], [ 37.0595414, -1.3542001 ] ] ] } },
{ "type": "Feature", "properties": { "id": "way/871204320", "name": "", "name_en": "", "name_sw": "", "waterway": "", "covered": "", "width": "", "depth": "", "layer": "", "blockage": "", "tunnel": "", "natural_cl": "water", "water": "river", "source": "", "adm0_pcode": "KEN", "adm0_name": "Kenya", "adm1_pcode": "KE016", "adm1_name": "Machakos", "adm2_pcode": "KE016080", "adm2_name": "Mavoko", "adm3_pcode": "", "adm3_name": "", "adm4_pcode": "", "adm4_name": "", "name_latin": "", "display_name": "(unnamed dam or water body)", "waterbody_type": "river", "osm_id": "way/871204320", "model_source": "dams.geojson" }, "geometry": { "type": "Polygon", "coordinates": [ [ [ 36.9652345, -1.4441519 ], [ 36.9653032, -1.4443519 ], [ 36.9650672, -1.4444256 ], [ 36.9648633, -1.4446723 ], [ 36.964697, -1.4449566 ], [ 36.96452, -1.445348 ], [ 36.9643322, -1.4456859 ], [ 36.964123, -1.4460076 ], [ 36.9638602, -1.4463294 ], [ 36.9633345, -1.4467102 ], [ 36.9632164, -1.4468764 ], [ 36.963077, -1.4471338 ], [ 36.9630019, -1.4471124 ], [ 36.9630448, -1.4469729 ], [ 36.9631199, -1.4467852 ], [ 36.9633023, -1.4465546 ], [ 36.9635168, -1.4463562 ], [ 36.9637368, -1.4461578 ], [ 36.9639621, -1.4458521 ], [ 36.9641874, -1.4454821 ], [ 36.9644395, -1.4450155 ], [ 36.9646273, -1.4446455 ], [ 36.9647936, -1.4444042 ], [ 36.9649009, -1.4442969 ], [ 36.9649277, -1.4442111 ], [ 36.9648365, -1.4441736 ], [ 36.9646648, -1.4441736 ], [ 36.964477100000011, -1.4442058 ], [ 36.964123, -1.444434 ], [ 36.9638226, -1.4444769 ], [ 36.9635705, -1.4444554 ], [ 36.9633505, -1.4444769 ], [ 36.9630233, -1.4445061 ], [ 36.9626639, -1.4446616 ], [ 36.9624064, -1.4448654 ], [ 36.962106, -1.4450263 ], [ 36.9617412, -1.4451335 ], [ 36.9611726, -1.4450692 ], [ 36.9609097, -1.4450155 ], [ 36.9605771, -1.4448707 ], [ 36.9602445, -1.4445543 ], [ 36.9598744, -1.4441575 ], [ 36.9595579, -1.4439055 ], [ 36.9592092, -1.4435998 ], [ 36.9588981, -1.4433346 ], [ 36.9586138, -1.4432166 ], [ 36.9586459, -1.4431255 ], [ 36.9591448, -1.4432512 ], [ 36.9594292, -1.4434228 ], [ 36.9598047, -1.4436856 ], [ 36.9599173, -1.4439108 ], [ 36.9604967, -1.4443613 ], [ 36.9610063, -1.4445704 ], [ 36.9613818, -1.4446723 ], [ 36.9616608, -1.4446967 ], [ 36.962283, -1.444431 ], [ 36.9625781, -1.4442809 ], [ 36.9630019, -1.444195 ], [ 36.9634525, -1.4441575 ], [ 36.9638012, -1.4441521 ], [ 36.9642196, -1.444002 ], [ 36.9644985, -1.4439055 ], [ 36.9647614, -1.4438465 ], [ 36.9650538, -1.4438264 ], [ 36.9651453, -1.4439745 ], [ 36.9652345, -1.4441519 ] ] ] } },
{ "type": "Feature", "properties": { "id": "way/100149053", "name": "Athi Dam", "name_en": "", "name_sw": "", "waterway": "", "covered": "", "width": "", "depth": "", "layer": "", "blockage": "", "tunnel": "", "natural_cl": "water", "water": "reservoir", "source": "", "adm0_pcode": "KEN", "adm0_name": "Kenya", "adm1_pcode": "KE047", "adm1_name": "Nairobi", "adm2_pcode": "KE047277", "adm2_name": "Langata", "adm3_pcode": "", "adm3_name": "", "adm4_pcode": "", "adm4_name": "", "name_latin": "Athi Dam", "display_name": "Athi Dam", "waterbody_type": "reservoir", "osm_id": "way/100149053", "model_source": "dams.geojson" }, "geometry": { "type": "Polygon", "coordinates": [ [ [ 36.9307717, -1.4130671 ], [ 36.9308788, -1.4133408 ], [ 36.9294439, -1.4142579 ], [ 36.9288839, -1.4146313 ], [ 36.9285769, -1.4148463 ], [ 36.9283655, -1.4148184 ], [ 36.9283794, -1.4145892 ], [ 36.9282189, -1.4142912 ], [ 36.928186, -1.4140411 ], [ 36.9282155, -1.4136707 ], [ 36.9281348, -1.4134145 ], [ 36.9279881, -1.4131003 ], [ 36.9278807, -1.4127613 ], [ 36.9278452, -1.412228 ], [ 36.9276761, -1.4118029 ], [ 36.9276119, -1.4113561 ], [ 36.9276125, -1.4110107 ], [ 36.9278375, -1.4107812 ], [ 36.9279659, -1.4105145 ], [ 36.9279243, -1.4103084 ], [ 36.9277461, -1.4101188 ], [ 36.9276994, -1.4098197 ], [ 36.9277952, -1.4094812 ], [ 36.9278112, -1.4093341 ], [ 36.9280223, -1.4092961 ], [ 36.9281376, -1.4095929 ], [ 36.9282566, -1.4096444 ], [ 36.9284628, -1.4097087 ], [ 36.9285781, -1.4099251 ], [ 36.9286967, -1.410174 ], [ 36.9287905, -1.410341 ], [ 36.9288737, -1.4105548 ], [ 36.9290078, -1.4107317 ], [ 36.9291044, -1.4109409 ], [ 36.9292078, -1.4111556 ], [ 36.9293908, -1.4112859 ], [ 36.9295475, -1.411593 ], [ 36.9296403, -1.4118204 ], [ 36.9297856, -1.4121797 ], [ 36.9299251, -1.4124049 ], [ 36.9301933, -1.4126945 ], [ 36.9304133, -1.4128983 ], [ 36.9306247, -1.4129688 ], [ 36.9307717, -1.4130671 ] ] ] } },
{ "type": "Feature", "properties": { "id": "way/388386876", "name": "", "name_en": "", "name_sw": "", "waterway": "", "covered": "", "width": "", "depth": "", "layer": "", "blockage": "", "tunnel": "", "natural_cl": "water", "water": "pond", "source": "", "adm0_pcode": "KEN", "adm0_name": "Kenya", "adm1_pcode": "KE047", "adm1_name": "Nairobi", "adm2_pcode": "KE047277", "adm2_name": "Langata", "adm3_pcode": "", "adm3_name": "", "adm4_pcode": "", "adm4_name": "", "name_latin": "", "display_name": "(unnamed dam or water body)", "waterbody_type": "pond", "osm_id": "way/388386876", "model_source": "dams.geojson" }, "geometry": { "type": "Polygon", "coordinates": [ [ [ 36.9060229, -1.4098915 ], [ 36.9059074, -1.4098584 ], [ 36.9058248, -1.4097346 ], [ 36.9057175, -1.4095283 ], [ 36.9057422, -1.4093963 ], [ 36.905734, -1.4092064 ], [ 36.9056679, -1.4091321 ], [ 36.9055854, -1.4091899 ], [ 36.9055771, -1.409355 ], [ 36.905412, -1.4094623 ], [ 36.9052799, -1.4095943 ], [ 36.9050818, -1.4097512 ], [ 36.9050818, -1.4099245 ], [ 36.9051478, -1.4098419 ], [ 36.9052551, -1.4098584 ], [ 36.905346, -1.4099657 ], [ 36.905346, -1.4101803 ], [ 36.9052717, -1.4103124 ], [ 36.905123, -1.4103784 ], [ 36.9049744, -1.4103949 ], [ 36.9048506, -1.4104362 ], [ 36.9047433, -1.4104444 ], [ 36.9046112, -1.4103124 ], [ 36.9045451, -1.4102381 ], [ 36.904636, -1.4102216 ], [ 36.904768, -1.4103619 ], [ 36.9048589, -1.4103454 ], [ 36.904991, -1.4103289 ], [ 36.9051478, -1.4102546 ], [ 36.9051974, -1.4100978 ], [ 36.9051313, -1.4100318 ], [ 36.9049332, -1.4099822 ], [ 36.9049167, -1.409875 ], [ 36.90494970000001, -1.4097512 ], [ 36.905057, -1.4096604 ], [ 36.9051561, -1.4095448 ], [ 36.9052469, -1.4094953 ], [ 36.9052386, -1.409388 ], [ 36.9052799, -1.4092642 ], [ 36.905412, -1.409322 ], [ 36.9054368, -1.409256 ], [ 36.9054698, -1.4091404 ], [ 36.9055441, -1.4089918 ], [ 36.9057092, -1.4089258 ], [ 36.9058743, -1.4089671 ], [ 36.9058496, -1.4090909 ], [ 36.9058331, -1.4092725 ], [ 36.9058165, -1.4094128 ], [ 36.9058496, -1.4095696 ], [ 36.9059734, -1.4096851 ], [ 36.9060972, -1.4097594 ], [ 36.9061798, -1.4097429 ], [ 36.90616330000001, -1.4096604 ], [ 36.9063367, -1.4096191 ], [ 36.9064853, -1.4096356 ], [ 36.9065761, -1.4095861 ], [ 36.9065678, -1.4094953 ], [ 36.9066752, -1.4095448 ], [ 36.906799, -1.409487 ], [ 36.9068568, -1.4094128 ], [ 36.9069228, -1.4092642 ], [ 36.907121, -1.4090909 ], [ 36.9072943, -1.4090166 ], [ 36.907443, -1.4089506 ], [ 36.9075503, -1.4090661 ], [ 36.9075668, -1.4089588 ], [ 36.9078227, -1.4089258 ], [ 36.9077071, -1.4090826 ], [ 36.907798, -1.4091074 ], [ 36.9079713, -1.4092394 ], [ 36.9081034, -1.409388 ], [ 36.9080621, -1.4095036 ], [ 36.907897, -1.4095943 ], [ 36.9078557, -1.4097594 ], [ 36.9077649, -1.4097842 ], [ 36.9077402, -1.4096934 ], [ 36.9078145, -1.4095531 ], [ 36.9078805, -1.4094788 ], [ 36.9078805, -1.4093715 ], [ 36.9077897, -1.4093055 ], [ 36.9076493, -1.4092312 ], [ 36.9075173, -1.4091487 ], [ 36.9073852, -1.4091569 ], [ 36.9072531, -1.4091734 ], [ 36.907121, -1.4092972 ], [ 36.9070219, -1.4094293 ], [ 36.9068733, -1.4095531 ], [ 36.9066917, -1.4097099 ], [ 36.9064688, -1.4097346 ], [ 36.9063779, -1.4098502 ], [ 36.9062624, -1.409941 ], [ 36.9061715, -1.4098667 ], [ 36.9060229, -1.4098915 ] ] ] } },
{ "type": "Feature", "properties": { "id": "way/324758433", "name": "", "name_en": "", "name_sw": "", "waterway": "", "covered": "", "width": "", "depth": "", "layer": "", "blockage": "", "tunnel": "", "natural_cl": "water", "water": "", "source": "", "adm0_pcode": "KEN", "adm0_name": "Kenya", "adm1_pcode": "KE016", "adm1_name": "Machakos", "adm2_pcode": "KE016080", "adm2_name": "Mavoko", "adm3_pcode": "", "adm3_name": "", "adm4_pcode": "", "adm4_name": "", "name_latin": "", "display_name": "(unnamed dam or water body)", "waterbody_type": "water", "osm_id": "way/324758433", "model_source": "dams.geojson" }, "geometry": { "type": "Polygon", "coordinates": [ [ [ 36.9453183, -1.3822536 ], [ 36.9454588, -1.3823825 ], [ 36.9455739, -1.3823089 ], [ 36.9457028, -1.3822997 ], [ 36.9457649, -1.3823779 ], [ 36.9458685, -1.3824884 ], [ 36.9458708, -1.3826149 ], [ 36.9460342, -1.3827645 ], [ 36.9460941, -1.3829417 ], [ 36.9461816, -1.3830085 ], [ 36.9461516, -1.3831488 ], [ 36.9459629, -1.3832087 ], [ 36.9460227, -1.3834043 ], [ 36.9460872, -1.3833882 ], [ 36.9461539, -1.3834066 ], [ 36.9462299, -1.3833675 ], [ 36.9463657, -1.3835055 ], [ 36.9463841, -1.3837219 ], [ 36.9462529, -1.3838484 ], [ 36.9461516, -1.3838553 ], [ 36.9461539, -1.383929 ], [ 36.9462737, -1.3840947 ], [ 36.9460757, -1.3842419 ], [ 36.9460849, -1.3842972 ], [ 36.9459997, -1.3843409 ], [ 36.945933, -1.384288 ], [ 36.9458432, -1.3843041 ], [ 36.9456544, -1.3841775 ], [ 36.9455946, -1.3840371 ], [ 36.9454657, -1.3839359 ], [ 36.9455163, -1.3837909 ], [ 36.9453252, -1.3837886 ], [ 36.9452769, -1.3836758 ], [ 36.9452055, -1.3836896 ], [ 36.9451503, -1.3834411 ], [ 36.9453114, -1.3833583 ], [ 36.9452171, -1.3833076 ], [ 36.9452171, -1.3832455 ], [ 36.9450099, -1.3831672 ], [ 36.9450697, -1.3830959 ], [ 36.9449661, -1.3829693 ], [ 36.9449063, -1.3827967 ], [ 36.9448556, -1.3827898 ], [ 36.9448487, -1.3828336 ], [ 36.944706, -1.3826656 ], [ 36.9447152, -1.382608 ], [ 36.9448879, -1.3825919 ], [ 36.9448787, -1.3825252 ], [ 36.9447866, -1.3825114 ], [ 36.9446784, -1.3824354 ], [ 36.9446853, -1.3822744 ], [ 36.9449247, -1.3821432 ], [ 36.9451158, -1.3822513 ], [ 36.9451572, -1.3823411 ], [ 36.9453183, -1.3822536 ] ] ] } },
{ "type": "Feature", "properties": { "id": "way/26787856", "name": "", "name_en": "", "name_sw": "", "waterway": "", "covered": "", "width": "", "depth": "", "layer": "", "blockage": "", "tunnel": "", "natural_cl": "water", "water": "", "source": "", "adm0_pcode": "KEN", "adm0_name": "Kenya", "adm1_pcode": "KE016", "adm1_name": "Machakos", "adm2_pcode": "KE016080", "adm2_name": "Mavoko", "adm3_pcode": "", "adm3_name": "", "adm4_pcode": "", "adm4_name": "", "name_latin": "", "display_name": "(unnamed dam or water body)", "waterbody_type": "water", "osm_id": "way/26787856", "model_source": "dams.geojson" }, "geometry": { "type": "Polygon", "coordinates": [ [ [ 36.9420803, -1.3784397 ], [ 36.9420717, -1.3783024 ], [ 36.9419258, -1.3782338 ], [ 36.9418571, -1.3781823 ], [ 36.9416511, -1.3780622 ], [ 36.9415653, -1.3779849 ], [ 36.9415138, -1.3778734 ], [ 36.941325, -1.3777018 ], [ 36.9411877, -1.3774701 ], [ 36.9411705, -1.3773929 ], [ 36.9410332, -1.3773757 ], [ 36.9409817, -1.3772556 ], [ 36.9409216, -1.3771612 ], [ 36.94081, -1.3771612 ], [ 36.9405868, -1.3770325 ], [ 36.9403637, -1.3768952 ], [ 36.9402864, -1.3767493 ], [ 36.9400375, -1.3765348 ], [ 36.9399774, -1.3765005 ], [ 36.9398401, -1.3764319 ], [ 36.9397457, -1.3763632 ], [ 36.9396341, -1.3763632 ], [ 36.9394539, -1.3762774 ], [ 36.9394281, -1.3762173 ], [ 36.9392565, -1.3762173 ], [ 36.9391191, -1.3762345 ], [ 36.938999, -1.3762088 ], [ 36.9391964, -1.3761744 ], [ 36.9393509, -1.3761315 ], [ 36.939471, -1.3761058 ], [ 36.9394882, -1.3759771 ], [ 36.9395569, -1.3758999 ], [ 36.939677, -1.3758827 ], [ 36.93978, -1.3758913 ], [ 36.9398315, -1.3758398 ], [ 36.9399774, -1.3758913 ], [ 36.9401062, -1.3759342 ], [ 36.9401749, -1.3758827 ], [ 36.9402607, -1.3758827 ], [ 36.9403551, -1.3758312 ], [ 36.9404323, -1.3758484 ], [ 36.9404409, -1.3759256 ], [ 36.9405697, -1.3759599 ], [ 36.9407413, -1.3760028 ], [ 36.941016, -1.37602 ], [ 36.9411705, -1.37602 ], [ 36.9413422, -1.3761573 ], [ 36.9414709, -1.3763203 ], [ 36.9416082, -1.3764404 ], [ 36.9416941, -1.3765777 ], [ 36.9418056, -1.3766206 ], [ 36.9419172, -1.3767408 ], [ 36.9420717, -1.3768952 ], [ 36.942252, -1.3770497 ], [ 36.9423378, -1.3772127 ], [ 36.9424923, -1.3772985 ], [ 36.9425438, -1.3772384 ], [ 36.9424923, -1.3771612 ], [ 36.9423893, -1.3771011 ], [ 36.9424923, -1.3770411 ], [ 36.9425953, -1.3770926 ], [ 36.9426382, -1.3771698 ], [ 36.9426897, -1.3772041 ], [ 36.9427669, -1.37735 ], [ 36.9428614, -1.3774358 ], [ 36.9429901, -1.3775988 ], [ 36.9429729, -1.3777275 ], [ 36.9428184, -1.3779764 ], [ 36.942518, -1.3782166 ], [ 36.9423807, -1.3782938 ], [ 36.9422434, -1.378414 ], [ 36.9420975, -1.3785598 ], [ 36.9420803, -1.3784397 ] ] ] } },
{ "type": "Feature", "properties": { "id": "way/1527338376", "name": "", "name_en": "", "name_sw": "", "waterway": "", "covered": "", "width": "", "depth": "", "layer": "", "blockage": "", "tunnel": "", "natural_cl": "water", "water": "reservoir", "source": "", "adm0_pcode": "KEN", "adm0_name": "Kenya", "adm1_pcode": "KE016", "adm1_name": "Machakos", "adm2_pcode": "KE016080", "adm2_name": "Mavoko", "adm3_pcode": "", "adm3_name": "", "adm4_pcode": "", "adm4_name": "", "name_latin": "", "display_name": "(unnamed dam or water body)", "waterbody_type": "reservoir", "osm_id": "way/1527338376", "model_source": "dams.geojson" }, "geometry": { "type": "Polygon", "coordinates": [ [ [ 36.9131546, -1.3723404 ], [ 36.913164, -1.3722184 ], [ 36.9131935, -1.3721862 ], [ 36.9133168, -1.3722009 ], [ 36.9136561, -1.3725951 ], [ 36.9138359, -1.3727841 ], [ 36.9136776, -1.3729222 ], [ 36.9131546, -1.3723404 ] ] ] } },
{ "type": "Feature", "properties": { "id": "way/562257165", "name": "Embakasi Dam", "name_en": "", "name_sw": "", "waterway": "", "covered": "", "width": "", "depth": "", "layer": "", "blockage": "", "tunnel": "", "natural_cl": "water", "water": "reservoir", "source": "", "adm0_pcode": "KEN", "adm0_name": "Kenya", "adm1_pcode": "KE047", "adm1_name": "Nairobi", "adm2_pcode": "KE047282", "adm2_name": "Embakasi South", "adm3_pcode": "", "adm3_name": "", "adm4_pcode": "", "adm4_name": "", "name_latin": "Embakasi Dam", "display_name": "Embakasi Dam", "waterbody_type": "reservoir", "osm_id": "way/562257165", "model_source": "dams.geojson" }, "geometry": { "type": "Polygon", "coordinates": [ [ [ 36.8826761, -1.3601347 ], [ 36.8827086, -1.3599396 ], [ 36.8825541, -1.3597608 ], [ 36.8826355, -1.3595657 ], [ 36.8825704, -1.3594763 ], [ 36.8823834, -1.3593544 ], [ 36.8821883, -1.3591918 ], [ 36.8820744, -1.3590292 ], [ 36.8819606, -1.3588016 ], [ 36.8819687, -1.358639 ], [ 36.881985, -1.3584277 ], [ 36.8820826, -1.358322 ], [ 36.8821151, -1.358509 ], [ 36.8821069, -1.3588016 ], [ 36.882294, -1.3590211 ], [ 36.8824566, -1.3590373 ], [ 36.8824728, -1.3588748 ], [ 36.8825948, -1.3588422 ], [ 36.882733, -1.3591267 ], [ 36.88292, -1.3592649 ], [ 36.8830908, -1.3594519 ], [ 36.8832941, -1.3598014 ], [ 36.8836437, -1.3601753 ], [ 36.8836193, -1.3604111 ], [ 36.8834648, -1.3604111 ], [ 36.8830583, -1.3604273 ], [ 36.8827737, -1.3604192 ], [ 36.8826273, -1.3603704 ], [ 36.8826761, -1.3601347 ] ] ] } },
{ "type": "Feature", "properties": { "id": "way/980734891", "name": "", "name_en": "", "name_sw": "", "waterway": "", "covered": "", "width": "", "depth": "", "layer": "", "blockage": "", "tunnel": "", "natural_cl": "water", "water": "", "source": "", "adm0_pcode": "KEN", "adm0_name": "Kenya", "adm1_pcode": "KE047", "adm1_name": "Nairobi", "adm2_pcode": "KE047282", "adm2_name": "Embakasi South", "adm3_pcode": "", "adm3_name": "", "adm4_pcode": "", "adm4_name": "", "name_latin": "", "display_name": "(unnamed dam or water body)", "waterbody_type": "water", "osm_id": "way/980734891", "model_source": "dams.geojson" }, "geometry": { "type": "Polygon", "coordinates": [ [ [ 36.8924949, -1.3505093 ], [ 36.8927175, -1.350512 ], [ 36.8927953, -1.3506327 ], [ 36.8928623, -1.3507748 ], [ 36.8929133, -1.3509491 ], [ 36.8929321, -1.3511529 ], [ 36.8929294, -1.3518152 ], [ 36.8928972, -1.3527108 ], [ 36.8924922, -1.3527081 ], [ 36.8924171, -1.35159 ], [ 36.8924251, -1.3505227 ], [ 36.8924949, -1.3505093 ] ] ] } },
{ "type": "Feature", "properties": { "id": "way/587385461", "name": "Ruai Dam", "name_en": "", "name_sw": "", "waterway": "", "covered": "", "width": "", "depth": "", "layer": "", "blockage": "", "tunnel": "", "natural_cl": "water", "water": "reservoir", "source": "", "adm0_pcode": "KEN", "adm0_name": "Kenya", "adm1_pcode": "KE047", "adm1_name": "Nairobi", "adm2_pcode": "KE047277", "adm2_name": "Langata", "adm3_pcode": "", "adm3_name": "", "adm4_pcode": "", "adm4_name": "", "name_latin": "Ruai Dam", "display_name": "Ruai Dam", "waterbody_type": "reservoir", "osm_id": "way/587385461", "model_source": "dams.geojson" }, "geometry": { "type": "Polygon", "coordinates": [ [ [ 36.8690003, -1.3443404 ], [ 36.8688957, -1.344319 ], [ 36.8688635, -1.3442653 ], [ 36.8687992, -1.3442385 ], [ 36.8687723, -1.3441608 ], [ 36.8687294, -1.3441205 ], [ 36.8686945, -1.3440562 ], [ 36.8686945, -1.3439436 ], [ 36.8686999, -1.3438819 ], [ 36.8687428, -1.343788 ], [ 36.8687965, -1.3436861 ], [ 36.8688233, -1.3436084 ], [ 36.8688635, -1.3435547 ], [ 36.8689655, -1.3434958 ], [ 36.8690647, -1.3434287 ], [ 36.8691773, -1.3433885 ], [ 36.8693544, -1.3433644 ], [ 36.8694322, -1.3433349 ], [ 36.8694429, -1.3432839 ], [ 36.8694456, -1.3432544 ], [ 36.8694053, -1.3432222 ], [ 36.8694268, -1.3431445 ], [ 36.8694617, -1.3430989 ], [ 36.8695502, -1.3430908 ], [ 36.8696655, -1.3431203 ], [ 36.8697889, -1.3430667 ], [ 36.8698452, -1.3430962 ], [ 36.8697621, -1.3431364 ], [ 36.8696709, -1.3431713 ], [ 36.8696575, -1.3432222 ], [ 36.8697406, -1.3432866 ], [ 36.8697969, -1.3433402 ], [ 36.8698801, -1.3434019 ], [ 36.869923, -1.3434689 ], [ 36.869923, -1.3435333 ], [ 36.8699042, -1.3436218 ], [ 36.8698694, -1.3437049 ], [ 36.8698157, -1.3437853 ], [ 36.869746, -1.343847 ], [ 36.8696736, -1.343906 ], [ 36.8695609, -1.3439838 ], [ 36.8694375, -1.3440589 ], [ 36.8692758, -1.3441805 ], [ 36.8690796, -1.3443159 ], [ 36.8690003, -1.3443404 ] ] ] } },
{ "type": "Feature", "properties": { "id": "way/100149229", "name": "", "name_en": "", "name_sw": "", "waterway": "", "covered": "", "width": "", "depth": "", "layer": "", "blockage": "", "tunnel": "", "natural_cl": "water", "water": "reservoir", "source": "", "adm0_pcode": "KEN", "adm0_name": "Kenya", "adm1_pcode": "KE047", "adm1_name": "Nairobi", "adm2_pcode": "KE047285", "adm2_name": "Embakasi East", "adm3_pcode": "", "adm3_name": "", "adm4_pcode": "", "adm4_name": "", "name_latin": "", "display_name": "(unnamed dam or water body)", "waterbody_type": "reservoir", "osm_id": "way/100149229", "model_source": "dams.geojson" }, "geometry": { "type": "Polygon", "coordinates": [ [ [ 36.9464774, -1.3303416 ], [ 36.9463571, -1.3303641 ], [ 36.9458851, -1.330407 ], [ 36.9452628, -1.3303856 ], [ 36.944898, -1.3302354 ], [ 36.9445118, -1.3301496 ], [ 36.9436749, -1.3303641 ], [ 36.9430956, -1.3306644 ], [ 36.9426879, -1.3307717 ], [ 36.9423016, -1.3307717 ], [ 36.9419583, -1.3307502 ], [ 36.9417242, -1.3306288 ], [ 36.9416365, -1.3305143 ], [ 36.9420012, -1.3305786 ], [ 36.9424948, -1.3305143 ], [ 36.9428595, -1.3303856 ], [ 36.9431599, -1.3300852 ], [ 36.9434174, -1.3296991 ], [ 36.9438681, -1.3293988 ], [ 36.9443401, -1.3291843 ], [ 36.9445976, -1.3292701 ], [ 36.944898, -1.3293773 ], [ 36.9452628, -1.3291414 ], [ 36.9456276, -1.3291843 ], [ 36.945928, -1.3291843 ], [ 36.9461855, -1.3292915 ], [ 36.9464001, -1.3292915 ], [ 36.9467005, -1.3302998 ], [ 36.9464774, -1.3303416 ] ] ] } },
{ "type": "Feature", "properties": { "id": "way/435098650", "name": "", "name_en": "", "name_sw": "", "waterway": "", "covered": "", "width": "", "depth": "", "layer": "", "blockage": "", "tunnel": "", "natural_cl": "water", "water": "", "source": "", "adm0_pcode": "KEN", "adm0_name": "Kenya", "adm1_pcode": "KE016", "adm1_name": "Machakos", "adm2_pcode": "KE016080", "adm2_name": "Mavoko", "adm3_pcode": "", "adm3_name": "", "adm4_pcode": "", "adm4_name": "", "name_latin": "", "display_name": "(unnamed dam or water body)", "waterbody_type": "water", "osm_id": "way/435098650", "model_source": "dams.geojson" }, "geometry": { "type": "Polygon", "coordinates": [ [ [ 37.0577501, -1.3534334 ], [ 37.0578273, -1.3534456 ], [ 37.0580712, -1.3536366 ], [ 37.0580672, -1.3537097 ], [ 37.0573557, -1.3545348 ], [ 37.05727850000001, -1.3545592 ], [ 37.0570427, -1.3543682 ], [ 37.0570345, -1.354295 ], [ 37.0577501, -1.3534334 ] ] ] } },
{ "type": "Feature", "properties": { "id": "way/435098641", "name": "", "name_en": "", "name_sw": "", "waterway": "", "covered": "", "width": "", "depth": "", "layer": "", "blockage": "", "tunnel": "", "natural_cl": "water", "water": "", "source": "", "adm0_pcode": "KEN", "adm0_name": "Kenya", "adm1_pcode": "KE016", "adm1_name": "Machakos", "adm2_pcode": "KE016080", "adm2_name": "Mavoko", "adm3_pcode": "", "adm3_name": "", "adm4_pcode": "", "adm4_name": "", "name_latin": "", "display_name": "(unnamed dam or water body)", "waterbody_type": "water", "osm_id": "way/435098641", "model_source": "dams.geojson" }, "geometry": { "type": "Polygon", "coordinates": [ [ [ 37.0596482, -1.3520952 ], [ 37.0603881, -1.3527048 ], [ 37.0604044, -1.3528186 ], [ 37.0583473, -1.3552978 ], [ 37.0582253, -1.3553141 ], [ 37.0575098, -1.3547288 ], [ 37.0575017, -1.3545988 ], [ 37.0595344, -1.3521277 ], [ 37.0596482, -1.3520952 ] ] ] } },
{ "type": "Feature", "properties": { "id": "way/435098649", "name": "", "name_en": "", "name_sw": "", "waterway": "", "covered": "", "width": "", "depth": "", "layer": "", "blockage": "", "tunnel": "", "natural_cl": "water", "water": "", "source": "", "adm0_pcode": "KEN", "adm0_name": "Kenya", "adm1_pcode": "KE016", "adm1_name": "Machakos", "adm2_pcode": "KE016080", "adm2_name": "Mavoko", "adm3_pcode": "", "adm3_name": "", "adm4_pcode": "", "adm4_name": "", "name_latin": "", "display_name": "(unnamed dam or water body)", "waterbody_type": "water", "osm_id": "way/435098649", "model_source": "dams.geojson" }, "geometry": { "type": "Polygon", "coordinates": [ [ [ 37.058494, -1.3525677 ], [ 37.0587502, -1.3527627 ], [ 37.0587664, -1.3528237 ], [ 37.0581769, -1.3535756 ], [ 37.0581281, -1.3535797 ], [ 37.0578761, -1.3533887 ], [ 37.0578639, -1.3533074 ], [ 37.0584453, -1.3525717 ], [ 37.058494, -1.3525677 ] ] ] } },
{ "type": "Feature", "properties": { "id": "way/435098645", "name": "", "name_en": "", "name_sw": "", "waterway": "", "covered": "", "width": "", "depth": "", "layer": "", "blockage": "", "tunnel": "", "natural_cl": "water", "water": "", "source": "", "adm0_pcode": "KEN", "adm0_name": "Kenya", "adm1_pcode": "KE016", "adm1_name": "Machakos", "adm2_pcode": "KE016080", "adm2_name": "Mavoko", "adm3_pcode": "", "adm3_name": "", "adm4_pcode": "", "adm4_name": "", "name_latin": "", "display_name": "(unnamed dam or water body)", "waterbody_type": "water", "osm_id": "way/435098645", "model_source": "dams.geojson" }, "geometry": { "type": "Polygon", "coordinates": [ [ [ 37.0564288, -1.3523157 ], [ 37.0566158, -1.3524539 ], [ 37.0566483, -1.3525351 ], [ 37.0559531, -1.3533602 ], [ 37.0558962, -1.353348 ], [ 37.0557092, -1.3531854 ], [ 37.0557133, -1.3530879 ], [ 37.0563637, -1.352336 ], [ 37.0564288, -1.3523157 ] ] ] } },
{ "type": "Feature", "properties": { "id": "way/435098640", "name": "", "name_en": "", "name_sw": "", "waterway": "", "covered": "", "width": "", "depth": "", "layer": "", "blockage": "", "tunnel": "", "natural_cl": "water", "water": "", "source": "", "adm0_pcode": "KEN", "adm0_name": "Kenya", "adm1_pcode": "KE016", "adm1_name": "Machakos", "adm2_pcode": "KE016080", "adm2_name": "Mavoko", "adm3_pcode": "", "adm3_name": "", "adm4_pcode": "", "adm4_name": "", "name_latin": "", "display_name": "(unnamed dam or water body)", "waterbody_type": "water", "osm_id": "way/435098640", "model_source": "dams.geojson" }, "geometry": { "type": "Polygon", "coordinates": [ [ [ 37.0581033, -1.3509978 ], [ 37.0582985, -1.3509897 ], [ 37.0589734, -1.3515261 ], [ 37.0589652, -1.3516481 ], [ 37.0569244, -1.3541598 ], [ 37.0567699, -1.3541111 ], [ 37.0561031, -1.3535502 ], [ 37.056095, -1.3534283 ], [ 37.0581033, -1.3509978 ] ] ] } },
{ "type": "Feature", "properties": { "id": "way/435098648", "name": "", "name_en": "", "name_sw": "", "waterway": "", "covered": "", "width": "", "depth": "", "layer": "", "blockage": "", "tunnel": "", "natural_cl": "water", "water": "", "source": "", "adm0_pcode": "KEN", "adm0_name": "Kenya", "adm1_pcode": "KE016", "adm1_name": "Machakos", "adm2_pcode": "KE016080", "adm2_name": "Mavoko", "adm3_pcode": "", "adm3_name": "", "adm4_pcode": "", "adm4_name": "", "name_latin": "", "display_name": "(unnamed dam or water body)", "waterbody_type": "water", "osm_id": "way/435098648", "model_source": "dams.geojson" }, "geometry": { "type": "Polygon", "coordinates": [ [ [ 37.0591933, -1.3517345 ], [ 37.0594413, -1.3519214 ], [ 37.0594616, -1.3519865 ], [ 37.0588803, -1.352718 ], [ 37.0588274, -1.3527221 ], [ 37.05853470000001, -1.3524864 ], [ 37.0585388, -1.3524173 ], [ 37.0591039, -1.3517467 ], [ 37.0591933, -1.3517345 ] ] ] } },
{ "type": "Feature", "properties": { "id": "way/435098646", "name": "", "name_en": "", "name_sw": "", "waterway": "", "covered": "", "width": "", "depth": "", "layer": "", "blockage": "", "tunnel": "", "natural_cl": "water", "water": "", "source": "", "adm0_pcode": "KEN", "adm0_name": "Kenya", "adm1_pcode": "KE016", "adm1_name": "Machakos", "adm2_pcode": "KE016080", "adm2_name": "Mavoko", "adm3_pcode": "", "adm3_name": "", "adm4_pcode": "", "adm4_name": "", "name_latin": "", "display_name": "(unnamed dam or water body)", "waterbody_type": "water", "osm_id": "way/435098646", "model_source": "dams.geojson" }, "geometry": { "type": "Polygon", "coordinates": [ [ [ 37.0570427, -1.3514093 ], [ 37.0571443, -1.3513768 ], [ 37.0573882, -1.3516085 ], [ 37.0573964, -1.3516857 ], [ 37.0568028, -1.3523766 ], [ 37.0567256, -1.3523766 ], [ 37.056502, -1.3521775 ], [ 37.0564938, -1.352084 ], [ 37.0570427, -1.3514093 ] ] ] } },
{ "type": "Feature", "properties": { "id": "way/435098642", "name": "", "name_en": "", "name_sw": "", "waterway": "", "covered": "", "width": "", "depth": "", "layer": "", "blockage": "", "tunnel": "", "natural_cl": "water", "water": "", "source": "", "adm0_pcode": "KEN", "adm0_name": "Kenya", "adm1_pcode": "KE016", "adm1_name": "Machakos", "adm2_pcode": "KE016080", "adm2_name": "Mavoko", "adm3_pcode": "", "adm3_name": "", "adm4_pcode": "", "adm4_name": "", "name_latin": "", "display_name": "(unnamed dam or water body)", "waterbody_type": "water", "osm_id": "way/435098642", "model_source": "dams.geojson" }, "geometry": { "type": "Polygon", "coordinates": [ [ [ 37.0542578, -1.3519336 ], [ 37.0549652, -1.3511004 ], [ 37.0550303, -1.3510842 ], [ 37.0552905, -1.3512915 ], [ 37.0553108, -1.3513402 ], [ 37.0545993, -1.3522059 ], [ 37.0544977, -1.3522425 ], [ 37.0542497, -1.3520271 ], [ 37.0542578, -1.3519336 ] ] ] } },
{ "type": "Feature", "properties": { "id": "way/435098639", "name": "", "name_en": "", "name_sw": "", "waterway": "", "covered": "", "width": "", "depth": "", "layer": "", "blockage": "", "tunnel": "", "natural_cl": "water", "water": "", "source": "", "adm0_pcode": "KEN", "adm0_name": "Kenya", "adm1_pcode": "KE016", "adm1_name": "Machakos", "adm2_pcode": "KE016080", "adm2_name": "Mavoko", "adm3_pcode": "", "adm3_name": "", "adm4_pcode": "", "adm4_name": "", "name_latin": "", "display_name": "(unnamed dam or water body)", "waterbody_type": "water", "osm_id": "way/435098639", "model_source": "dams.geojson" }, "geometry": { "type": "Polygon", "coordinates": [ [ [ 37.0567455, -1.3498273 ], [ 37.0568593, -1.3498354 ], [ 37.057583, -1.3504288 ], [ 37.0575586, -1.3505832 ], [ 37.055534, -1.3529893 ], [ 37.0553632, -1.3529812 ], [ 37.054729, -1.3524528 ], [ 37.0547209, -1.3522984 ], [ 37.0567455, -1.3498273 ] ] ] } },
{ "type": "Feature", "properties": { "id": "way/435098647", "name": "", "name_en": "", "name_sw": "", "waterway": "", "covered": "", "width": "", "depth": "", "layer": "", "blockage": "", "tunnel": "", "natural_cl": "water", "water": "", "source": "", "adm0_pcode": "KEN", "adm0_name": "Kenya", "adm1_pcode": "KE016", "adm1_name": "Machakos", "adm2_pcode": "KE016080", "adm2_name": "Mavoko", "adm3_pcode": "", "adm3_name": "", "adm4_pcode": "", "adm4_name": "", "name_latin": "", "display_name": "(unnamed dam or water body)", "waterbody_type": "water", "osm_id": "way/435098647", "model_source": "dams.geojson" }, "geometry": { "type": "Polygon", "coordinates": [ [ [ 37.0577094, -1.350633 ], [ 37.0577907, -1.3506249 ], [ 37.058014300000011, -1.3508362 ], [ 37.0580103, -1.3509216 ], [ 37.0575224, -1.3514784 ], [ 37.0574452, -1.3514906 ], [ 37.0572256, -1.3512955 ], [ 37.0572256, -1.3512142 ], [ 37.0577094, -1.350633 ] ] ] } },
{ "type": "Feature", "properties": { "id": "way/188442937", "name": "", "name_en": "", "name_sw": "", "waterway": "", "covered": "", "width": "", "depth": "", "layer": "", "blockage": "", "tunnel": "", "natural_cl": "water", "water": "reservoir", "source": "", "adm0_pcode": "KEN", "adm0_name": "Kenya", "adm1_pcode": "KE016", "adm1_name": "Machakos", "adm2_pcode": "KE016080", "adm2_name": "Mavoko", "adm3_pcode": "", "adm3_name": "", "adm4_pcode": "", "adm4_name": "", "name_latin": "", "display_name": "(unnamed dam or water body)", "waterbody_type": "reservoir", "osm_id": "way/188442937", "model_source": "dams.geojson" }, "geometry": { "type": "Polygon", "coordinates": [ [ [ 36.9656251, -1.4474449 ], [ 36.965314, -1.4472947 ], [ 36.9651638, -1.4472518 ], [ 36.9650458, -1.4472304 ], [ 36.9650458, -1.4471446 ], [ 36.9652711, -1.4471124 ], [ 36.9655822, -1.4469944 ], [ 36.96598, -1.4471524 ], [ 36.9660757, -1.4474824 ], [ 36.9656251, -1.4474449 ] ] ] } },
{ "type": "Feature", "properties": { "id": "way/100147501", "name": "", "name_en": "", "name_sw": "", "waterway": "", "covered": "", "width": "", "depth": "", "layer": "", "blockage": "", "tunnel": "", "natural_cl": "water", "water": "river", "source": "", "adm0_pcode": "KEN", "adm0_name": "Kenya", "adm1_pcode": "KE016", "adm1_name": "Machakos", "adm2_pcode": "KE016080", "adm2_name": "Mavoko", "adm3_pcode": "", "adm3_name": "", "adm4_pcode": "", "adm4_name": "", "name_latin": "", "display_name": "(unnamed dam or water body)", "waterbody_type": "river", "osm_id": "way/100147501", "model_source": "dams.geojson" }, "geometry": { "type": "Polygon", "coordinates": [ [ [ 36.9651942, -1.4439395 ], [ 36.9654695, -1.4437422 ], [ 36.965609, -1.4436403 ], [ 36.9658718, -1.4435837 ], [ 36.9660649, -1.4436051 ], [ 36.9663546, -1.4437285 ], [ 36.9665907, -1.4437124 ], [ 36.9668106, -1.4436588 ], [ 36.9670574, -1.4437553 ], [ 36.9673202, -1.4439055 ], [ 36.9674436, -1.444002 ], [ 36.967626, -1.4441146 ], [ 36.967803, -1.4443774 ], [ 36.9679177, -1.4445785 ], [ 36.9681826, -1.4447123 ], [ 36.968354, -1.4447464 ], [ 36.9688767, -1.4449292 ], [ 36.969128, -1.4451418 ], [ 36.9694177, -1.4451955 ], [ 36.9696698, -1.4452622 ], [ 36.9698683, -1.4454017 ], [ 36.9700936, -1.4454875 ], [ 36.9703297, -1.445584 ], [ 36.9705496, -1.4456162 ], [ 36.9707642, -1.4455947 ], [ 36.9710109, -1.4455572 ], [ 36.9712148, -1.4454821 ], [ 36.9715098, -1.4455143 ], [ 36.9718692, -1.4455465 ], [ 36.9721267, -1.4455089 ], [ 36.9723252, -1.4453963 ], [ 36.9726095, -1.4452676 ], [ 36.9730065, -1.4450531 ], [ 36.9731138, -1.4449512 ], [ 36.9731084, -1.4446562 ], [ 36.9730977, -1.4442433 ], [ 36.9731299, -1.4437446 ], [ 36.9732372, -1.4436373 ], [ 36.9734035, -1.4431493 ], [ 36.9737146, -1.4425302 ], [ 36.9738326, -1.4423532 ], [ 36.9740418, -1.4421602 ], [ 36.9743261, -1.4420583 ], [ 36.9745568, -1.4420744 ], [ 36.9748197, -1.4421787 ], [ 36.9752488, -1.4422859 ], [ 36.9761554, -1.4424766 ], [ 36.9765309, -1.4425463 ], [ 36.9769976, -1.4426506 ], [ 36.9774912, -1.4428037 ], [ 36.9777218, -1.4428895 ], [ 36.9779739, -1.4429056 ], [ 36.97821, -1.4429109 ], [ 36.9785104, -1.4429616 ], [ 36.9789395, -1.4430504 ], [ 36.9792024, -1.4432005 ], [ 36.9793741, -1.4433853 ], [ 36.9795404, -1.4435569 ], [ 36.9798354, -1.4437124 ], [ 36.9800339, -1.4438679 ], [ 36.9801734, -1.4439859 ], [ 36.9804148, -1.4440878 ], [ 36.9806293, -1.4441361 ], [ 36.9808493, -1.4441307 ], [ 36.981026300000011, -1.444002 ], [ 36.981198, -1.4438357 ], [ 36.9813535, -1.4436159 ], [ 36.9814608, -1.4434389 ], [ 36.9815145, -1.443219 ], [ 36.981632500000011, -1.443085 ], [ 36.9818095, -1.4428865 ], [ 36.9820187, -1.442731 ], [ 36.982185, -1.4426881 ], [ 36.9823942, -1.4426184 ], [ 36.9825713, -1.4425487 ], [ 36.9826893, -1.4424683 ], [ 36.9828395, -1.4424361 ], [ 36.9830219, -1.4423395 ], [ 36.9831828, -1.4422537 ], [ 36.9833759, -1.4421894 ], [ 36.9835051, -1.4420885 ], [ 36.9836607, -1.4420296 ], [ 36.9837787, -1.4420027 ], [ 36.9838094, -1.4419633 ], [ 36.9838538, -1.4419062 ], [ 36.9838645, -1.4417721 ], [ 36.9837573, -1.4417132 ], [ 36.9837465, -1.4416274 ], [ 36.9837574, -1.4414703 ], [ 36.9837694, -1.4413654 ], [ 36.9837784, -1.441286 ], [ 36.9838806, -1.4412627 ], [ 36.9839557, -1.4411393 ], [ 36.9839718, -1.4408819 ], [ 36.9839928, -1.4402481 ], [ 36.984143, -1.439862 ], [ 36.9844005, -1.4395295 ], [ 36.9848458, -1.4392024 ], [ 36.9855431, -1.4387787 ], [ 36.9860882, -1.4385636 ], [ 36.9863585, -1.4384569 ], [ 36.9870023, -1.4381673 ], [ 36.9873134, -1.4377705 ], [ 36.9873617, -1.4374595 ], [ 36.987253, -1.4372814 ], [ 36.9877801, -1.4373093 ], [ 36.9876084, -1.4375399 ], [ 36.9875655, -1.437808 ], [ 36.9874582, -1.4381191 ], [ 36.9871256, -1.4384087 ], [ 36.9865999, -1.4387036 ], [ 36.9859991, -1.4389449 ], [ 36.9854573, -1.4392024 ], [ 36.9848243, -1.4395831 ], [ 36.984363, -1.4399692 ], [ 36.984261, -1.4403446 ], [ 36.984283, -1.4411876 ], [ 36.9842401, -1.4412573 ], [ 36.9842508, -1.441445 ], [ 36.9842025, -1.4415801 ], [ 36.9841971, -1.4415952 ], [ 36.9841811, -1.4417292 ], [ 36.984165, -1.4419062 ], [ 36.9840148, -1.441858 ], [ 36.9839504, -1.4419277 ], [ 36.9839454, -1.4420251 ], [ 36.9839397, -1.4421368 ], [ 36.9836978, -1.4423235 ], [ 36.9834939, -1.4424468 ], [ 36.9831452, -1.4426935 ], [ 36.9828878, -1.4428061 ], [ 36.9824854, -1.4429241 ], [ 36.9821689, -1.4430635 ], [ 36.98189, -1.4433102 ], [ 36.9816808, -1.4435515 ], [ 36.9815198, -1.4438733 ], [ 36.9813267, -1.4441039 ], [ 36.9810209, -1.4443559 ], [ 36.98086, -1.44449 ], [ 36.9806883, -1.4444256 ], [ 36.9804416, -1.444431 ], [ 36.9802538, -1.444313 ], [ 36.9801144, -1.4443023 ], [ 36.9799373, -1.4441253 ], [ 36.9797335, -1.4439215 ], [ 36.979594, -1.4437821 ], [ 36.979417, -1.4436427 ], [ 36.9792239, -1.4434818 ], [ 36.9790468, -1.4433531 ], [ 36.9788108, -1.4432566 ], [ 36.9785694, -1.4432137 ], [ 36.9782475, -1.4431869 ], [ 36.9780705, -1.4431708 ], [ 36.9778667, -1.4431547 ], [ 36.9776253, -1.4431118 ], [ 36.9774053, -1.4430582 ], [ 36.97697620000001, -1.442908 ], [ 36.9765309, -1.44279 ], [ 36.976252, -1.4427364 ], [ 36.9755546, -1.4425916 ], [ 36.9752381, -1.4425004 ], [ 36.9748411, -1.4424039 ], [ 36.9745246, -1.4422859 ], [ 36.9741652, -1.4423288 ], [ 36.9739935, -1.4424951 ], [ 36.973779, -1.4428758 ], [ 36.9734732, -1.4435193 ], [ 36.9733659, -1.44412 ], [ 36.973264, -1.4444256 ], [ 36.9733015, -1.4450263 ], [ 36.9732425, -1.4451335 ], [ 36.9730762, -1.4452569 ], [ 36.972867, -1.4453534 ], [ 36.97269, -1.4454499 ], [ 36.9723681, -1.4456108 ], [ 36.9722018, -1.4456912 ], [ 36.9719712, -1.4457395 ], [ 36.9717727, -1.4458039 ], [ 36.9716064, -1.4457878 ], [ 36.9713918, -1.4457556 ], [ 36.9711397, -1.4457824 ], [ 36.9708715, -1.4458253 ], [ 36.970614, -1.4458039 ], [ 36.9703243, -1.445761 ], [ 36.9700614, -1.4456698 ], [ 36.9698308, -1.4455518 ], [ 36.9696269, -1.4454338 ], [ 36.9694338, -1.4453563 ], [ 36.9691978, -1.4453456 ], [ 36.9689134, -1.4452866 ], [ 36.9683363, -1.4450454 ], [ 36.9681654, -1.4450008 ], [ 36.9676786, -1.4445743 ], [ 36.9674916, -1.4442786 ], [ 36.9672988, -1.4440181 ], [ 36.9670466, -1.4438679 ], [ 36.9667462, -1.443825 ], [ 36.9665638, -1.4439055 ], [ 36.9662205, -1.4438304 ], [ 36.9657645, -1.443769 ], [ 36.9654963, -1.4438679 ], [ 36.9652796, -1.444103 ], [ 36.9651942, -1.4439395 ] ] ] } },
{ "type": "Feature", "properties": { "id": "way/174315865", "name": "", "name_en": "", "name_sw": "", "waterway": "", "covered": "", "width": "", "depth": "", "layer": "", "blockage": "", "tunnel": "", "natural_cl": "water", "water": "", "source": "", "adm0_pcode": "KEN", "adm0_name": "Kenya", "adm1_pcode": "KE016", "adm1_name": "Machakos", "adm2_pcode": "KE016080", "adm2_name": "Mavoko", "adm3_pcode": "", "adm3_name": "", "adm4_pcode": "", "adm4_name": "", "name_latin": "", "display_name": "(unnamed dam or water body)", "waterbody_type": "water", "osm_id": "way/174315865", "model_source": "dams.geojson" }, "geometry": { "type": "Polygon", "coordinates": [ [ [ 37.0022144, -1.4322988 ], [ 37.0023268, -1.4325461 ], [ 37.0022031, -1.4326135 ], [ 37.0019783, -1.432636 ], [ 37.0018996, -1.4328383 ], [ 37.0017984, -1.4327146 ], [ 37.00156230000001, -1.4325573 ], [ 37.00153980000001, -1.4322651 ], [ 37.0018996, -1.4320178 ], [ 37.0020232, -1.4320403 ], [ 37.0022144, -1.4322988 ] ] ] } },
{ "type": "Feature", "properties": { "id": "way/174315876", "name": "", "name_en": "", "name_sw": "", "waterway": "", "covered": "", "width": "", "depth": "", "layer": "", "blockage": "", "tunnel": "", "natural_cl": "water", "water": "", "source": "", "adm0_pcode": "KEN", "adm0_name": "Kenya", "adm1_pcode": "KE016", "adm1_name": "Machakos", "adm2_pcode": "KE016080", "adm2_name": "Mavoko", "adm3_pcode": "", "adm3_name": "", "adm4_pcode": "", "adm4_name": "", "name_latin": "", "display_name": "(unnamed dam or water body)", "waterbody_type": "water", "osm_id": "way/174315876", "model_source": "dams.geojson" }, "geometry": { "type": "Polygon", "coordinates": [ [ [ 37.0044671, -1.4271563 ], [ 37.0038985, -1.4272818 ], [ 37.0036266, -1.426691 ], [ 37.0033905, -1.4265336 ], [ 37.0035805, -1.4261532 ], [ 37.0034555, -1.4256374 ], [ 37.0041332, -1.4252153 ], [ 37.0044671, -1.4271563 ] ] ] } },
{ "type": "Feature", "properties": { "id": "way/174315871", "name": "", "name_en": "", "name_sw": "", "waterway": "", "covered": "", "width": "", "depth": "", "layer": "", "blockage": "", "tunnel": "", "natural_cl": "water", "water": "", "source": "", "adm0_pcode": "KEN", "adm0_name": "Kenya", "adm1_pcode": "KE016", "adm1_name": "Machakos", "adm2_pcode": "KE016080", "adm2_name": "Mavoko", "adm3_pcode": "", "adm3_name": "", "adm4_pcode": "", "adm4_name": "", "name_latin": "", "display_name": "(unnamed dam or water body)", "waterbody_type": "water", "osm_id": "way/174315871", "model_source": "dams.geojson" }, "geometry": { "type": "Polygon", "coordinates": [ [ [ 37.0190953, -1.3939441 ], [ 37.0190302, -1.3931972 ], [ 37.0191415, -1.3929588 ], [ 37.0198888, -1.39307 ], [ 37.0200159, -1.393229 ], [ 37.0199524, -1.393992 ], [ 37.0190953, -1.3939441 ] ] ] } },
{ "type": "Feature", "properties": { "id": "way/385442454", "name": "", "name_en": "", "name_sw": "", "waterway": "", "covered": "", "width": "", "depth": "", "layer": "", "blockage": "", "tunnel": "", "natural_cl": "water", "water": "pond", "source": "", "adm0_pcode": "KEN", "adm0_name": "Kenya", "adm1_pcode": "KE047", "adm1_name": "Nairobi", "adm2_pcode": "KE047280", "adm2_name": "Kasarani", "adm3_pcode": "", "adm3_name": "", "adm4_pcode": "", "adm4_name": "", "name_latin": "", "display_name": "(unnamed dam or water body)", "waterbody_type": "pond", "osm_id": "way/385442454", "model_source": "dams.geojson" }, "geometry": { "type": "Polygon", "coordinates": [ [ [ 36.9803971, -1.2567155 ], [ 36.980542, -1.2566136 ], [ 36.9809604, -1.2568067 ], [ 36.9814378, -1.2568281 ], [ 36.9814164, -1.2564473 ], [ 36.9817758, -1.2565358 ], [ 36.9819314, -1.2565385 ], [ 36.9818938, -1.2567423 ], [ 36.9821299, -1.2568227 ], [ 36.982441, -1.2571284 ], [ 36.9830043, -1.2572947 ], [ 36.98312760000001, -1.2575521 ], [ 36.9828809, -1.257831 ], [ 36.9821352, -1.2574127 ], [ 36.9815773, -1.2573591 ], [ 36.9815666, -1.2571553 ], [ 36.9813627, -1.2570587 ], [ 36.9813359, -1.2571553 ], [ 36.9814378, -1.2571874 ], [ 36.9814754, -1.2572518 ], [ 36.9814164, -1.2573591 ], [ 36.9812769, -1.2572679 ], [ 36.9809765, -1.257166 ], [ 36.9806707, -1.2570587 ], [ 36.9804132, -1.2569407 ], [ 36.9803971, -1.2567155 ] ] ] } },
{ "type": "Feature", "properties": { "id": "way/1300312353", "name": "", "name_en": "", "name_sw": "", "waterway": "", "covered": "", "width": "", "depth": "", "layer": "", "blockage": "", "tunnel": "", "natural_cl": "water", "water": "pond", "source": "", "adm0_pcode": "KEN", "adm0_name": "Kenya", "adm1_pcode": "KE047", "adm1_name": "Nairobi", "adm2_pcode": "KE047280", "adm2_name": "Kasarani", "adm3_pcode": "", "adm3_name": "", "adm4_pcode": "", "adm4_name": "", "name_latin": "", "display_name": "(unnamed dam or water body)", "waterbody_type": "pond", "osm_id": "way/1300312353", "model_source": "dams.geojson" }, "geometry": { "type": "Polygon", "coordinates": [ [ [ 36.9706363, -1.2549146 ], [ 36.9706585, -1.2548442 ], [ 36.9706665, -1.2548382 ], [ 36.970749, -1.2548577 ], [ 36.9707885, -1.2548845 ], [ 36.9707979, -1.2548959 ], [ 36.970761, -1.2549777 ], [ 36.9707409, -1.2549797 ], [ 36.9707114, -1.254971 ], [ 36.9706665, -1.2549502 ], [ 36.970639, -1.2549368 ], [ 36.9706363, -1.2549146 ] ] ] } },
{ "type": "Feature", "properties": { "id": "way/1300312352", "name": "", "name_en": "", "name_sw": "", "waterway": "", "covered": "", "width": "", "depth": "", "layer": "", "blockage": "", "tunnel": "", "natural_cl": "water", "water": "pond", "source": "", "adm0_pcode": "KEN", "adm0_name": "Kenya", "adm1_pcode": "KE047", "adm1_name": "Nairobi", "adm2_pcode": "KE047280", "adm2_name": "Kasarani", "adm3_pcode": "", "adm3_name": "", "adm4_pcode": "", "adm4_name": "", "name_latin": "", "display_name": "(unnamed dam or water body)", "waterbody_type": "pond", "osm_id": "way/1300312352", "model_source": "dams.geojson" }, "geometry": { "type": "Polygon", "coordinates": [ [ [ 36.9711084, -1.2541725 ], [ 36.9711077, -1.2541289 ], [ 36.9711218, -1.2540927 ], [ 36.9711748, -1.2540974 ], [ 36.9712935, -1.2541256 ], [ 36.9713096, -1.2541383 ], [ 36.9712915, -1.254202 ], [ 36.9712727, -1.2542047 ], [ 36.9711272, -1.2541772 ], [ 36.9711084, -1.2541725 ] ] ] } },
{ "type": "Feature", "properties": { "id": "way/859350036", "name": "", "name_en": "", "name_sw": "", "waterway": "", "covered": "", "width": "", "depth": "", "layer": "", "blockage": "", "tunnel": "", "natural_cl": "water", "water": "lake", "source": "", "adm0_pcode": "KEN", "adm0_name": "Kenya", "adm1_pcode": "KE047", "adm1_name": "Nairobi", "adm2_pcode": "KE047280", "adm2_name": "Kasarani", "adm3_pcode": "", "adm3_name": "", "adm4_pcode": "", "adm4_name": "", "name_latin": "", "display_name": "(unnamed dam or water body)", "waterbody_type": "lake", "osm_id": "way/859350036", "model_source": "dams.geojson" }, "geometry": { "type": "Polygon", "coordinates": [ [ [ 36.9746429, -1.2522612 ], [ 36.9745597, -1.2521647 ], [ 36.9745409, -1.2520869 ], [ 36.9745839, -1.2520387 ], [ 36.9747555, -1.2519984 ], [ 36.9748172, -1.2519287 ], [ 36.9748682, -1.2517249 ], [ 36.9748494, -1.2515962 ], [ 36.9747367, -1.2514407 ], [ 36.9747133, -1.2514206 ], [ 36.9746918, -1.2514206 ], [ 36.9746657, -1.2514447 ], [ 36.9746422, -1.2514474 ], [ 36.9746194, -1.2514775 ], [ 36.9746154, -1.2515084 ], [ 36.9745986, -1.2515164 ], [ 36.9745772, -1.2515352 ], [ 36.9745544, -1.2515774 ], [ 36.9745, -1.2516311 ], [ 36.9744779, -1.2516639 ], [ 36.9744806, -1.2517678 ], [ 36.9744779, -1.2517987 ], [ 36.9744511, -1.2518121 ], [ 36.9744068, -1.2518456 ], [ 36.9743545, -1.2518315 ], [ 36.9743277, -1.2518536 ], [ 36.9743156, -1.2518992 ], [ 36.9743009, -1.251981 ], [ 36.9742848, -1.2520038 ], [ 36.9742084, -1.2520118 ], [ 36.9741239, -1.2520159 ], [ 36.9740622, -1.251989 ], [ 36.9740286, -1.2518751 ], [ 36.9739844, -1.2517732 ], [ 36.9739294, -1.2517625 ], [ 36.9738637, -1.251674 ], [ 36.973853, -1.2516244 ], [ 36.9738087, -1.2515721 ], [ 36.9737672, -1.2514769 ], [ 36.9737698, -1.251383 ], [ 36.9737416, -1.2512932 ], [ 36.9735646, -1.2509526 ], [ 36.9734788, -1.2508025 ], [ 36.9734198, -1.250714 ], [ 36.9733232, -1.2506201 ], [ 36.9731811, -1.2503359 ], [ 36.9730671, -1.2501723 ], [ 36.9730268, -1.2500342 ], [ 36.9730577, -1.249947 ], [ 36.9731717, -1.2498451 ], [ 36.9733071, -1.2498197 ], [ 36.9734895, -1.2498425 ], [ 36.9736598, -1.2498934 ], [ 36.9737913, -1.2499444 ], [ 36.973861, -1.2500235 ], [ 36.9738999, -1.2501589 ], [ 36.9739602, -1.2502836 ], [ 36.9740193, -1.2503546 ], [ 36.9740689, -1.2504632 ], [ 36.9741493, -1.2505343 ], [ 36.9742566, -1.2505557 ], [ 36.9743693, -1.2506845 ], [ 36.9744256, -1.2508588 ], [ 36.9746469, -1.2509486 ], [ 36.97484, -1.2509754 ], [ 36.975017, -1.2510331 ], [ 36.975017, -1.2511014 ], [ 36.9749755, -1.2511444 ], [ 36.9748601, -1.2510974 ], [ 36.9747676, -1.2511014 ], [ 36.9746952, -1.2511001 ], [ 36.9746107, -1.2511578 ], [ 36.9745906, -1.2512074 ], [ 36.9746134, -1.2512235 ], [ 36.9746482, -1.2512248 ], [ 36.974671, -1.2512302 ], [ 36.9747166, -1.2512369 ], [ 36.9747314, -1.2512717 ], [ 36.9747931, -1.251324 ], [ 36.9748709, -1.2513482 ], [ 36.9749835, -1.2513575 ], [ 36.9750546, -1.2513508 ], [ 36.9751927, -1.2512932 ], [ 36.9752249, -1.2512395 ], [ 36.9752222, -1.2511792 ], [ 36.97519, -1.2511269 ], [ 36.9751418, -1.2510854 ], [ 36.9751592, -1.2510398 ], [ 36.9752263, -1.2510304 ], [ 36.9753899, -1.2510545 ], [ 36.9755696, -1.2510921 ], [ 36.9756567, -1.251143 ], [ 36.975764, -1.2512717 ], [ 36.9758096, -1.2514863 ], [ 36.9758177, -1.2517008 ], [ 36.9757667, -1.2518027 ], [ 36.975756, -1.2519341 ], [ 36.975823, -1.2519555 ], [ 36.9758955, -1.2518912 ], [ 36.9759759, -1.2519019 ], [ 36.9760752, -1.2519341 ], [ 36.9762951, -1.2519314 ], [ 36.9765472, -1.2520252 ], [ 36.9766277, -1.2521352 ], [ 36.97667340000001, -1.2523873 ], [ 36.97667340000001, -1.25265 ], [ 36.9767055, -1.252752 ], [ 36.9767833, -1.2529102 ], [ 36.9767404, -1.2531703 ], [ 36.9768745, -1.2534304 ], [ 36.9771937, -1.2534519 ], [ 36.9773144, -1.2536047 ], [ 36.9775102, -1.2536288 ], [ 36.9776765, -1.2535377 ], [ 36.9777542, -1.2533177 ], [ 36.97756110000001, -1.2531381 ], [ 36.9775692, -1.2529102 ], [ 36.9777006, -1.2526983 ], [ 36.9777596, -1.2525535 ], [ 36.9778857, -1.2524865 ], [ 36.9780225, -1.2524704 ], [ 36.9784597, -1.252583 ], [ 36.9783658, -1.2527546 ], [ 36.9784704, -1.2530094 ], [ 36.9786877, -1.2530925 ], [ 36.9787762, -1.2531059 ], [ 36.9789184, -1.2526983 ], [ 36.9792026, -1.2527278 ], [ 36.9794413, -1.2528029 ], [ 36.9794146, -1.2529852 ], [ 36.9792778, -1.2531676 ], [ 36.9791597, -1.2532749 ], [ 36.9791061, -1.2533526 ], [ 36.9790042, -1.2535216 ], [ 36.9788862, -1.253661 ], [ 36.9786716, -1.2539828 ], [ 36.9783175, -1.2542724 ], [ 36.9781459, -1.2543957 ], [ 36.9779125, -1.2548033 ], [ 36.9779528, -1.2550983 ], [ 36.9776845, -1.2553343 ], [ 36.9770623, -1.2552378 ], [ 36.9766653, -1.2547229 ], [ 36.9763756, -1.2542402 ], [ 36.9759894, -1.2536932 ], [ 36.9755817, -1.2532856 ], [ 36.9748736, -1.2531247 ], [ 36.9744766, -1.2529209 ], [ 36.9745477, -1.2526554 ], [ 36.9745731, -1.2525133 ], [ 36.9745007, -1.252461 ], [ 36.9744994, -1.2523846 ], [ 36.974549, -1.2523283 ], [ 36.9746241, -1.2523269 ], [ 36.9746429, -1.2522612 ] ] ] } },
{ "type": "Feature", "properties": { "id": "way/84630520", "name": "", "name_en": "", "name_sw": "", "waterway": "", "covered": "", "width": "", "depth": "", "layer": "", "blockage": "", "tunnel": "", "natural_cl": "water", "water": "basin", "source": "", "adm0_pcode": "KEN", "adm0_name": "Kenya", "adm1_pcode": "KE047", "adm1_name": "Nairobi", "adm2_pcode": "KE047280", "adm2_name": "Kasarani", "adm3_pcode": "", "adm3_name": "", "adm4_pcode": "", "adm4_name": "", "name_latin": "", "display_name": "(unnamed dam or water body)", "waterbody_type": "basin", "osm_id": "way/84630520", "model_source": "dams.geojson" }, "geometry": { "type": "Polygon", "coordinates": [ [ [ 37.0138193, -1.2530032 ], [ 37.0114045, -1.2543299 ], [ 37.0083423, -1.2487589 ], [ 37.0107571, -1.2474322 ], [ 37.0138193, -1.2530032 ] ] ] } },
{ "type": "Feature", "properties": { "id": "way/435098643", "name": "", "name_en": "", "name_sw": "", "waterway": "", "covered": "", "width": "", "depth": "", "layer": "", "blockage": "", "tunnel": "", "natural_cl": "water", "water": "", "source": "", "adm0_pcode": "KEN", "adm0_name": "Kenya", "adm1_pcode": "KE016", "adm1_name": "Machakos", "adm2_pcode": "KE016080", "adm2_name": "Mavoko", "adm3_pcode": "", "adm3_name": "", "adm4_pcode": "", "adm4_name": "", "name_latin": "", "display_name": "(unnamed dam or water body)", "waterbody_type": "water", "osm_id": "way/435098643", "model_source": "dams.geojson" }, "geometry": { "type": "Polygon", "coordinates": [ [ [ 37.0550912, -1.3509379 ], [ 37.0556645, -1.350255 ], [ 37.0557295, -1.3502469 ], [ 37.0559856, -1.350442 ], [ 37.0559978, -1.3504908 ], [ 37.0554409, -1.3511939 ], [ 37.0553514, -1.3512183 ], [ 37.0550953, -1.351011 ], [ 37.0550912, -1.3509379 ] ] ] } },
{ "type": "Feature", "properties": { "id": "way/435098644", "name": "", "name_en": "", "name_sw": "", "waterway": "", "covered": "", "width": "", "depth": "", "layer": "", "blockage": "", "tunnel": "", "natural_cl": "water", "water": "", "source": "", "adm0_pcode": "KEN", "adm0_name": "Kenya", "adm1_pcode": "KE016", "adm1_name": "Machakos", "adm2_pcode": "KE016080", "adm2_name": "Mavoko", "adm3_pcode": "", "adm3_name": "", "adm4_pcode": "", "adm4_name": "", "name_latin": "", "display_name": "(unnamed dam or water body)", "waterbody_type": "water", "osm_id": "way/435098644", "model_source": "dams.geojson" }, "geometry": { "type": "Polygon", "coordinates": [ [ [ 37.055819, -1.3500965 ], [ 37.0563393, -1.3494625 ], [ 37.0563922, -1.3494625 ], [ 37.0566321, -1.3496495 ], [ 37.0566402, -1.3496982 ], [ 37.0561239, -1.3503323 ], [ 37.0560548, -1.3503404 ], [ 37.0558149, -1.3501738 ], [ 37.055819, -1.3500965 ] ] ] } },
{ "type": "Feature", "properties": { "id": "way/381806446", "name": "", "name_en": "", "name_sw": "", "waterway": "", "covered": "", "width": "", "depth": "", "layer": "", "blockage": "", "tunnel": "", "natural_cl": "water", "water": "", "source": "", "adm0_pcode": "KEN", "adm0_name": "Kenya", "adm1_pcode": "KE016", "adm1_name": "Machakos", "adm2_pcode": "KE016080", "adm2_name": "Mavoko", "adm3_pcode": "", "adm3_name": "", "adm4_pcode": "", "adm4_name": "", "name_latin": "", "display_name": "(unnamed dam or water body)", "waterbody_type": "water", "osm_id": "way/381806446", "model_source": "dams.geojson" }, "geometry": { "type": "Polygon", "coordinates": [ [ [ 37.0303959, -1.3039391 ], [ 37.0304169, -1.3040092 ], [ 37.0302722, -1.3041259 ], [ 37.0302255, -1.3039952 ], [ 37.0303959, -1.3039391 ] ] ] } },
{ "type": "Feature", "properties": { "id": "way/381806445", "name": "", "name_en": "", "name_sw": "", "waterway": "", "covered": "", "width": "", "depth": "", "layer": "", "blockage": "", "tunnel": "", "natural_cl": "water", "water": "", "source": "", "adm0_pcode": "KEN", "adm0_name": "Kenya", "adm1_pcode": "KE016", "adm1_name": "Machakos", "adm2_pcode": "KE016080", "adm2_name": "Mavoko", "adm3_pcode": "", "adm3_name": "", "adm4_pcode": "", "adm4_name": "", "name_latin": "", "display_name": "(unnamed dam or water body)", "waterbody_type": "water", "osm_id": "way/381806445", "model_source": "dams.geojson" }, "geometry": { "type": "Polygon", "coordinates": [ [ [ 37.0303235, -1.3037407 ], [ 37.0303702, -1.3038691 ], [ 37.0302068, -1.3039251 ], [ 37.0301601, -1.3038037 ], [ 37.0303235, -1.3037407 ] ] ] } },
{ "type": "Feature", "properties": { "id": "way/381806443", "name": "", "name_en": "", "name_sw": "", "waterway": "", "covered": "", "width": "", "depth": "", "layer": "", "blockage": "", "tunnel": "", "natural_cl": "water", "water": "", "source": "", "adm0_pcode": "KEN", "adm0_name": "Kenya", "adm1_pcode": "KE016", "adm1_name": "Machakos", "adm2_pcode": "KE016080", "adm2_name": "Mavoko", "adm3_pcode": "", "adm3_name": "", "adm4_pcode": "", "adm4_name": "", "name_latin": "", "display_name": "(unnamed dam or water body)", "waterbody_type": "water", "osm_id": "way/381806443", "model_source": "dams.geojson" }, "geometry": { "type": "Polygon", "coordinates": [ [ [ 37.0304636, -1.3034909 ], [ 37.0305454, -1.3037617 ], [ 37.0304239, -1.3038224 ], [ 37.0303399, -1.3035353 ], [ 37.0304636, -1.3034909 ] ] ] } },
{ "type": "Feature", "properties": { "id": "way/381806444", "name": "", "name_en": "", "name_sw": "", "waterway": "", "covered": "", "width": "", "depth": "", "layer": "", "blockage": "", "tunnel": "", "natural_cl": "water", "water": "", "source": "", "adm0_pcode": "KEN", "adm0_name": "Kenya", "adm1_pcode": "KE016", "adm1_name": "Machakos", "adm2_pcode": "KE016080", "adm2_name": "Mavoko", "adm3_pcode": "", "adm3_name": "", "adm4_pcode": "", "adm4_name": "", "name_latin": "", "display_name": "(unnamed dam or water body)", "waterbody_type": "water", "osm_id": "way/381806444", "model_source": "dams.geojson" }, "geometry": { "type": "Polygon", "coordinates": [ [ [ 37.0302792, -1.3035563 ], [ 37.0303142, -1.3036754 ], [ 37.0301391, -1.3037244 ], [ 37.03009, -1.3035937 ], [ 37.0302792, -1.3035563 ] ] ] } },
{ "type": "Feature", "properties": { "id": "way/381806442", "name": "", "name_en": "", "name_sw": "", "waterway": "", "covered": "", "width": "", "depth": "", "layer": "", "blockage": "", "tunnel": "", "natural_cl": "water", "water": "", "source": "", "adm0_pcode": "KEN", "adm0_name": "Kenya", "adm1_pcode": "KE016", "adm1_name": "Machakos", "adm2_pcode": "KE016080", "adm2_name": "Mavoko", "adm3_pcode": "", "adm3_name": "", "adm4_pcode": "", "adm4_name": "", "name_latin": "", "display_name": "(unnamed dam or water body)", "waterbody_type": "water", "osm_id": "way/381806442", "model_source": "dams.geojson" }, "geometry": { "type": "Polygon", "coordinates": [ [ [ 37.0306364, -1.3034232 ], [ 37.0307228, -1.3036637 ], [ 37.0306131, -1.3037337 ], [ 37.030522, -1.3034559 ], [ 37.0306364, -1.3034232 ] ] ] } },
{ "type": "Feature", "properties": { "id": "way/381806437", "name": "", "name_en": "", "name_sw": "", "waterway": "", "covered": "", "width": "", "depth": "", "layer": "", "blockage": "", "tunnel": "", "natural_cl": "water", "water": "", "source": "", "adm0_pcode": "KEN", "adm0_name": "Kenya", "adm1_pcode": "KE016", "adm1_name": "Machakos", "adm2_pcode": "KE016080", "adm2_name": "Mavoko", "adm3_pcode": "", "adm3_name": "", "adm4_pcode": "", "adm4_name": "", "name_latin": "", "display_name": "(unnamed dam or water body)", "waterbody_type": "water", "osm_id": "way/381806437", "model_source": "dams.geojson" }, "geometry": { "type": "Polygon", "coordinates": [ [ [ 37.0308419, -1.3033345 ], [ 37.0309049, -1.3035983 ], [ 37.0307742, -1.3036543 ], [ 37.0307041, -1.3033789 ], [ 37.0308419, -1.3033345 ] ] ] } },
{ "type": "Feature", "properties": { "id": "way/381806436", "name": "", "name_en": "", "name_sw": "", "waterway": "", "covered": "", "width": "", "depth": "", "layer": "", "blockage": "", "tunnel": "", "natural_cl": "water", "water": "", "source": "", "adm0_pcode": "KEN", "adm0_name": "Kenya", "adm1_pcode": "KE016", "adm1_name": "Machakos", "adm2_pcode": "KE016080", "adm2_name": "Mavoko", "adm3_pcode": "", "adm3_name": "", "adm4_pcode": "", "adm4_name": "", "name_latin": "", "display_name": "(unnamed dam or water body)", "waterbody_type": "water", "osm_id": "way/381806436", "model_source": "dams.geojson" }, "geometry": { "type": "Polygon", "coordinates": [ [ [ 37.0310544, -1.3032668 ], [ 37.0311431, -1.3035843 ], [ 37.030996, -1.3036007 ], [ 37.0309143, -1.3033135 ], [ 37.0310544, -1.3032668 ] ] ] } },
{ "type": "Feature", "properties": { "id": "way/381806435", "name": "", "name_en": "", "name_sw": "", "waterway": "", "covered": "", "width": "", "depth": "", "layer": "", "blockage": "", "tunnel": "", "natural_cl": "water", "water": "", "source": "", "adm0_pcode": "KEN", "adm0_name": "Kenya", "adm1_pcode": "KE016", "adm1_name": "Machakos", "adm2_pcode": "KE016080", "adm2_name": "Mavoko", "adm3_pcode": "", "adm3_name": "", "adm4_pcode": "", "adm4_name": "", "name_latin": "", "display_name": "(unnamed dam or water body)", "waterbody_type": "water", "osm_id": "way/381806435", "model_source": "dams.geojson" }, "geometry": { "type": "Polygon", "coordinates": [ [ [ 37.0312318, -1.3032155 ], [ 37.0313346, -1.303547 ], [ 37.0312038, -1.303575 ], [ 37.0311198, -1.3032482 ], [ 37.0312318, -1.3032155 ] ] ] } },
{ "type": "Feature", "properties": { "id": "way/381806434", "name": "", "name_en": "", "name_sw": "", "waterway": "", "covered": "", "width": "", "depth": "", "layer": "", "blockage": "", "tunnel": "", "natural_cl": "water", "water": "", "source": "", "adm0_pcode": "KEN", "adm0_name": "Kenya", "adm1_pcode": "KE016", "adm1_name": "Machakos", "adm2_pcode": "KE016080", "adm2_name": "Mavoko", "adm3_pcode": "", "adm3_name": "", "adm4_pcode": "", "adm4_name": "", "name_latin": "", "display_name": "(unnamed dam or water body)", "waterbody_type": "water", "osm_id": "way/381806434", "model_source": "dams.geojson" }, "geometry": { "type": "Polygon", "coordinates": [ [ [ 37.0318377, -1.3030931 ], [ 37.0320619, -1.3030814 ], [ 37.032139, -1.3031981 ], [ 37.0321203, -1.3034035 ], [ 37.0320526, -1.3035646 ], [ 37.0318377, -1.303637 ], [ 37.0316346, -1.3036463 ], [ 37.0315482, -1.3034479 ], [ 37.0316439, -1.3031981 ], [ 37.0318377, -1.3030931 ] ] ] } },
{ "type": "Feature", "properties": { "id": "way/381806441", "name": "", "name_en": "", "name_sw": "", "waterway": "", "covered": "", "width": "", "depth": "", "layer": "", "blockage": "", "tunnel": "", "natural_cl": "water", "water": "", "source": "", "adm0_pcode": "KEN", "adm0_name": "Kenya", "adm1_pcode": "KE016", "adm1_name": "Machakos", "adm2_pcode": "KE016080", "adm2_name": "Mavoko", "adm3_pcode": "", "adm3_name": "", "adm4_pcode": "", "adm4_name": "", "name_latin": "", "display_name": "(unnamed dam or water body)", "waterbody_type": "water", "osm_id": "way/381806441", "model_source": "dams.geojson" }, "geometry": { "type": "Polygon", "coordinates": [ [ [ 37.030076, -1.3032318 ], [ 37.0301624, -1.3034326 ], [ 37.0300457, -1.3034816 ], [ 37.0299546, -1.3032715 ], [ 37.030076, -1.3032318 ] ] ] } },
{ "type": "Feature", "properties": { "id": "way/381806440", "name": "", "name_en": "", "name_sw": "", "waterway": "", "covered": "", "width": "", "depth": "", "layer": "", "blockage": "", "tunnel": "", "natural_cl": "water", "water": "", "source": "", "adm0_pcode": "KEN", "adm0_name": "Kenya", "adm1_pcode": "KE016", "adm1_name": "Machakos", "adm2_pcode": "KE016080", "adm2_name": "Mavoko", "adm3_pcode": "", "adm3_name": "", "adm4_pcode": "", "adm4_name": "", "name_latin": "", "display_name": "(unnamed dam or water body)", "waterbody_type": "water", "osm_id": "way/381806440", "model_source": "dams.geojson" }, "geometry": { "type": "Polygon", "coordinates": [ [ [ 37.0303025, -1.3031431 ], [ 37.0303842, -1.3033439 ], [ 37.0302301, -1.3034092 ], [ 37.0301531, -1.3032038 ], [ 37.0303025, -1.3031431 ] ] ] } },
{ "type": "Feature", "properties": { "id": "way/381806439", "name": "", "name_en": "", "name_sw": "", "waterway": "", "covered": "", "width": "", "depth": "", "layer": "", "blockage": "", "tunnel": "", "natural_cl": "water", "water": "", "source": "", "adm0_pcode": "KEN", "adm0_name": "Kenya", "adm1_pcode": "KE016", "adm1_name": "Machakos", "adm2_pcode": "KE016080", "adm2_name": "Mavoko", "adm3_pcode": "", "adm3_name": "", "adm4_pcode": "", "adm4_name": "", "name_latin": "", "display_name": "(unnamed dam or water body)", "waterbody_type": "water", "osm_id": "way/381806439", "model_source": "dams.geojson" }, "geometry": { "type": "Polygon", "coordinates": [ [ [ 37.0304893, -1.3030871 ], [ 37.0305664, -1.3032785 ], [ 37.0304543, -1.3033182 ], [ 37.0303959, -1.3031291 ], [ 37.0304893, -1.3030871 ] ] ] } },
{ "type": "Feature", "properties": { "id": "way/381806438", "name": "", "name_en": "", "name_sw": "", "waterway": "", "covered": "", "width": "", "depth": "", "layer": "", "blockage": "", "tunnel": "", "natural_cl": "water", "water": "", "source": "", "adm0_pcode": "KEN", "adm0_name": "Kenya", "adm1_pcode": "KE016", "adm1_name": "Machakos", "adm2_pcode": "KE016080", "adm2_name": "Mavoko", "adm3_pcode": "", "adm3_name": "", "adm4_pcode": "", "adm4_name": "", "name_latin": "", "display_name": "(unnamed dam or water body)", "waterbody_type": "water", "osm_id": "way/381806438", "model_source": "dams.geojson" }, "geometry": { "type": "Polygon", "coordinates": [ [ [ 37.0306995, -1.3029984 ], [ 37.0307905, -1.3032131 ], [ 37.0306341, -1.3032645 ], [ 37.03055, -1.3030521 ], [ 37.0306995, -1.3029984 ] ] ] } },
{ "type": "Feature", "properties": { "id": "way/914690699", "name": "", "name_en": "", "name_sw": "", "waterway": "", "covered": "", "width": "", "depth": "", "layer": "", "blockage": "", "tunnel": "", "natural_cl": "water", "water": "basin", "source": "", "adm0_pcode": "KEN", "adm0_name": "Kenya", "adm1_pcode": "KE047", "adm1_name": "Nairobi", "adm2_pcode": "KE047280", "adm2_name": "Kasarani", "adm3_pcode": "", "adm3_name": "", "adm4_pcode": "", "adm4_name": "", "name_latin": "", "display_name": "(unnamed dam or water body)", "waterbody_type": "basin", "osm_id": "way/914690699", "model_source": "dams.geojson" }, "geometry": { "type": "Polygon", "coordinates": [ [ [ 37.0247068, -1.2473208 ], [ 37.0248138, -1.247516 ], [ 37.0247068, -1.2475853 ], [ 37.024732, -1.2476356 ], [ 37.0248453, -1.2475727 ], [ 37.0252168, -1.2482337 ], [ 37.0245116, -1.2486366 ], [ 37.0240204, -1.2476986 ], [ 37.0247068, -1.2473208 ] ] ] } },
{ "type": "Feature", "properties": { "id": "way/914690698", "name": "", "name_en": "", "name_sw": "", "waterway": "", "covered": "", "width": "", "depth": "", "layer": "", "blockage": "", "tunnel": "", "natural_cl": "water", "water": "basin", "source": "", "adm0_pcode": "KEN", "adm0_name": "Kenya", "adm1_pcode": "KE047", "adm1_name": "Nairobi", "adm2_pcode": "KE047280", "adm2_name": "Kasarani", "adm3_pcode": "", "adm3_name": "", "adm4_pcode": "", "adm4_name": "", "name_latin": "", "display_name": "(unnamed dam or water body)", "waterbody_type": "basin", "osm_id": "way/914690698", "model_source": "dams.geojson" }, "geometry": { "type": "Polygon", "coordinates": [ [ [ 37.0254498, -1.246899 ], [ 37.0255569, -1.2470942 ], [ 37.0254498, -1.2471634 ], [ 37.025475, -1.2472138 ], [ 37.0255884, -1.2471509 ], [ 37.0259599, -1.2478119 ], [ 37.0252546, -1.2482148 ], [ 37.0247634, -1.2472768 ], [ 37.0254498, -1.246899 ] ] ] } },
{ "type": "Feature", "properties": { "id": "way/914690697", "name": "", "name_en": "", "name_sw": "", "waterway": "", "covered": "", "width": "", "depth": "", "layer": "", "blockage": "", "tunnel": "", "natural_cl": "water", "water": "basin", "source": "", "adm0_pcode": "KEN", "adm0_name": "Kenya", "adm1_pcode": "KE047", "adm1_name": "Nairobi", "adm2_pcode": "KE047280", "adm2_name": "Kasarani", "adm3_pcode": "", "adm3_name": "", "adm4_pcode": "", "adm4_name": "", "name_latin": "", "display_name": "(unnamed dam or water body)", "waterbody_type": "basin", "osm_id": "way/914690697", "model_source": "dams.geojson" }, "geometry": { "type": "Polygon", "coordinates": [ [ [ 37.0261866, -1.2464898 ], [ 37.0262936, -1.246685 ], [ 37.0261866, -1.2467542 ], [ 37.0262118, -1.2468046 ], [ 37.0263251, -1.2467416 ], [ 37.0266967, -1.2474027 ], [ 37.0259914, -1.2478056 ], [ 37.0255002, -1.2468676 ], [ 37.0261866, -1.2464898 ] ] ] } },
{ "type": "Feature", "properties": { "id": "way/914690702", "name": "", "name_en": "", "name_sw": "", "waterway": "", "covered": "", "width": "", "depth": "", "layer": "", "blockage": "", "tunnel": "", "natural_cl": "water", "water": "basin", "source": "", "adm0_pcode": "KEN", "adm0_name": "Kenya", "adm1_pcode": "KE047", "adm1_name": "Nairobi", "adm2_pcode": "KE047280", "adm2_name": "Kasarani", "adm3_pcode": "", "adm3_name": "", "adm4_pcode": "", "adm4_name": "", "name_latin": "", "display_name": "(unnamed dam or water body)", "waterbody_type": "basin", "osm_id": "way/914690702", "model_source": "dams.geojson" }, "geometry": { "type": "Polygon", "coordinates": [ [ [ 37.027771, -1.2468115 ], [ 37.0271021, -1.2471817 ], [ 37.026733900000011, -1.2465189 ], [ 37.026847, -1.2464554 ], [ 37.0268173, -1.2464075 ], [ 37.0267022, -1.2464623 ], [ 37.0265921, -1.2462689 ], [ 37.0272737, -1.2458826 ], [ 37.027771, -1.2468115 ] ] ] } },
{ "type": "Feature", "properties": { "id": "way/914690701", "name": "", "name_en": "", "name_sw": "", "waterway": "", "covered": "", "width": "", "depth": "", "layer": "", "blockage": "", "tunnel": "", "natural_cl": "water", "water": "basin", "source": "", "adm0_pcode": "KEN", "adm0_name": "Kenya", "adm1_pcode": "KE047", "adm1_name": "Nairobi", "adm2_pcode": "KE047280", "adm2_name": "Kasarani", "adm3_pcode": "", "adm3_name": "", "adm4_pcode": "", "adm4_name": "", "name_latin": "", "display_name": "(unnamed dam or water body)", "waterbody_type": "basin", "osm_id": "way/914690701", "model_source": "dams.geojson" }, "geometry": { "type": "Polygon", "coordinates": [ [ [ 37.028533, -1.2463897 ], [ 37.02782, -1.2467788 ], [ 37.0274518, -1.2461159 ], [ 37.0275648, -1.2460525 ], [ 37.0275351, -1.2460046 ], [ 37.02742, -1.2460594 ], [ 37.0273099, -1.245866 ], [ 37.028023, -1.2454608 ], [ 37.028533, -1.2463897 ] ] ] } },
{ "type": "Feature", "properties": { "id": "way/84630536", "name": "", "name_en": "", "name_sw": "", "waterway": "", "covered": "", "width": "", "depth": "", "layer": "", "blockage": "", "tunnel": "", "natural_cl": "water", "water": "basin", "source": "", "adm0_pcode": "KEN", "adm0_name": "Kenya", "adm1_pcode": "KE047", "adm1_name": "Nairobi", "adm2_pcode": "KE047280", "adm2_name": "Kasarani", "adm3_pcode": "", "adm3_name": "", "adm4_pcode": "", "adm4_name": "", "name_latin": "", "display_name": "(unnamed dam or water body)", "waterbody_type": "basin", "osm_id": "way/84630536", "model_source": "dams.geojson" }, "geometry": { "type": "Polygon", "coordinates": [ [ [ 37.0132492, -1.2460449 ], [ 37.0163141, -1.2516429 ], [ 37.0139366, -1.252944 ], [ 37.0108716, -1.247346 ], [ 37.0132492, -1.2460449 ] ] ] } },
{ "type": "Feature", "properties": { "id": "way/84630524", "name": "", "name_en": "", "name_sw": "", "waterway": "", "covered": "", "width": "", "depth": "", "layer": "", "blockage": "", "tunnel": "", "natural_cl": "water", "water": "basin", "source": "", "adm0_pcode": "KEN", "adm0_name": "Kenya", "adm1_pcode": "KE047", "adm1_name": "Nairobi", "adm2_pcode": "KE047280", "adm2_name": "Kasarani", "adm3_pcode": "", "adm3_name": "", "adm4_pcode": "", "adm4_name": "", "name_latin": "", "display_name": "(unnamed dam or water body)", "waterbody_type": "basin", "osm_id": "way/84630524", "model_source": "dams.geojson" }, "geometry": { "type": "Polygon", "coordinates": [ [ [ 37.0188159, -1.250228 ], [ 37.0164214, -1.2515503 ], [ 37.0133446, -1.2459815 ], [ 37.0157391, -1.2446592 ], [ 37.0188159, -1.250228 ] ] ] } },
{ "type": "Feature", "properties": { "id": "way/1298955976", "name": "", "name_en": "", "name_sw": "", "waterway": "", "covered": "", "width": "", "depth": "", "layer": "", "blockage": "", "tunnel": "", "natural_cl": "water", "water": "pond", "source": "", "adm0_pcode": "KEN", "adm0_name": "Kenya", "adm1_pcode": "KE047", "adm1_name": "Nairobi", "adm2_pcode": "KE047280", "adm2_name": "Kasarani", "adm3_pcode": "", "adm3_name": "", "adm4_pcode": "", "adm4_name": "", "name_latin": "", "display_name": "(unnamed dam or water body)", "waterbody_type": "pond", "osm_id": "way/1298955976", "model_source": "dams.geojson" }, "geometry": { "type": "Polygon", "coordinates": [ [ [ 36.9787201, -1.2476104 ], [ 36.9787038, -1.2476145 ], [ 36.9786794, -1.2476247 ], [ 36.9786408, -1.247647 ], [ 36.9786347, -1.2476612 ], [ 36.9786144, -1.2476978 ], [ 36.9786855, -1.2477121 ], [ 36.978716, -1.2477568 ], [ 36.9787404, -1.2477791 ], [ 36.978777, -1.2478137 ], [ 36.9788136, -1.2478523 ], [ 36.9787749, -1.2478929 ], [ 36.9786794, -1.2478279 ], [ 36.978592, -1.247769 ], [ 36.9786306, -1.2478462 ], [ 36.9786144, -1.247897 ], [ 36.9786184, -1.2479254 ], [ 36.9786347, -1.2479762 ], [ 36.9786591, -1.2480291 ], [ 36.9786875, -1.248088 ], [ 36.9786652, -1.2481063 ], [ 36.9785859, -1.2481266 ], [ 36.9784802, -1.2481104 ], [ 36.9783623, -1.2480616 ], [ 36.9782993, -1.2480555 ], [ 36.9782342, -1.2480413 ], [ 36.9781777, -1.2480326 ], [ 36.9781287, -1.2479812 ], [ 36.978117, -1.2479345 ], [ 36.9781147, -1.2478925 ], [ 36.9781053, -1.2478202 ], [ 36.9780586, -1.2477595 ], [ 36.9780747, -1.2476966 ], [ 36.9781083, -1.2476276 ], [ 36.9781349, -1.2475551 ], [ 36.9781225, -1.2475374 ], [ 36.9781083, -1.247479 ], [ 36.9781083, -1.2474578 ], [ 36.9781048, -1.2474224 ], [ 36.9780906, -1.2474011 ], [ 36.9780818, -1.2473675 ], [ 36.9780747, -1.2473215 ], [ 36.978126, -1.2473286 ], [ 36.9781925, -1.2473485 ], [ 36.978227, -1.247385 ], [ 36.9782535, -1.2474155 ], [ 36.978227, -1.2474338 ], [ 36.9782148, -1.2474582 ], [ 36.9782148, -1.2474826 ], [ 36.9782392, -1.2475029 ], [ 36.9782575, -1.2475131 ], [ 36.9782433, -1.2475415 ], [ 36.9781925, -1.2475598 ], [ 36.978211, -1.2476128 ], [ 36.9782146, -1.2475863 ], [ 36.9782376, -1.2475792 ], [ 36.9782623, -1.2475491 ], [ 36.9782907, -1.2475562 ], [ 36.9783511, -1.2475081 ], [ 36.978365, -1.2474912 ], [ 36.9783588, -1.2474789 ], [ 36.9783773, -1.2474665 ], [ 36.9784173, -1.247465 ], [ 36.9784389, -1.247465 ], [ 36.9784543, -1.247465 ], [ 36.9784682, -1.2474511 ], [ 36.9784974, -1.2474311 ], [ 36.9785144, -1.2474265 ], [ 36.9785437, -1.2474265 ], [ 36.9785606, -1.2474296 ], [ 36.9785652, -1.2474404 ], [ 36.9785791, -1.2474588 ], [ 36.978596, -1.2474419 ], [ 36.9786037, -1.2474635 ], [ 36.9786053, -1.2474819 ], [ 36.978613, -1.2474943 ], [ 36.9786346, -1.2475235 ], [ 36.9786515, -1.2475112 ], [ 36.9786546, -1.2474973 ], [ 36.9786669, -1.2474819 ], [ 36.9786823, -1.2474927 ], [ 36.9786869, -1.2475158 ], [ 36.9787039, -1.2475158 ], [ 36.9787162, -1.2475174 ], [ 36.9787254, -1.247485 ], [ 36.9787285, -1.2474573 ], [ 36.9787362, -1.2474758 ], [ 36.9787593, -1.2474742 ], [ 36.9787717, -1.2474619 ], [ 36.9787455, -1.2474388 ], [ 36.978727, -1.2474188 ], [ 36.9787147, -1.2473988 ], [ 36.9787193, -1.2473633 ], [ 36.9787347, -1.2473433 ], [ 36.9787563, -1.2473387 ], [ 36.9787778, -1.2473279 ], [ 36.9787963, -1.2473279 ], [ 36.9788163, -1.2473449 ], [ 36.9788271, -1.2473618 ], [ 36.978841, -1.2473865 ], [ 36.9788533, -1.2473911 ], [ 36.9788548, -1.2473772 ], [ 36.9788317, -1.2473233 ], [ 36.9788733, -1.2472863 ], [ 36.9788949, -1.2472833 ], [ 36.9789149, -1.2472833 ], [ 36.9789442, -1.247291 ], [ 36.9789504, -1.2473171 ], [ 36.9789519, -1.2473418 ], [ 36.9789627, -1.2473556 ], [ 36.978975, -1.2473803 ], [ 36.9789627, -1.2474096 ], [ 36.9789288, -1.2474419 ], [ 36.9789103, -1.2474373 ], [ 36.9788949, -1.2474496 ], [ 36.9788656, -1.2474619 ], [ 36.9788425, -1.2474773 ], [ 36.9788348, -1.2474927 ], [ 36.9788348, -1.2475143 ], [ 36.9788256, -1.2475405 ], [ 36.9788117, -1.2475497 ], [ 36.9787994, -1.2475728 ], [ 36.9787717, -1.2475975 ], [ 36.9787378, -1.2476036 ], [ 36.9787201, -1.2476104 ] ] ] } },
{ "type": "Feature", "properties": { "id": "way/1298633783", "name": "", "name_en": "", "name_sw": "", "waterway": "", "covered": "", "width": "", "depth": "", "layer": "", "blockage": "", "tunnel": "", "natural_cl": "water", "water": "", "source": "", "adm0_pcode": "KEN", "adm0_name": "Kenya", "adm1_pcode": "KE047", "adm1_name": "Nairobi", "adm2_pcode": "KE047280", "adm2_name": "Kasarani", "adm3_pcode": "", "adm3_name": "", "adm4_pcode": "", "adm4_name": "", "name_latin": "", "display_name": "(unnamed dam or water body)", "waterbody_type": "water", "osm_id": "way/1298633783", "model_source": "dams.geojson" }, "geometry": { "type": "Polygon", "coordinates": [ [ [ 36.9814885, -1.2472431 ], [ 36.9815002, -1.2472563 ], [ 36.9815222, -1.2472621 ], [ 36.9815339, -1.2472636 ], [ 36.9815471, -1.2472694 ], [ 36.9815441, -1.2472855 ], [ 36.9815441, -1.2472973 ], [ 36.9815588, -1.2472973 ], [ 36.981569, -1.2473046 ], [ 36.9815749, -1.2473163 ], [ 36.9815764, -1.2473324 ], [ 36.9815632, -1.2473368 ], [ 36.9815441, -1.2473353 ], [ 36.9815207, -1.2473339 ], [ 36.9815002, -1.2473265 ], [ 36.9814724, -1.2473148 ], [ 36.9814563, -1.2473046 ], [ 36.9814519, -1.2472768 ], [ 36.9814709, -1.2472402 ], [ 36.9814885, -1.2472431 ] ] ] } },
{ "type": "Feature", "properties": { "id": "way/1298633782", "name": "", "name_en": "", "name_sw": "", "waterway": "", "covered": "", "width": "", "depth": "", "layer": "", "blockage": "", "tunnel": "", "natural_cl": "water", "water": "", "source": "", "adm0_pcode": "KEN", "adm0_name": "Kenya", "adm1_pcode": "KE047", "adm1_name": "Nairobi", "adm2_pcode": "KE047280", "adm2_name": "Kasarani", "adm3_pcode": "", "adm3_name": "", "adm4_pcode": "", "adm4_name": "", "name_latin": "", "display_name": "(unnamed dam or water body)", "waterbody_type": "water", "osm_id": "way/1298633782", "model_source": "dams.geojson" }, "geometry": { "type": "Polygon", "coordinates": [ [ [ 36.9811766, -1.2472563 ], [ 36.9811957, -1.2472241 ], [ 36.9812206, -1.247205 ], [ 36.9812513, -1.2471933 ], [ 36.9812908, -1.2471919 ], [ 36.9813201, -1.2471977 ], [ 36.9813406, -1.2472021 ], [ 36.9813406, -1.2472197 ], [ 36.9813494, -1.2472372 ], [ 36.9813567, -1.2472504 ], [ 36.9813567, -1.2472694 ], [ 36.9813553, -1.2472899 ], [ 36.9813553, -1.2473016 ], [ 36.9813494, -1.2473148 ], [ 36.9813304, -1.2473221 ], [ 36.9813187, -1.2473295 ], [ 36.9811576, -1.2472841 ], [ 36.9811766, -1.2472563 ] ] ] } },
{ "type": "Feature", "properties": { "id": "way/1298959024", "name": "", "name_en": "", "name_sw": "", "waterway": "", "covered": "", "width": "", "depth": "", "layer": "", "blockage": "", "tunnel": "", "natural_cl": "water", "water": "pond", "source": "", "adm0_pcode": "KEN", "adm0_name": "Kenya", "adm1_pcode": "KE047", "adm1_name": "Nairobi", "adm2_pcode": "KE047280", "adm2_name": "Kasarani", "adm3_pcode": "", "adm3_name": "", "adm4_pcode": "", "adm4_name": "", "name_latin": "", "display_name": "(unnamed dam or water body)", "waterbody_type": "pond", "osm_id": "way/1298959024", "model_source": "dams.geojson" }, "geometry": { "type": "Polygon", "coordinates": [ [ [ 36.976617, -1.2469786 ], [ 36.9766516, -1.2469493 ], [ 36.976749, -1.2469808 ], [ 36.9768375, -1.246947 ], [ 36.9769084, -1.2469609 ], [ 36.9769453, -1.2469408 ], [ 36.9770008, -1.2469393 ], [ 36.9771086, -1.2469716 ], [ 36.9771271, -1.2470132 ], [ 36.9771225, -1.247081 ], [ 36.977111, -1.2471263 ], [ 36.9771241, -1.247136 ], [ 36.977107, -1.2471803 ], [ 36.9770423, -1.2472373 ], [ 36.9770223, -1.2472504 ], [ 36.9770269, -1.247272 ], [ 36.9770646, -1.2472881 ], [ 36.9770577, -1.2473174 ], [ 36.9770377, -1.2473721 ], [ 36.9769944, -1.2473927 ], [ 36.9769616, -1.2474378 ], [ 36.9769501, -1.2474732 ], [ 36.976918, -1.2475018 ], [ 36.9768817, -1.2474939 ], [ 36.9768658, -1.2474726 ], [ 36.9768313, -1.2474514 ], [ 36.9768253, -1.2474202 ], [ 36.9768395, -1.2473919 ], [ 36.9768297, -1.2473389 ], [ 36.9767853, -1.2473117 ], [ 36.9767357, -1.2472622 ], [ 36.9766773, -1.2472542 ], [ 36.976649, -1.2472799 ], [ 36.9766526, -1.247317 ], [ 36.9766685, -1.2473507 ], [ 36.9766862, -1.247386 ], [ 36.9766402, -1.2474064 ], [ 36.9765986, -1.2473675 ], [ 36.9765924, -1.2473321 ], [ 36.9766013, -1.2472693 ], [ 36.9766101, -1.2472233 ], [ 36.9766376, -1.2471889 ], [ 36.9766279, -1.2471641 ], [ 36.9765898, -1.2471349 ], [ 36.9765783, -1.2471155 ], [ 36.9765606, -1.2470969 ], [ 36.9765686, -1.2470544 ], [ 36.9765792, -1.2470376 ], [ 36.9765933, -1.2470031 ], [ 36.976617, -1.2469786 ] ] ] } },
{ "type": "Feature", "properties": { "id": "way/1298955978", "name": "", "name_en": "", "name_sw": "", "waterway": "", "covered": "", "width": "", "depth": "", "layer": "", "blockage": "", "tunnel": "", "natural_cl": "water", "water": "pond", "source": "", "adm0_pcode": "KEN", "adm0_name": "Kenya", "adm1_pcode": "KE047", "adm1_name": "Nairobi", "adm2_pcode": "KE047280", "adm2_name": "Kasarani", "adm3_pcode": "", "adm3_name": "", "adm4_pcode": "", "adm4_name": "", "name_latin": "", "display_name": "(unnamed dam or water body)", "waterbody_type": "pond", "osm_id": "way/1298955978", "model_source": "dams.geojson" }, "geometry": { "type": "Polygon", "coordinates": [ [ [ 36.9793021, -1.247085 ], [ 36.9793132, -1.2470779 ], [ 36.9793366, -1.2470677 ], [ 36.9793458, -1.2470535 ], [ 36.9793458, -1.2470393 ], [ 36.9793326, -1.2470301 ], [ 36.9793173, -1.2470129 ], [ 36.9793071, -1.2469905 ], [ 36.9793366, -1.2469803 ], [ 36.9793539, -1.2469793 ], [ 36.9793763, -1.2469681 ], [ 36.9794047, -1.2469803 ], [ 36.9794372, -1.2469702 ], [ 36.9794576, -1.246961 ], [ 36.9794809, -1.2469499 ], [ 36.9794647, -1.2469387 ], [ 36.9794901, -1.2469224 ], [ 36.9795053, -1.2469184 ], [ 36.9795257, -1.2469366 ], [ 36.9795402, -1.2469156 ], [ 36.9795798, -1.2469288 ], [ 36.9796133, -1.246941 ], [ 36.979656, -1.2469511 ], [ 36.9797004, -1.2469341 ], [ 36.9797119, -1.2469129 ], [ 36.9797393, -1.2469279 ], [ 36.979742, -1.2469589 ], [ 36.9797588, -1.2469633 ], [ 36.9797783, -1.2469695 ], [ 36.9797915, -1.2469863 ], [ 36.9797827, -1.2470146 ], [ 36.9797579, -1.2470571 ], [ 36.9797278, -1.2470766 ], [ 36.9797163, -1.2470916 ], [ 36.9796862, -1.2470996 ], [ 36.9796818, -1.2471226 ], [ 36.9796447, -1.2471367 ], [ 36.9796579, -1.2471588 ], [ 36.9796314, -1.2471756 ], [ 36.9795872, -1.2471588 ], [ 36.9795818, -1.2471668 ], [ 36.9795987, -1.2471889 ], [ 36.9795918, -1.2472062 ], [ 36.9795849, -1.2472185 ], [ 36.9795887, -1.2472285 ], [ 36.9795825, -1.2472393 ], [ 36.979581, -1.247247 ], [ 36.9795849, -1.2472539 ], [ 36.9796157, -1.2472616 ], [ 36.9796131, -1.2473519 ], [ 36.9794906, -1.2473696 ], [ 36.9794693, -1.2473484 ], [ 36.9794357, -1.2473369 ], [ 36.9794083, -1.2473227 ], [ 36.9793526, -1.2472856 ], [ 36.9793012, -1.2472422 ], [ 36.9792765, -1.2472015 ], [ 36.9792613, -1.2471947 ], [ 36.9792599, -1.2471304 ], [ 36.9792787, -1.247115 ], [ 36.9792968, -1.247119 ], [ 36.9792928, -1.2470955 ], [ 36.9792848, -1.2470776 ], [ 36.9792889, -1.2470653 ], [ 36.9792949, -1.2470667 ], [ 36.9793021, -1.247085 ] ] ] } },
{ "type": "Feature", "properties": { "id": "way/1298633922", "name": "", "name_en": "", "name_sw": "", "waterway": "", "covered": "", "width": "", "depth": "", "layer": "", "blockage": "", "tunnel": "", "natural_cl": "water", "water": "", "source": "", "adm0_pcode": "KEN", "adm0_name": "Kenya", "adm1_pcode": "KE047", "adm1_name": "Nairobi", "adm2_pcode": "KE047280", "adm2_name": "Kasarani", "adm3_pcode": "", "adm3_name": "", "adm4_pcode": "", "adm4_name": "", "name_latin": "", "display_name": "(unnamed dam or water body)", "waterbody_type": "water", "osm_id": "way/1298633922", "model_source": "dams.geojson" }, "geometry": { "type": "Polygon", "coordinates": [ [ [ 36.9820779, -1.2469858 ], [ 36.9820926, -1.2469741 ], [ 36.9821072, -1.2469741 ], [ 36.9821248, -1.2469639 ], [ 36.9821511, -1.2469712 ], [ 36.9821687, -1.2469843 ], [ 36.9821833, -1.2469961 ], [ 36.9821585, -1.2469946 ], [ 36.9821526, -1.2470092 ], [ 36.9821365, -1.2470092 ], [ 36.9821248, -1.2470034 ], [ 36.9821101, -1.2469931 ], [ 36.9820911, -1.2470048 ], [ 36.9820779, -1.2469858 ] ] ] } },
{ "type": "Feature", "properties": { "id": "way/1298633784", "name": "", "name_en": "", "name_sw": "", "waterway": "", "covered": "", "width": "", "depth": "", "layer": "", "blockage": "", "tunnel": "", "natural_cl": "water", "water": "", "source": "", "adm0_pcode": "KEN", "adm0_name": "Kenya", "adm1_pcode": "KE047", "adm1_name": "Nairobi", "adm2_pcode": "KE047280", "adm2_name": "Kasarani", "adm3_pcode": "", "adm3_name": "", "adm4_pcode": "", "adm4_name": "", "name_latin": "", "display_name": "(unnamed dam or water body)", "waterbody_type": "water", "osm_id": "way/1298633784", "model_source": "dams.geojson" }, "geometry": { "type": "Polygon", "coordinates": [ [ [ 36.9802879, -1.2470191 ], [ 36.9802747, -1.2469855 ], [ 36.980285, -1.2469723 ], [ 36.9802952, -1.2469577 ], [ 36.9803098, -1.246943 ], [ 36.980323, -1.2469211 ], [ 36.9803406, -1.2469064 ], [ 36.9803494, -1.2468918 ], [ 36.9803596, -1.2468742 ], [ 36.9803831, -1.2468669 ], [ 36.9804035, -1.2468391 ], [ 36.980424, -1.2468347 ], [ 36.980446, -1.2468332 ], [ 36.9804343, -1.2468566 ], [ 36.980427, -1.2468684 ], [ 36.9804153, -1.2468903 ], [ 36.980405, -1.2469093 ], [ 36.9803889, -1.2469298 ], [ 36.9803787, -1.2469518 ], [ 36.9803684, -1.2469664 ], [ 36.9803567, -1.2469899 ], [ 36.9803435, -1.2470118 ], [ 36.9803201, -1.247025 ], [ 36.980304, -1.2470499 ], [ 36.9802879, -1.2470191 ] ] ] } },
{ "type": "Feature", "properties": { "id": "way/84630526", "name": "", "name_en": "", "name_sw": "", "waterway": "", "covered": "", "width": "", "depth": "", "layer": "", "blockage": "", "tunnel": "", "natural_cl": "water", "water": "basin", "source": "", "adm0_pcode": "KEN", "adm0_name": "Kenya", "adm1_pcode": "KE047", "adm1_name": "Nairobi", "adm2_pcode": "KE047280", "adm2_name": "Kasarani", "adm3_pcode": "", "adm3_name": "", "adm4_pcode": "", "adm4_name": "", "name_latin": "", "display_name": "(unnamed dam or water body)", "waterbody_type": "basin", "osm_id": "way/84630526", "model_source": "dams.geojson" }, "geometry": { "type": "Polygon", "coordinates": [ [ [ 37.010705, -1.2473207 ], [ 37.0083059, -1.2486695 ], [ 37.0070141, -1.2463728 ], [ 37.0094133, -1.2450241 ], [ 37.010705, -1.2473207 ] ] ] } },
{ "type": "Feature", "properties": { "id": "way/1298955977", "name": "", "name_en": "", "name_sw": "", "waterway": "", "covered": "", "width": "", "depth": "", "layer": "", "blockage": "", "tunnel": "", "natural_cl": "water", "water": "pond", "source": "", "adm0_pcode": "KEN", "adm0_name": "Kenya", "adm1_pcode": "KE047", "adm1_name": "Nairobi", "adm2_pcode": "KE047280", "adm2_name": "Kasarani", "adm3_pcode": "", "adm3_name": "", "adm4_pcode": "", "adm4_name": "", "name_latin": "", "display_name": "(unnamed dam or water body)", "waterbody_type": "pond", "osm_id": "way/1298955977", "model_source": "dams.geojson" }, "geometry": { "type": "Polygon", "coordinates": [ [ [ 36.9780747, -1.2473215 ], [ 36.978033, -1.2472995 ], [ 36.9779781, -1.2472893 ], [ 36.9779781, -1.247269 ], [ 36.9779608, -1.247271 ], [ 36.9779512, -1.2472745 ], [ 36.9779427, -1.2472733 ], [ 36.9779362, -1.2472679 ], [ 36.9779315, -1.2472579 ], [ 36.97792960000001, -1.2472371 ], [ 36.9779327, -1.2472213 ], [ 36.9779362, -1.2472044 ], [ 36.9779407, -1.2471829 ], [ 36.9779334, -1.2471634 ], [ 36.9779448, -1.247144 ], [ 36.9779659, -1.2471289 ], [ 36.9779733, -1.2471256 ], [ 36.977983, -1.2471242 ], [ 36.9779924, -1.2471242 ], [ 36.9780112, -1.2471229 ], [ 36.9780242, -1.2471192 ], [ 36.9780336, -1.2471199 ], [ 36.9780554, -1.2471229 ], [ 36.9780913, -1.2471246 ], [ 36.978097, -1.2471185 ], [ 36.9781023, -1.2471081 ], [ 36.9781021, -1.2470989 ], [ 36.9780991, -1.2470916 ], [ 36.9780929, -1.2470832 ], [ 36.9780875, -1.2470758 ], [ 36.9780806, -1.247062 ], [ 36.9780833, -1.2470597 ], [ 36.9780864, -1.2470539 ], [ 36.9780933, -1.2470454 ], [ 36.9780956, -1.2470396 ], [ 36.9781025, -1.2470327 ], [ 36.9781149, -1.2470277 ], [ 36.9781249, -1.2470281 ], [ 36.9781418, -1.2470258 ], [ 36.9781568, -1.2470246 ], [ 36.9781688, -1.2470231 ], [ 36.9781844, -1.2470239 ], [ 36.9781915, -1.2470243 ], [ 36.9781981, -1.2470343 ], [ 36.978207, -1.2470376 ], [ 36.9782112, -1.2470345 ], [ 36.9782156, -1.247031 ], [ 36.9782267, -1.2470307 ], [ 36.9782273, -1.2470288 ], [ 36.9782317, -1.2470261 ], [ 36.9782342, -1.2470226 ], [ 36.97824, -1.2470187 ], [ 36.9782472, -1.2470163 ], [ 36.9782519, -1.2470169 ], [ 36.9782657, -1.2470192 ], [ 36.9782742, -1.2470239 ], [ 36.9782799, -1.2470265 ], [ 36.978286, -1.2470278 ], [ 36.9782951, -1.2470305 ], [ 36.9783034, -1.2470301 ], [ 36.9783124, -1.2470294 ], [ 36.9783206, -1.2470333 ], [ 36.97833, -1.2470359 ], [ 36.9783364, -1.2470406 ], [ 36.9783491, -1.2470408 ], [ 36.9783582, -1.2470359 ], [ 36.9783626, -1.2470359 ], [ 36.9783725, -1.2470359 ], [ 36.9783734, -1.2470262 ], [ 36.9783722, -1.2470192 ], [ 36.9783722, -1.247012 ], [ 36.9783631, -1.2469985 ], [ 36.9783491, -1.2469994 ], [ 36.9783415, -1.2469994 ], [ 36.9783249, -1.2469912 ], [ 36.9783232, -1.2469799 ], [ 36.9783267, -1.2469711 ], [ 36.9783353, -1.2469644 ], [ 36.9783463, -1.2469613 ], [ 36.9783538, -1.2469621 ], [ 36.978363, -1.246959 ], [ 36.9783698, -1.2469563 ], [ 36.9783784, -1.2469525 ], [ 36.978384, -1.2469482 ], [ 36.978388, -1.2469452 ], [ 36.9783961, -1.2469411 ], [ 36.9784018, -1.2469317 ], [ 36.9784043, -1.2469257 ], [ 36.9784063, -1.2469145 ], [ 36.9784046, -1.2469081 ], [ 36.9784031, -1.2469041 ], [ 36.9784018, -1.2468937 ], [ 36.9783948, -1.2468913 ], [ 36.9783859, -1.2468863 ], [ 36.9783777, -1.246887 ], [ 36.9783735, -1.2468885 ], [ 36.9783676, -1.2468936 ], [ 36.9783587, -1.2468958 ], [ 36.9783492, -1.2468978 ], [ 36.9783439, -1.2468932 ], [ 36.9783366, -1.2468907 ], [ 36.9783315, -1.2468857 ], [ 36.9783254, -1.2468815 ], [ 36.9783221, -1.2468802 ], [ 36.9783113, -1.2468788 ], [ 36.9783044, -1.2468781 ], [ 36.978299, -1.2468777 ], [ 36.9782898, -1.2468735 ], [ 36.9782644, -1.2468744 ], [ 36.9782563, -1.2468667 ], [ 36.9782451, -1.2468409 ], [ 36.9782344, -1.2468282 ], [ 36.9782363, -1.2468109 ], [ 36.9782401, -1.2468009 ], [ 36.9782478, -1.2467786 ], [ 36.9782494, -1.2467431 ], [ 36.9782256, -1.2467307 ], [ 36.9782087, -1.2467263 ], [ 36.9781902, -1.2467289 ], [ 36.9781778, -1.2467289 ], [ 36.9781627, -1.2467316 ], [ 36.9781331, -1.246725 ], [ 36.9781216, -1.2467152 ], [ 36.9780796, -1.2467112 ], [ 36.978076, -1.2466971 ], [ 36.9780579, -1.2466849 ], [ 36.9780472, -1.2466813 ], [ 36.978033, -1.2466843 ], [ 36.9780215, -1.2466757 ], [ 36.9780142, -1.2466675 ], [ 36.9780012, -1.2466602 ], [ 36.9779794, -1.2466471 ], [ 36.9779686, -1.2466247 ], [ 36.9779417, -1.2466062 ], [ 36.9779247, -1.246597 ], [ 36.9779055, -1.2465808 ], [ 36.9778793, -1.2465739 ], [ 36.9778508, -1.2465554 ], [ 36.9778331, -1.24655 ], [ 36.9778161, -1.2465431 ], [ 36.9777999, -1.24655 ], [ 36.9777737, -1.2465523 ], [ 36.9777607, -1.2465385 ], [ 36.9777514, -1.2465369 ], [ 36.9777322, -1.2465369 ], [ 36.9776936, -1.2465208 ], [ 36.9776667, -1.2465138 ], [ 36.9776567, -1.2465262 ], [ 36.977639, -1.2465292 ], [ 36.9776289, -1.2465585 ], [ 36.9776313, -1.2465716 ], [ 36.9776274, -1.2465908 ], [ 36.9776035, -1.2465901 ], [ 36.9775681, -1.2465939 ], [ 36.9775481, -1.2465978 ], [ 36.9775256, -1.2465999 ], [ 36.9775112, -1.246616 ], [ 36.9774914, -1.2466214 ], [ 36.9774727, -1.246619 ], [ 36.9774666, -1.2465969 ], [ 36.9774898, -1.2465516 ], [ 36.9775039, -1.2465374 ], [ 36.9775128, -1.2465213 ], [ 36.9775088, -1.2465086 ], [ 36.977506, -1.2464942 ], [ 36.9775041, -1.2464806 ], [ 36.9775073, -1.2464656 ], [ 36.9775154, -1.2464616 ], [ 36.97752, -1.2464579 ], [ 36.9775295, -1.2464616 ], [ 36.9775387, -1.2464573 ], [ 36.9775454, -1.2464483 ], [ 36.9775567, -1.2464405 ], [ 36.9775641, -1.2464308 ], [ 36.977573, -1.246426 ], [ 36.977588, -1.2464245 ], [ 36.977601, -1.2464158 ], [ 36.9776101, -1.2464036 ], [ 36.977621, -1.2463948 ], [ 36.9776292, -1.2463885 ], [ 36.9776389, -1.2463826 ], [ 36.97764810000001, -1.2463755 ], [ 36.977652, -1.2463677 ], [ 36.9776535, -1.2463627 ], [ 36.9776571, -1.2463559 ], [ 36.9776598, -1.2463486 ], [ 36.9776605, -1.2463442 ], [ 36.9776669, -1.2463355 ], [ 36.9776742, -1.2463288 ], [ 36.9776786, -1.2463216 ], [ 36.9776858, -1.2463146 ], [ 36.9776949, -1.2463089 ], [ 36.9777047, -1.2463027 ], [ 36.9777101, -1.2462936 ], [ 36.9777151, -1.2462852 ], [ 36.9777222, -1.2462804 ], [ 36.9777327, -1.246271 ], [ 36.9777389, -1.2462618 ], [ 36.9777467, -1.2462578 ], [ 36.9777562, -1.2462562 ], [ 36.9777557, -1.2462522 ], [ 36.9777504, -1.2462487 ], [ 36.9777546, -1.2462441 ], [ 36.977759, -1.246237 ], [ 36.9777751, -1.2462332 ], [ 36.9777792, -1.2462291 ], [ 36.9777667, -1.2462277 ], [ 36.9777646, -1.2462175 ], [ 36.9777678, -1.2462105 ], [ 36.9777699, -1.2462058 ], [ 36.9777687, -1.2461941 ], [ 36.9777618, -1.2461991 ], [ 36.9777583, -1.2462137 ], [ 36.9777533, -1.2462242 ], [ 36.9777472, -1.2462306 ], [ 36.9777408, -1.2462402 ], [ 36.9777344, -1.2462291 ], [ 36.9777329, -1.2462177 ], [ 36.9777312, -1.2462037 ], [ 36.9777367, -1.2461906 ], [ 36.9777507, -1.2462005 ], [ 36.9777568, -1.2461964 ], [ 36.977763, -1.246188 ], [ 36.9777557, -1.2461769 ], [ 36.9777496, -1.2461699 ], [ 36.9777376, -1.2461547 ], [ 36.977746, -1.2461448 ], [ 36.9777546, -1.246135 ], [ 36.9777663, -1.2461276 ], [ 36.9777749, -1.2461243 ], [ 36.9777859, -1.2461251 ], [ 36.9777935, -1.2461279 ], [ 36.9778052, -1.2461291 ], [ 36.9778263, -1.246136 ], [ 36.9778407, -1.246138 ], [ 36.9778549, -1.2461474 ], [ 36.9778658, -1.2461601 ], [ 36.9778765, -1.246168 ], [ 36.9778768, -1.2461823 ], [ 36.9778836, -1.2461988 ], [ 36.9778823, -1.2462153 ], [ 36.9778783, -1.2462283 ], [ 36.9778834, -1.2462383 ], [ 36.9778825, -1.2462491 ], [ 36.9778919, -1.2462622 ], [ 36.9779003, -1.2462695 ], [ 36.9779006, -1.2462841 ], [ 36.9779128, -1.2462959 ], [ 36.9779134, -1.2463194 ], [ 36.9779319, -1.2463247 ], [ 36.977953, -1.2463237 ], [ 36.9779806, -1.2463342 ], [ 36.9780029, -1.2463308 ], [ 36.9780287, -1.2463369 ], [ 36.9780406, -1.246345 ], [ 36.9780537, -1.2463585 ], [ 36.9780921, -1.2463714 ], [ 36.9780966, -1.2464086 ], [ 36.9780901, -1.2464386 ], [ 36.9781248, -1.2464509 ], [ 36.978145, -1.2464688 ], [ 36.9781723, -1.2464684 ], [ 36.9781893, -1.2464857 ], [ 36.978231, -1.2465037 ], [ 36.978248, -1.2465191 ], [ 36.9782888, -1.2464874 ], [ 36.9783219, -1.2464402 ], [ 36.9783554, -1.2464371 ], [ 36.9783763, -1.2464722 ], [ 36.9784025, -1.2464874 ], [ 36.9784294, -1.2465052 ], [ 36.9784455, -1.2465159 ], [ 36.9784689, -1.2465173 ], [ 36.9784931, -1.2465327 ], [ 36.9784971, -1.2465528 ], [ 36.9785159, -1.2465622 ], [ 36.9785434, -1.2465381 ], [ 36.9785675, -1.2465209 ], [ 36.9786129, -1.246513 ], [ 36.9786514, -1.2465322 ], [ 36.9787005, -1.2465475 ], [ 36.978704, -1.246582 ], [ 36.9787208, -1.2465873 ], [ 36.9787385, -1.2465793 ], [ 36.9787536, -1.2465607 ], [ 36.9787412, -1.2465439 ], [ 36.9787367, -1.246528 ], [ 36.9787624, -1.2465023 ], [ 36.9787615, -1.2464776 ], [ 36.9787748, -1.2464537 ], [ 36.9788238, -1.2465076 ], [ 36.9789017, -1.2465076 ], [ 36.9789875, -1.2465253 ], [ 36.9790114, -1.2465102 ], [ 36.9790194, -1.2464943 ], [ 36.9790185, -1.246481 ], [ 36.9790105, -1.2464669 ], [ 36.9790043, -1.246458 ], [ 36.9790043, -1.2464793 ], [ 36.9790105, -1.2464855 ], [ 36.9789982, -1.2464961 ], [ 36.9789928, -1.2464766 ], [ 36.9789787, -1.2464713 ], [ 36.9789769, -1.2464589 ], [ 36.9789698, -1.2464421 ], [ 36.9789698, -1.2464227 ], [ 36.9789751, -1.246412 ], [ 36.9789796, -1.2463997 ], [ 36.9789867, -1.2463846 ], [ 36.9789831, -1.2463652 ], [ 36.978982, -1.246341 ], [ 36.9789767, -1.2463224 ], [ 36.9789723, -1.2463118 ], [ 36.9789599, -1.2462932 ], [ 36.9789467, -1.2462791 ], [ 36.9789582, -1.2462693 ], [ 36.9790095, -1.2462596 ], [ 36.9790334, -1.2462578 ], [ 36.9790634, -1.246264 ], [ 36.9791153, -1.246256 ], [ 36.9791398, -1.246249 ], [ 36.9792122, -1.246228 ], [ 36.9792157, -1.2462175 ], [ 36.9792391, -1.2461965 ], [ 36.9792449, -1.2461801 ], [ 36.9793266, -1.2461509 ], [ 36.979371, -1.2461428 ], [ 36.9793874, -1.2461673 ], [ 36.9794257, -1.2462117 ], [ 36.9794715, -1.2462219 ], [ 36.9794999, -1.2462432 ], [ 36.9795192, -1.2462432 ], [ 36.9795385, -1.2462331 ], [ 36.9795538, -1.2462097 ], [ 36.9795944, -1.2462026 ], [ 36.9796097, -1.2461985 ], [ 36.9796705, -1.2462026 ], [ 36.9797394, -1.2461875 ], [ 36.9797709, -1.2461501 ], [ 36.9798083, -1.2461174 ], [ 36.9798433, -1.2461116 ], [ 36.97989, -1.2461093 ], [ 36.97993, -1.2461466 ], [ 36.9799639, -1.2461525 ], [ 36.9799977, -1.246156 ], [ 36.9800129, -1.246163 ], [ 36.9800374, -1.2462155 ], [ 36.9800386, -1.2462528 ], [ 36.9800374, -1.2462773 ], [ 36.9800433, -1.246303 ], [ 36.9800246, -1.2463299 ], [ 36.9800024, -1.2463941 ], [ 36.9799907, -1.2464314 ], [ 36.9799454, -1.2465083 ], [ 36.9799676, -1.2465736 ], [ 36.9799513, -1.246611 ], [ 36.9799197, -1.2466262 ], [ 36.9798871, -1.2466285 ], [ 36.9798298, -1.2466588 ], [ 36.9797796, -1.246646 ], [ 36.9797364, -1.2466378 ], [ 36.9796792, -1.246646 ], [ 36.979615, -1.2466378 ], [ 36.979593, -1.2466669 ], [ 36.9795603, -1.2466728 ], [ 36.9795089, -1.2466494 ], [ 36.9795007, -1.2466284 ], [ 36.9795019, -1.2466074 ], [ 36.9795089, -1.2465922 ], [ 36.9795217, -1.246577 ], [ 36.9795054, -1.2465712 ], [ 36.9794797, -1.2465805 ], [ 36.9794645, -1.246584 ], [ 36.979426, -1.2465945 ], [ 36.9794132, -1.2466132 ], [ 36.97939, -1.2466204 ], [ 36.9793713, -1.2466344 ], [ 36.979355, -1.2466344 ], [ 36.9793304, -1.2466356 ], [ 36.9793153, -1.2466251 ], [ 36.9793141, -1.2466379 ], [ 36.9793293, -1.2466461 ], [ 36.979348, -1.2466601 ], [ 36.9793608, -1.2466671 ], [ 36.9794017, -1.2467185 ], [ 36.9794332, -1.2467792 ], [ 36.979425, -1.2467908 ], [ 36.979418, -1.2468142 ], [ 36.9794087, -1.2468317 ], [ 36.9793682, -1.2468611 ], [ 36.9793366, -1.2468696 ], [ 36.9793105, -1.2468749 ], [ 36.9792758, -1.2468788 ], [ 36.9792558, -1.2468865 ], [ 36.9792542, -1.2469042 ], [ 36.9792203, -1.2468927 ], [ 36.9792065, -1.2468834 ], [ 36.9791918, -1.2468788 ], [ 36.9791787, -1.2468896 ], [ 36.9791941, -1.2469088 ], [ 36.9791903, -1.2469335 ], [ 36.9791779, -1.2469535 ], [ 36.9791625, -1.2469593 ], [ 36.9791383, -1.2469635 ], [ 36.9791194, -1.2469647 ], [ 36.9790985, -1.2469646 ], [ 36.9790766, -1.2469723 ], [ 36.979067, -1.2470012 ], [ 36.97906, -1.2470197 ], [ 36.9790424, -1.2470556 ], [ 36.9790389, -1.2470683 ], [ 36.9790247, -1.2470879 ], [ 36.9790228, -1.2471122 ], [ 36.9790239, -1.2471253 ], [ 36.9790135, -1.247128 ], [ 36.9789839, -1.2471222 ], [ 36.9789816, -1.2471076 ], [ 36.9789885, -1.2470937 ], [ 36.9789858, -1.2470645 ], [ 36.97899, -1.2470356 ], [ 36.9790047, -1.2470314 ], [ 36.9790174, -1.2470217 ], [ 36.9790201, -1.2470129 ], [ 36.9790162, -1.2469967 ], [ 36.9790074, -1.2469836 ], [ 36.9789912, -1.2469717 ], [ 36.9789742, -1.2469724 ], [ 36.9789646, -1.2469805 ], [ 36.9789557, -1.2469821 ], [ 36.9789534, -1.246974 ], [ 36.9789373, -1.2469713 ], [ 36.9789206, -1.2469694 ], [ 36.9789102, -1.2469734 ], [ 36.978892, -1.2469858 ], [ 36.9788869, -1.2469858 ], [ 36.978881, -1.2469909 ], [ 36.9788718, -1.2469938 ], [ 36.9788668, -1.2469981 ], [ 36.9788614, -1.2470077 ], [ 36.9788602, -1.2470158 ], [ 36.978851, -1.2470269 ], [ 36.9788452, -1.2470331 ], [ 36.9788259, -1.2470246 ], [ 36.9788171, -1.247015 ], [ 36.9788021, -1.2469838 ], [ 36.9787936, -1.2469707 ], [ 36.9787882, -1.2469688 ], [ 36.9787797, -1.24697 ], [ 36.9787751, -1.24698 ], [ 36.9787778, -1.2469842 ], [ 36.9787813, -1.2469919 ], [ 36.9787843, -1.2470108 ], [ 36.9787705, -1.2470304 ], [ 36.9787494, -1.2470325 ], [ 36.9787389, -1.247022 ], [ 36.9787226, -1.2470465 ], [ 36.9787144, -1.2470535 ], [ 36.9787056, -1.2470546 ], [ 36.9786904, -1.2470541 ], [ 36.9786764, -1.2470599 ], [ 36.97867, -1.2470669 ], [ 36.9786613, -1.2470792 ], [ 36.9786508, -1.2470932 ], [ 36.9786467, -1.2470984 ], [ 36.978642, -1.2471083 ], [ 36.9786356, -1.2471101 ], [ 36.978642, -1.2471241 ], [ 36.9786402, -1.2471323 ], [ 36.9786634, -1.2471413 ], [ 36.9786788, -1.2471467 ], [ 36.9787023, -1.2471467 ], [ 36.9787238, -1.2471514 ], [ 36.9787298, -1.2471641 ], [ 36.9787325, -1.2471815 ], [ 36.9787197, -1.2471902 ], [ 36.978701, -1.2471976 ], [ 36.9786748, -1.2472043 ], [ 36.9786634, -1.2472063 ], [ 36.9786614, -1.2472204 ], [ 36.9786446, -1.2472271 ], [ 36.9786366, -1.2472378 ], [ 36.9786239, -1.2472466 ], [ 36.9786138, -1.24726 ], [ 36.978609, -1.247289 ], [ 36.9785904, -1.2472907 ], [ 36.9785736, -1.2472916 ], [ 36.9785656, -1.2472863 ], [ 36.9785426, -1.2472934 ], [ 36.978547, -1.2473155 ], [ 36.97853640000001, -1.2473243 ], [ 36.9785331, -1.2473683 ], [ 36.9785057, -1.2473765 ], [ 36.9784843, -1.2473866 ], [ 36.9784711, -1.2473826 ], [ 36.9784477, -1.2473765 ], [ 36.9784467, -1.2473511 ], [ 36.978461, -1.2473358 ], [ 36.9784406, -1.2473318 ], [ 36.9784254, -1.2473358 ], [ 36.978402, -1.247347 ], [ 36.9783878, -1.247349 ], [ 36.9783695, -1.2473592 ], [ 36.9783542, -1.2473775 ], [ 36.9783288, -1.2473683 ], [ 36.9783309, -1.247349 ], [ 36.9783512, -1.2473236 ], [ 36.9783542, -1.2472799 ], [ 36.9783339, -1.2472677 ], [ 36.9783105, -1.2472657 ], [ 36.9783004, -1.2472505 ], [ 36.978277, -1.2472505 ], [ 36.9781082, -1.2473036 ], [ 36.9780747, -1.2473215 ] ] ] } },
{ "type": "Feature", "properties": { "id": "way/84630541", "name": "", "name_en": "", "name_sw": "", "waterway": "", "covered": "", "width": "", "depth": "", "layer": "", "blockage": "", "tunnel": "", "natural_cl": "water", "water": "basin", "source": "", "adm0_pcode": "KEN", "adm0_name": "Kenya", "adm1_pcode": "KE047", "adm1_name": "Nairobi", "adm2_pcode": "KE047280", "adm2_name": "Kasarani", "adm3_pcode": "", "adm3_name": "", "adm4_pcode": "", "adm4_name": "", "name_latin": "", "display_name": "(unnamed dam or water body)", "waterbody_type": "basin", "osm_id": "way/84630541", "model_source": "dams.geojson" }, "geometry": { "type": "Polygon", "coordinates": [ [ [ 37.0182286, -1.2432982 ], [ 37.0212976, -1.2488541 ], [ 37.0189011, -1.2501773 ], [ 37.0158321, -1.2446214 ], [ 37.0182286, -1.2432982 ] ] ] } },
{ "type": "Feature", "properties": { "id": "way/1299051247", "name": "", "name_en": "", "name_sw": "", "waterway": "", "covered": "", "width": "", "depth": "", "layer": "", "blockage": "", "tunnel": "", "natural_cl": "water", "water": "reservoir", "source": "", "adm0_pcode": "KEN", "adm0_name": "Kenya", "adm1_pcode": "KE047", "adm1_name": "Nairobi", "adm2_pcode": "KE047280", "adm2_name": "Kasarani", "adm3_pcode": "", "adm3_name": "", "adm4_pcode": "", "adm4_name": "", "name_latin": "", "display_name": "(unnamed dam or water body)", "waterbody_type": "reservoir", "osm_id": "way/1299051247", "model_source": "dams.geojson" }, "geometry": { "type": "Polygon", "coordinates": [ [ [ 36.9912576, -1.2456098 ], [ 36.9913408, -1.2458361 ], [ 36.9912365, -1.2458744 ], [ 36.9911533, -1.2456481 ], [ 36.9912576, -1.2456098 ] ] ] } },
{ "type": "Feature", "properties": { "id": "way/1298988098", "name": "", "name_en": "", "name_sw": "", "waterway": "", "covered": "", "width": "", "depth": "", "layer": "", "blockage": "", "tunnel": "", "natural_cl": "water", "water": "pond", "source": "", "adm0_pcode": "KEN", "adm0_name": "Kenya", "adm1_pcode": "KE047", "adm1_name": "Nairobi", "adm2_pcode": "KE047280", "adm2_name": "Kasarani", "adm3_pcode": "", "adm3_name": "", "adm4_pcode": "", "adm4_name": "", "name_latin": "", "display_name": "(unnamed dam or water body)", "waterbody_type": "pond", "osm_id": "way/1298988098", "model_source": "dams.geojson" }, "geometry": { "type": "Polygon", "coordinates": [ [ [ 36.993771, -1.2461919 ], [ 36.9937308, -1.2461986 ], [ 36.9936691, -1.246204 ], [ 36.9936168, -1.2462187 ], [ 36.993539, -1.2462268 ], [ 36.99348, -1.2462147 ], [ 36.9934653, -1.2461664 ], [ 36.9934626, -1.2461007 ], [ 36.9934612, -1.2460297 ], [ 36.9934575, -1.2459184 ], [ 36.9934763, -1.2459037 ], [ 36.9936017, -1.2458873 ], [ 36.9936638, -1.2459066 ], [ 36.9936929, -1.2458868 ], [ 36.9937058, -1.2458436 ], [ 36.9936918, -1.2458097 ], [ 36.993694, -1.2457671 ], [ 36.9936708, -1.2457278 ], [ 36.9936406, -1.2456807 ], [ 36.9936192, -1.245637 ], [ 36.9935857, -1.2456339 ], [ 36.9935572, -1.2456492 ], [ 36.9935176, -1.2456644 ], [ 36.993479, -1.2456614 ], [ 36.9934461, -1.2456462 ], [ 36.9934298, -1.2456229 ], [ 36.9934286, -1.245599 ], [ 36.9934245, -1.2455677 ], [ 36.9934146, -1.2454942 ], [ 36.9934204, -1.2454644 ], [ 36.9934143, -1.2454128 ], [ 36.9934079, -1.2453667 ], [ 36.9934155, -1.2453329 ], [ 36.9934289, -1.2453084 ], [ 36.9934377, -1.2452518 ], [ 36.9934564, -1.2452291 ], [ 36.9934803, -1.2452215 ], [ 36.9935188, -1.2452052 ], [ 36.9935446, -1.2451553 ], [ 36.9935662, -1.2451361 ], [ 36.9935837, -1.2451343 ], [ 36.9936059, -1.245125 ], [ 36.9936217, -1.2451145 ], [ 36.9936403, -1.2450964 ], [ 36.9936532, -1.245087 ], [ 36.9936747, -1.2450549 ], [ 36.9936992, -1.2450356 ], [ 36.9937226, -1.2449866 ], [ 36.9937337, -1.2449469 ], [ 36.9937541, -1.2449136 ], [ 36.9937623, -1.2448861 ], [ 36.9937553, -1.2448599 ], [ 36.9937465, -1.2448447 ], [ 36.993767, -1.2448429 ], [ 36.9937904, -1.2448449 ], [ 36.9938132, -1.2448733 ], [ 36.9938168, -1.2449003 ], [ 36.9938158, -1.2449302 ], [ 36.99382, -1.2449695 ], [ 36.9938394, -1.2450003 ], [ 36.9938407, -1.2450332 ], [ 36.9938407, -1.245066 ], [ 36.9938391, -1.2450966 ], [ 36.9938579, -1.2451463 ], [ 36.9938766, -1.2451516 ], [ 36.9938844, -1.2451676 ], [ 36.9938967, -1.2451842 ], [ 36.9938988, -1.2451941 ], [ 36.9939044, -1.2452461 ], [ 36.9938976, -1.2452586 ], [ 36.9938842, -1.2452599 ], [ 36.9938698, -1.2452612 ], [ 36.993835, -1.2452572 ], [ 36.9938601, -1.2454631 ], [ 36.9940754, -1.2454873 ], [ 36.9940828, -1.2455198 ], [ 36.9940559, -1.2456564 ], [ 36.9939958, -1.2457484 ], [ 36.9939577, -1.2457844 ], [ 36.9938809, -1.2458065 ], [ 36.9938838, -1.2458391 ], [ 36.99389390000001, -1.2459791 ], [ 36.9938907, -1.2460374 ], [ 36.9938888, -1.2461469 ], [ 36.99387140000001, -1.2461945 ], [ 36.9938459, -1.2461918 ], [ 36.9938233, -1.2461933 ], [ 36.993771, -1.2461919 ] ] ] } },
{ "type": "Feature", "properties": { "id": "way/84630515", "name": "", "name_en": "", "name_sw": "", "waterway": "", "covered": "", "width": "", "depth": "", "layer": "", "blockage": "", "tunnel": "", "natural_cl": "water", "water": "basin", "source": "", "adm0_pcode": "KEN", "adm0_name": "Kenya", "adm1_pcode": "KE047", "adm1_name": "Nairobi", "adm2_pcode": "KE047280", "adm2_name": "Kasarani", "adm3_pcode": "", "adm3_name": "", "adm4_pcode": "", "adm4_name": "", "name_latin": "", "display_name": "(unnamed dam or water body)", "waterbody_type": "basin", "osm_id": "way/84630515", "model_source": "dams.geojson" }, "geometry": { "type": "Polygon", "coordinates": [ [ [ 37.0119068, -1.2436296 ], [ 37.013193, -1.2459579 ], [ 37.0108188, -1.2472688 ], [ 37.0095326, -1.2449404 ], [ 37.0119068, -1.2436296 ] ] ] } },
{ "type": "Feature", "properties": { "id": "way/84630525", "name": "", "name_en": "", "name_sw": "", "waterway": "", "covered": "", "width": "", "depth": "", "layer": "", "blockage": "", "tunnel": "", "natural_cl": "water", "water": "basin", "source": "", "adm0_pcode": "KEN", "adm0_name": "Kenya", "adm1_pcode": "KE047", "adm1_name": "Nairobi", "adm2_pcode": "KE047280", "adm2_name": "Kasarani", "adm3_pcode": "", "adm3_name": "", "adm4_pcode": "", "adm4_name": "", "name_latin": "", "display_name": "(unnamed dam or water body)", "waterbody_type": "basin", "osm_id": "way/84630525", "model_source": "dams.geojson" }, "geometry": { "type": "Polygon", "coordinates": [ [ [ 37.0206799, -1.2419002 ], [ 37.0237756, -1.2474707 ], [ 37.0213919, -1.2487948 ], [ 37.0182962, -1.2432243 ], [ 37.0206799, -1.2419002 ] ] ] } },
{ "type": "Feature", "properties": { "id": "way/1298988096", "name": "", "name_en": "", "name_sw": "", "waterway": "", "covered": "", "width": "", "depth": "", "layer": "", "blockage": "", "tunnel": "", "natural_cl": "water", "water": "reservoir", "source": "", "adm0_pcode": "KEN", "adm0_name": "Kenya", "adm1_pcode": "KE047", "adm1_name": "Nairobi", "adm2_pcode": "KE047280", "adm2_name": "Kasarani", "adm3_pcode": "", "adm3_name": "", "adm4_pcode": "", "adm4_name": "", "name_latin": "", "display_name": "(unnamed dam or water body)", "waterbody_type": "reservoir", "osm_id": "way/1298988096", "model_source": "dams.geojson" }, "geometry": { "type": "Polygon", "coordinates": [ [ [ 36.9961596, -1.2448737 ], [ 36.9962143, -1.2449795 ], [ 36.9960705, -1.2450538 ], [ 36.9960158, -1.2449481 ], [ 36.9961596, -1.2448737 ] ] ] } },
{ "type": "Feature", "properties": { "id": "way/1299519754", "name": "", "name_en": "", "name_sw": "", "waterway": "", "covered": "", "width": "", "depth": "", "layer": "", "blockage": "", "tunnel": "", "natural_cl": "water", "water": "reservoir", "source": "", "adm0_pcode": "KEN", "adm0_name": "Kenya", "adm1_pcode": "KE047", "adm1_name": "Nairobi", "adm2_pcode": "KE047280", "adm2_name": "Kasarani", "adm3_pcode": "", "adm3_name": "", "adm4_pcode": "", "adm4_name": "", "name_latin": "", "display_name": "(unnamed dam or water body)", "waterbody_type": "reservoir", "osm_id": "way/1299519754", "model_source": "dams.geojson" }, "geometry": { "type": "Polygon", "coordinates": [ [ [ 36.9965631, -1.2450951 ], [ 36.9964838, -1.2449101 ], [ 36.9964229, -1.2447999 ], [ 36.9964118, -1.2447261 ], [ 36.996468, -1.2447089 ], [ 36.9964958, -1.2446811 ], [ 36.9965425, -1.244655 ], [ 36.99663, -1.244606 ], [ 36.9966791, -1.2446106 ], [ 36.9967012, -1.2447215 ], [ 36.9969443, -1.2451526 ], [ 36.9966917, -1.2452813 ], [ 36.9965631, -1.2450951 ] ] ] } },
{ "type": "Feature", "properties": { "id": "way/84630533", "name": "", "name_en": "", "name_sw": "", "waterway": "", "covered": "", "width": "", "depth": "", "layer": "", "blockage": "", "tunnel": "", "natural_cl": "water", "water": "basin", "source": "", "adm0_pcode": "KEN", "adm0_name": "Kenya", "adm1_pcode": "KE047", "adm1_name": "Nairobi", "adm2_pcode": "KE047280", "adm2_name": "Kasarani", "adm3_pcode": "", "adm3_name": "", "adm4_pcode": "", "adm4_name": "", "name_latin": "", "display_name": "(unnamed dam or water body)", "waterbody_type": "basin", "osm_id": "way/84630533", "model_source": "dams.geojson" }, "geometry": { "type": "Polygon", "coordinates": [ [ [ 37.0156945, -1.2445961 ], [ 37.0133202, -1.2459073 ], [ 37.012653, -1.2446998 ], [ 37.0150273, -1.2433886 ], [ 37.0156945, -1.2445961 ] ] ] } },
{ "type": "Feature", "properties": { "id": "way/1299519753", "name": "", "name_en": "", "name_sw": "", "waterway": "", "covered": "", "width": "", "depth": "", "layer": "", "blockage": "", "tunnel": "", "natural_cl": "water", "water": "reservoir", "source": "", "adm0_pcode": "KEN", "adm0_name": "Kenya", "adm1_pcode": "KE047", "adm1_name": "Nairobi", "adm2_pcode": "KE047280", "adm2_name": "Kasarani", "adm3_pcode": "", "adm3_name": "", "adm4_pcode": "", "adm4_name": "", "name_latin": "", "display_name": "(unnamed dam or water body)", "waterbody_type": "reservoir", "osm_id": "way/1299519753", "model_source": "dams.geojson" }, "geometry": { "type": "Polygon", "coordinates": [ [ [ 36.9976702, -1.2444634 ], [ 36.9977878, -1.2444091 ], [ 36.997831, -1.2445025 ], [ 36.9977133, -1.2445569 ], [ 36.9976702, -1.2444634 ] ] ] } },
{ "type": "Feature", "properties": { "id": "way/84630540", "name": "", "name_en": "", "name_sw": "", "waterway": "", "covered": "", "width": "", "depth": "", "layer": "", "blockage": "", "tunnel": "", "natural_cl": "water", "water": "basin", "source": "", "adm0_pcode": "KEN", "adm0_name": "Kenya", "adm1_pcode": "KE047", "adm1_name": "Nairobi", "adm2_pcode": "KE047280", "adm2_name": "Kasarani", "adm3_pcode": "", "adm3_name": "", "adm4_pcode": "", "adm4_name": "", "name_latin": "", "display_name": "(unnamed dam or water body)", "waterbody_type": "basin", "osm_id": "way/84630540", "model_source": "dams.geojson" }, "geometry": { "type": "Polygon", "coordinates": [ [ [ 37.0080896, -1.2426024 ], [ 37.0093934, -1.2448949 ], [ 37.0069889, -1.2462617 ], [ 37.0056851, -1.2439692 ], [ 37.0080896, -1.2426024 ] ] ] } },
{ "type": "Feature", "properties": { "id": "way/84630529", "name": "", "name_en": "", "name_sw": "", "waterway": "", "covered": "", "width": "", "depth": "", "layer": "", "blockage": "", "tunnel": "", "natural_cl": "water", "water": "basin", "source": "", "adm0_pcode": "KEN", "adm0_name": "Kenya", "adm1_pcode": "KE047", "adm1_name": "Nairobi", "adm2_pcode": "KE047280", "adm2_name": "Kasarani", "adm3_pcode": "", "adm3_name": "", "adm4_pcode": "", "adm4_name": "", "name_latin": "", "display_name": "(unnamed dam or water body)", "waterbody_type": "basin", "osm_id": "way/84630529", "model_source": "dams.geojson" }, "geometry": { "type": "Polygon", "coordinates": [ [ [ 37.0231361, -1.2405431 ], [ 37.0262289, -1.2461189 ], [ 37.0238662, -1.2474289 ], [ 37.0207734, -1.241853 ], [ 37.0231361, -1.2405431 ] ] ] } },
{ "type": "Feature", "properties": { "id": "way/84630516", "name": "", "name_en": "", "name_sw": "", "waterway": "", "covered": "", "width": "", "depth": "", "layer": "", "blockage": "", "tunnel": "", "natural_cl": "water", "water": "basin", "source": "", "adm0_pcode": "KEN", "adm0_name": "Kenya", "adm1_pcode": "KE047", "adm1_name": "Nairobi", "adm2_pcode": "KE047280", "adm2_name": "Kasarani", "adm3_pcode": "", "adm3_name": "", "adm4_pcode": "", "adm4_name": "", "name_latin": "", "display_name": "(unnamed dam or water body)", "waterbody_type": "basin", "osm_id": "way/84630516", "model_source": "dams.geojson" }, "geometry": { "type": "Polygon", "coordinates": [ [ [ 37.0149822, -1.2433009 ], [ 37.0126289, -1.244616 ], [ 37.0119525, -1.2434062 ], [ 37.0143058, -1.2420911 ], [ 37.0149822, -1.2433009 ] ] ] } },
{ "type": "Feature", "properties": { "id": "way/84630514", "name": "", "name_en": "", "name_sw": "", "waterway": "", "covered": "", "width": "", "depth": "", "layer": "", "blockage": "", "tunnel": "", "natural_cl": "water", "water": "basin", "source": "", "adm0_pcode": "KEN", "adm0_name": "Kenya", "adm1_pcode": "KE047", "adm1_name": "Nairobi", "adm2_pcode": "KE047280", "adm2_name": "Kasarani", "adm3_pcode": "", "adm3_name": "", "adm4_pcode": "", "adm4_name": "", "name_latin": "", "display_name": "(unnamed dam or water body)", "waterbody_type": "basin", "osm_id": "way/84630514", "model_source": "dams.geojson" }, "geometry": { "type": "Polygon", "coordinates": [ [ [ 37.0174917, -1.2420217 ], [ 37.0181525, -1.2432269 ], [ 37.015781, -1.2445265 ], [ 37.0151203, -1.2433213 ], [ 37.0174917, -1.2420217 ] ] ] } },
{ "type": "Feature", "properties": { "id": "way/1299925085", "name": "", "name_en": "", "name_sw": "", "waterway": "", "covered": "", "width": "", "depth": "", "layer": "", "blockage": "", "tunnel": "", "natural_cl": "water", "water": "pond", "source": "", "adm0_pcode": "KEN", "adm0_name": "Kenya", "adm1_pcode": "KE047", "adm1_name": "Nairobi", "adm2_pcode": "KE047280", "adm2_name": "Kasarani", "adm3_pcode": "", "adm3_name": "", "adm4_pcode": "", "adm4_name": "", "name_latin": "", "display_name": "(unnamed dam or water body)", "waterbody_type": "pond", "osm_id": "way/1299925085", "model_source": "dams.geojson" }, "geometry": { "type": "Polygon", "coordinates": [ [ [ 36.9836544, -1.2430546 ], [ 36.9836628, -1.2431054 ], [ 36.9836845, -1.2431386 ], [ 36.9836885, -1.2431497 ], [ 36.9836783, -1.2431811 ], [ 36.9836703, -1.2431877 ], [ 36.9836602, -1.2431921 ], [ 36.9836411, -1.2431974 ], [ 36.9836332, -1.2432027 ], [ 36.9836186, -1.2432045 ], [ 36.9836102, -1.2431972 ], [ 36.9836045, -1.2431844 ], [ 36.9836024, -1.2431619 ], [ 36.9836132, -1.2431527 ], [ 36.9836162, -1.2431431 ], [ 36.983627, -1.2431388 ], [ 36.9836301, -1.24312 ], [ 36.9836316, -1.2430999 ], [ 36.9836274, -1.2430942 ], [ 36.9836239, -1.243088 ], [ 36.9836251, -1.2430791 ], [ 36.9836247, -1.2430684 ], [ 36.9836274, -1.2430553 ], [ 36.9836544, -1.2430546 ] ] ] } },
{ "type": "Feature", "properties": { "id": "way/1298968559", "name": "", "name_en": "", "name_sw": "", "waterway": "", "covered": "", "width": "", "depth": "", "layer": "", "blockage": "", "tunnel": "", "natural_cl": "water", "water": "pond", "source": "", "adm0_pcode": "KEN", "adm0_name": "Kenya", "adm1_pcode": "KE047", "adm1_name": "Nairobi", "adm2_pcode": "KE047280", "adm2_name": "Kasarani", "adm3_pcode": "", "adm3_name": "", "adm4_pcode": "", "adm4_name": "", "name_latin": "", "display_name": "(unnamed dam or water body)", "waterbody_type": "pond", "osm_id": "way/1298968559", "model_source": "dams.geojson" }, "geometry": { "type": "Polygon", "coordinates": [ [ [ 36.9767235, -1.243072 ], [ 36.9767332, -1.2430656 ], [ 36.976738, -1.2430608 ], [ 36.9767446, -1.2430562 ], [ 36.9767517, -1.2430509 ], [ 36.9767492, -1.2430451 ], [ 36.9767492, -1.2430369 ], [ 36.9767528, -1.2430293 ], [ 36.9767581, -1.2430265 ], [ 36.9767571, -1.2430214 ], [ 36.9767553, -1.2430174 ], [ 36.9767594, -1.2430123 ], [ 36.9767644, -1.2430105 ], [ 36.9767678, -1.2430087 ], [ 36.9767688, -1.2429957 ], [ 36.9767668, -1.242989 ], [ 36.9767795, -1.2429849 ], [ 36.9767996, -1.2429903 ], [ 36.9768224, -1.243005 ], [ 36.9768361, -1.2430325 ], [ 36.9768419, -1.2430431 ], [ 36.9768525, -1.2430621 ], [ 36.9768476, -1.2430781 ], [ 36.9768432, -1.2430919 ], [ 36.9768401, -1.2431194 ], [ 36.9768317, -1.2431188 ], [ 36.9768155, -1.2431163 ], [ 36.9768165, -1.2431236 ], [ 36.9768116, -1.2431446 ], [ 36.9767955, -1.2431477 ], [ 36.9767863, -1.2431567 ], [ 36.9767865, -1.2431662 ], [ 36.9767775, -1.2431684 ], [ 36.9767696, -1.2431735 ], [ 36.9767566, -1.2431817 ], [ 36.9767502, -1.2431794 ], [ 36.9767466, -1.2431729 ], [ 36.976741, -1.2431552 ], [ 36.976729, -1.2431336 ], [ 36.9767278, -1.243121 ], [ 36.9767298, -1.2431002 ], [ 36.9767197, -1.2430796 ], [ 36.9767235, -1.243072 ] ] ] } },
{ "type": "Feature", "properties": { "id": "way/84630528", "name": "", "name_en": "", "name_sw": "", "waterway": "", "covered": "", "width": "", "depth": "", "layer": "", "blockage": "", "tunnel": "", "natural_cl": "water", "water": "basin", "source": "", "adm0_pcode": "KEN", "adm0_name": "Kenya", "adm1_pcode": "KE047", "adm1_name": "Nairobi", "adm2_pcode": "KE047280", "adm2_name": "Kasarani", "adm3_pcode": "", "adm3_name": "", "adm4_pcode": "", "adm4_name": "", "name_latin": "", "display_name": "(unnamed dam or water body)", "waterbody_type": "basin", "osm_id": "way/84630528", "model_source": "dams.geojson" }, "geometry": { "type": "Polygon", "coordinates": [ [ [ 37.0105582, -1.2412009 ], [ 37.0118597, -1.2434856 ], [ 37.0095436, -1.2448043 ], [ 37.0082421, -1.2425196 ], [ 37.0105582, -1.2412009 ] ] ] } },
{ "type": "Feature", "properties": { "id": "way/1299041755", "name": "", "name_en": "", "name_sw": "", "waterway": "", "covered": "", "width": "", "depth": "", "layer": "", "blockage": "", "tunnel": "", "natural_cl": "water", "water": "pond", "source": "", "adm0_pcode": "KEN", "adm0_name": "Kenya", "adm1_pcode": "KE047", "adm1_name": "Nairobi", "adm2_pcode": "KE047280", "adm2_name": "Kasarani", "adm3_pcode": "", "adm3_name": "", "adm4_pcode": "", "adm4_name": "", "name_latin": "", "display_name": "(unnamed dam or water body)", "waterbody_type": "pond", "osm_id": "way/1299041755", "model_source": "dams.geojson" }, "geometry": { "type": "Polygon", "coordinates": [ [ [ 36.9912072, -1.2429656 ], [ 36.9912178, -1.2429638 ], [ 36.9912355, -1.2429665 ], [ 36.9912505, -1.242962 ], [ 36.9912762, -1.2429603 ], [ 36.9912877, -1.2429558 ], [ 36.9912948, -1.2429337 ], [ 36.9913169, -1.2429275 ], [ 36.9913311, -1.2429222 ], [ 36.9913479, -1.2429134 ], [ 36.9913868, -1.2429028 ], [ 36.9914019, -1.2428877 ], [ 36.9914187, -1.2428426 ], [ 36.9914364, -1.2428249 ], [ 36.9914541, -1.2428187 ], [ 36.9914779, -1.2428187 ], [ 36.9914956, -1.2428205 ], [ 36.9915107, -1.2428223 ], [ 36.9915213, -1.2428267 ], [ 36.9915275, -1.242847 ], [ 36.9915425, -1.2428346 ], [ 36.9915662, -1.2428402 ], [ 36.9915733, -1.2428561 ], [ 36.9915573, -1.2428853 ], [ 36.9915468, -1.2429237 ], [ 36.9915327, -1.2429342 ], [ 36.9915236, -1.2429736 ], [ 36.9915221, -1.2429867 ], [ 36.9915205, -1.2430074 ], [ 36.9915182, -1.243024 ], [ 36.9915163, -1.2430363 ], [ 36.9915124, -1.2430486 ], [ 36.9915074, -1.2430587 ], [ 36.991499, -1.2430714 ], [ 36.9914931, -1.2430873 ], [ 36.9914831, -1.2430889 ], [ 36.9914627, -1.2430911 ], [ 36.9914489, -1.2430896 ], [ 36.9914453, -1.2430813 ], [ 36.9914465, -1.2430726 ], [ 36.9914328, -1.24307 ], [ 36.9914151, -1.243066 ], [ 36.9914057, -1.2430667 ], [ 36.991388, -1.2430669 ], [ 36.9913804, -1.2430636 ], [ 36.9913634, -1.2430608 ], [ 36.9913533, -1.2430546 ], [ 36.9913375, -1.2430488 ], [ 36.9913273, -1.2430474 ], [ 36.9913169, -1.2430447 ], [ 36.9913058, -1.243043 ], [ 36.9912981, -1.2430353 ], [ 36.991289, -1.2430293 ], [ 36.9912749, -1.2430259 ], [ 36.9912688, -1.243019 ], [ 36.99126, -1.2430152 ], [ 36.9912457, -1.2430184 ], [ 36.9912326, -1.2430202 ], [ 36.9912247, -1.2430176 ], [ 36.991213, -1.2430167 ], [ 36.991213, -1.2430138 ], [ 36.9912031, -1.2430135 ], [ 36.9911952, -1.2430129 ], [ 36.991192, -1.2430132 ], [ 36.9911859, -1.2430091 ], [ 36.9911795, -1.2430117 ], [ 36.991171, -1.2430085 ], [ 36.9911767, -1.2430021 ], [ 36.9911793, -1.2429972 ], [ 36.9911787, -1.242994 ], [ 36.9911872, -1.2429899 ], [ 36.9911796, -1.2429852 ], [ 36.9911831, -1.2429808 ], [ 36.9911886, -1.2429767 ], [ 36.9911945, -1.2429747 ], [ 36.9912072, -1.2429656 ] ] ] } },
{ "type": "Feature", "properties": { "id": "way/1299925060", "name": "", "name_en": "", "name_sw": "", "waterway": "", "covered": "", "width": "", "depth": "", "layer": "", "blockage": "", "tunnel": "", "natural_cl": "water", "water": "pond", "source": "", "adm0_pcode": "KEN", "adm0_name": "Kenya", "adm1_pcode": "KE047", "adm1_name": "Nairobi", "adm2_pcode": "KE047280", "adm2_name": "Kasarani", "adm3_pcode": "", "adm3_name": "", "adm4_pcode": "", "adm4_name": "", "name_latin": "", "display_name": "(unnamed dam or water body)", "waterbody_type": "pond", "osm_id": "way/1299925060", "model_source": "dams.geojson" }, "geometry": { "type": "Polygon", "coordinates": [ [ [ 36.9852948, -1.2425357 ], [ 36.9854022, -1.2425497 ], [ 36.9854956, -1.2425638 ], [ 36.985568, -1.2426198 ], [ 36.985624, -1.2426758 ], [ 36.9855376, -1.2427692 ], [ 36.9854359, -1.2428416 ], [ 36.9854297, -1.2428909 ], [ 36.9854236, -1.242934 ], [ 36.9854236, -1.2429617 ], [ 36.9853435, -1.2430156 ], [ 36.9853126, -1.2430387 ], [ 36.9853558, -1.2430772 ], [ 36.9853619, -1.2431096 ], [ 36.9853542, -1.2431358 ], [ 36.985325, -1.2431789 ], [ 36.9852772, -1.2432128 ], [ 36.9852372, -1.2432004 ], [ 36.9851909, -1.2431881 ], [ 36.9851447, -1.2431265 ], [ 36.9851109, -1.2429928 ], [ 36.9851215, -1.2429026 ], [ 36.985141, -1.2428406 ], [ 36.985125, -1.2427769 ], [ 36.9851675, -1.2427079 ], [ 36.9851817, -1.2426531 ], [ 36.9852047, -1.2425735 ], [ 36.9852948, -1.2425357 ] ] ] } },
{ "type": "Feature", "properties": { "id": "way/84630531", "name": "", "name_en": "", "name_sw": "", "waterway": "", "covered": "", "width": "", "depth": "", "layer": "", "blockage": "", "tunnel": "", "natural_cl": "water", "water": "basin", "source": "", "adm0_pcode": "KEN", "adm0_name": "Kenya", "adm1_pcode": "KE047", "adm1_name": "Nairobi", "adm2_pcode": "KE047280", "adm2_name": "Kasarani", "adm3_pcode": "", "adm3_name": "", "adm4_pcode": "", "adm4_name": "", "name_latin": "", "display_name": "(unnamed dam or water body)", "waterbody_type": "basin", "osm_id": "way/84630531", "model_source": "dams.geojson" }, "geometry": { "type": "Polygon", "coordinates": [ [ [ 37.0142498, -1.2419739 ], [ 37.0118907, -1.2432971 ], [ 37.0112323, -1.2421239 ], [ 37.0135914, -1.2408006 ], [ 37.0142498, -1.2419739 ] ] ] } },
{ "type": "Feature", "properties": { "id": "way/84630534", "name": "", "name_en": "", "name_sw": "", "waterway": "", "covered": "", "width": "", "depth": "", "layer": "", "blockage": "", "tunnel": "", "natural_cl": "water", "water": "basin", "source": "", "adm0_pcode": "KEN", "adm0_name": "Kenya", "adm1_pcode": "KE047", "adm1_name": "Nairobi", "adm2_pcode": "KE047280", "adm2_name": "Kasarani", "adm3_pcode": "", "adm3_name": "", "adm4_pcode": "", "adm4_name": "", "name_latin": "", "display_name": "(unnamed dam or water body)", "waterbody_type": "basin", "osm_id": "way/84630534", "model_source": "dams.geojson" }, "geometry": { "type": "Polygon", "coordinates": [ [ [ 37.0067477, -1.2401996 ], [ 37.0080551, -1.2424884 ], [ 37.0056723, -1.2438488 ], [ 37.0043649, -1.24156 ], [ 37.0067477, -1.2401996 ] ] ] } },
{ "type": "Feature", "properties": { "id": "way/84630538", "name": "", "name_en": "", "name_sw": "", "waterway": "", "covered": "", "width": "", "depth": "", "layer": "", "blockage": "", "tunnel": "", "natural_cl": "water", "water": "basin", "source": "", "adm0_pcode": "KEN", "adm0_name": "Kenya", "adm1_pcode": "KE047", "adm1_name": "Nairobi", "adm2_pcode": "KE047280", "adm2_name": "Kasarani", "adm3_pcode": "", "adm3_name": "", "adm4_pcode": "", "adm4_name": "", "name_latin": "", "display_name": "(unnamed dam or water body)", "waterbody_type": "basin", "osm_id": "way/84630538", "model_source": "dams.geojson" }, "geometry": { "type": "Polygon", "coordinates": [ [ [ 37.0167764, -1.2407126 ], [ 37.0174451, -1.2419109 ], [ 37.0150774, -1.2432316 ], [ 37.0144087, -1.2420333 ], [ 37.0167764, -1.2407126 ] ] ] } },
{ "type": "Feature", "properties": { "id": "way/84630511", "name": "", "name_en": "", "name_sw": "", "waterway": "", "covered": "", "width": "", "depth": "", "layer": "", "blockage": "", "tunnel": "", "natural_cl": "water", "water": "basin", "source": "", "adm0_pcode": "KEN", "adm0_name": "Kenya", "adm1_pcode": "KE047", "adm1_name": "Nairobi", "adm2_pcode": "KE047280", "adm2_name": "Kasarani", "adm3_pcode": "", "adm3_name": "", "adm4_pcode": "", "adm4_name": "", "name_latin": "", "display_name": "(unnamed dam or water body)", "waterbody_type": "basin", "osm_id": "way/84630511", "model_source": "dams.geojson" }, "geometry": { "type": "Polygon", "coordinates": [ [ [ 37.0199738, -1.2406051 ], [ 37.0206539, -1.2418246 ], [ 37.0182587, -1.2431599 ], [ 37.0175785, -1.2419404 ], [ 37.0199738, -1.2406051 ] ] ] } },
{ "type": "Feature", "properties": { "id": "way/1299925069", "name": "", "name_en": "", "name_sw": "", "waterway": "", "covered": "", "width": "", "depth": "", "layer": "", "blockage": "", "tunnel": "", "natural_cl": "water", "water": "reservoir", "source": "", "adm0_pcode": "KEN", "adm0_name": "Kenya", "adm1_pcode": "KE047", "adm1_name": "Nairobi", "adm2_pcode": "KE047280", "adm2_name": "Kasarani", "adm3_pcode": "", "adm3_name": "", "adm4_pcode": "", "adm4_name": "", "name_latin": "", "display_name": "(unnamed dam or water body)", "waterbody_type": "reservoir", "osm_id": "way/1299925069", "model_source": "dams.geojson" }, "geometry": { "type": "Polygon", "coordinates": [ [ [ 36.9830652, -1.2412622 ], [ 36.9830658, -1.2413527 ], [ 36.9830763, -1.2413749 ], [ 36.98306, -1.2413959 ], [ 36.9829911, -1.241393 ], [ 36.9829899, -1.2413644 ], [ 36.9829771, -1.2413486 ], [ 36.9829753, -1.2413124 ], [ 36.9829887, -1.2412996 ], [ 36.982987, -1.241264 ], [ 36.9830652, -1.2412622 ] ] ] } },
{ "type": "Feature", "properties": { "id": "way/84630523", "name": "", "name_en": "", "name_sw": "", "waterway": "", "covered": "", "width": "", "depth": "", "layer": "", "blockage": "", "tunnel": "", "natural_cl": "water", "water": "basin", "source": "", "adm0_pcode": "KEN", "adm0_name": "Kenya", "adm1_pcode": "KE047", "adm1_name": "Nairobi", "adm2_pcode": "KE047280", "adm2_name": "Kasarani", "adm3_pcode": "", "adm3_name": "", "adm4_pcode": "", "adm4_name": "", "name_latin": "", "display_name": "(unnamed dam or water body)", "waterbody_type": "basin", "osm_id": "way/84630523", "model_source": "dams.geojson" }, "geometry": { "type": "Polygon", "coordinates": [ [ [ 37.0160657, -1.2394158 ], [ 37.0167408, -1.2406364 ], [ 37.0143595, -1.241953 ], [ 37.0136844, -1.2407324 ], [ 37.0160657, -1.2394158 ] ] ] } },
{ "type": "Feature", "properties": { "id": "way/84630512", "name": "", "name_en": "", "name_sw": "", "waterway": "", "covered": "", "width": "", "depth": "", "layer": "", "blockage": "", "tunnel": "", "natural_cl": "water", "water": "basin", "source": "", "adm0_pcode": "KEN", "adm0_name": "Kenya", "adm1_pcode": "KE047", "adm1_name": "Nairobi", "adm2_pcode": "KE047280", "adm2_name": "Kasarani", "adm3_pcode": "", "adm3_name": "", "adm4_pcode": "", "adm4_name": "", "name_latin": "", "display_name": "(unnamed dam or water body)", "waterbody_type": "basin", "osm_id": "way/84630512", "model_source": "dams.geojson" }, "geometry": { "type": "Polygon", "coordinates": [ [ [ 37.0069172, -1.2401388 ], [ 37.0092511, -1.238845 ], [ 37.0105107, -1.2411162 ], [ 37.0081769, -1.24241 ], [ 37.0069172, -1.2401388 ] ] ] } },
{ "type": "Feature", "properties": { "id": "way/84630517", "name": "", "name_en": "", "name_sw": "", "waterway": "", "covered": "", "width": "", "depth": "", "layer": "", "blockage": "", "tunnel": "", "natural_cl": "water", "water": "basin", "source": "", "adm0_pcode": "KEN", "adm0_name": "Kenya", "adm1_pcode": "KE047", "adm1_name": "Nairobi", "adm2_pcode": "KE047280", "adm2_name": "Kasarani", "adm3_pcode": "", "adm3_name": "", "adm4_pcode": "", "adm4_name": "", "name_latin": "", "display_name": "(unnamed dam or water body)", "waterbody_type": "basin", "osm_id": "way/84630517", "model_source": "dams.geojson" }, "geometry": { "type": "Polygon", "coordinates": [ [ [ 37.0192644, -1.2393309 ], [ 37.0199471, -1.2405483 ], [ 37.0175579, -1.2418876 ], [ 37.0168752, -1.2406702 ], [ 37.0192644, -1.2393309 ] ] ] } },
{ "type": "Feature", "properties": { "id": "way/84630532", "name": "", "name_en": "", "name_sw": "", "waterway": "", "covered": "", "width": "", "depth": "", "layer": "", "blockage": "", "tunnel": "", "natural_cl": "water", "water": "basin", "source": "", "adm0_pcode": "KEN", "adm0_name": "Kenya", "adm1_pcode": "KE047", "adm1_name": "Nairobi", "adm2_pcode": "KE047280", "adm2_name": "Kasarani", "adm3_pcode": "", "adm3_name": "", "adm4_pcode": "", "adm4_name": "", "name_latin": "", "display_name": "(unnamed dam or water body)", "waterbody_type": "basin", "osm_id": "way/84630532", "model_source": "dams.geojson" }, "geometry": { "type": "Polygon", "coordinates": [ [ [ 37.0224468, -1.2392474 ], [ 37.0231193, -1.2404495 ], [ 37.0207675, -1.2417645 ], [ 37.0200951, -1.2405623 ], [ 37.0224468, -1.2392474 ] ] ] } },
{ "type": "Feature", "properties": { "id": "way/84630537", "name": "", "name_en": "", "name_sw": "", "waterway": "", "covered": "", "width": "", "depth": "", "layer": "", "blockage": "", "tunnel": "", "natural_cl": "water", "water": "basin", "source": "", "adm0_pcode": "KEN", "adm0_name": "Kenya", "adm1_pcode": "KE047", "adm1_name": "Nairobi", "adm2_pcode": "KE047280", "adm2_name": "Kasarani", "adm3_pcode": "", "adm3_name": "", "adm4_pcode": "", "adm4_name": "", "name_latin": "", "display_name": "(unnamed dam or water body)", "waterbody_type": "basin", "osm_id": "way/84630537", "model_source": "dams.geojson" }, "geometry": { "type": "Polygon", "coordinates": [ [ [ 37.0185443, -1.2380385 ], [ 37.0192302, -1.2392583 ], [ 37.016858, -1.2405916 ], [ 37.0161721, -1.2393718 ], [ 37.0185443, -1.2380385 ] ] ] } },
{ "type": "Feature", "properties": { "id": "way/84630519", "name": "", "name_en": "", "name_sw": "", "waterway": "", "covered": "", "width": "", "depth": "", "layer": "", "blockage": "", "tunnel": "", "natural_cl": "water", "water": "basin", "source": "", "adm0_pcode": "KEN", "adm0_name": "Kenya", "adm1_pcode": "KE047", "adm1_name": "Nairobi", "adm2_pcode": "KE047280", "adm2_name": "Kasarani", "adm3_pcode": "", "adm3_name": "", "adm4_pcode": "", "adm4_name": "", "name_latin": "", "display_name": "(unnamed dam or water body)", "waterbody_type": "basin", "osm_id": "way/84630519", "model_source": "dams.geojson" }, "geometry": { "type": "Polygon", "coordinates": [ [ [ 37.0217206, -1.2379559 ], [ 37.022397, -1.2391658 ], [ 37.0200134, -1.2405046 ], [ 37.0193463, -1.2392642 ], [ 37.0217206, -1.2379559 ] ] ] } },
{ "type": "Feature", "properties": { "id": "way/871212232", "name": "Kiserian Dam", "name_en": "", "name_sw": "", "waterway": "dam", "covered": "", "width": "", "depth": "", "layer": "", "blockage": "", "tunnel": "", "natural_cl": "", "water": "", "source": "", "adm0_pcode": "KEN", "adm0_name": "Kenya", "adm1_pcode": "KE034", "adm1_name": "Kajiado", "adm2_pcode": "KE034185", "adm2_name": "Kajiado West", "adm3_pcode": "", "adm3_name": "", "adm4_pcode": "", "adm4_name": "", "name_latin": "Kiserian Dam", "display_name": "Kiserian Dam", "waterbody_type": "dam", "osm_id": "way/871212232", "model_source": "dams.geojson" }, "geometry": { "type": "Polygon", "coordinates": [ [ [ 36.6966185, -1.4374515 ], [ 36.6969296, -1.4377384 ], [ 36.6970396, -1.438382 ], [ 36.6968679, -1.4384517 ], [ 36.6959426, -1.4374998 ], [ 36.6960445, -1.4373335 ], [ 36.6961491, -1.4372853 ], [ 36.6966185, -1.4374515 ] ] ] } },
{ "type": "Feature", "properties": { "id": "way/348681618", "name": "", "name_en": "", "name_sw": "", "waterway": "", "covered": "", "width": "", "depth": "", "layer": "", "blockage": "", "tunnel": "", "natural_cl": "water", "water": "pond", "source": "", "adm0_pcode": "KEN", "adm0_name": "Kenya", "adm1_pcode": "KE034", "adm1_name": "Kajiado", "adm2_pcode": "KE034183", "adm2_name": "Kajiado North", "adm3_pcode": "", "adm3_name": "", "adm4_pcode": "", "adm4_name": "", "name_latin": "", "display_name": "(unnamed dam or water body)", "waterbody_type": "pond", "osm_id": "way/348681618", "model_source": "dams.geojson" }, "geometry": { "type": "Polygon", "coordinates": [ [ [ 36.6732972, -1.3781782 ], [ 36.6732505, -1.3780299 ], [ 36.673233, -1.3779156 ], [ 36.6732878, -1.3778887 ], [ 36.6733672, -1.3778595 ], [ 36.6734139, -1.3779086 ], [ 36.6734746, -1.3780311 ], [ 36.6735307, -1.3781245 ], [ 36.6735458, -1.3781688 ], [ 36.6734665, -1.3782179 ], [ 36.6734116, -1.3782295 ], [ 36.6733462, -1.3782365 ], [ 36.6732972, -1.3781782 ] ] ] } },
{ "type": "Feature", "properties": { "id": "way/348681619", "name": "", "name_en": "", "name_sw": "", "waterway": "", "covered": "", "width": "", "depth": "", "layer": "", "blockage": "", "tunnel": "", "natural_cl": "water", "water": "pond", "source": "", "adm0_pcode": "KEN", "adm0_name": "Kenya", "adm1_pcode": "KE034", "adm1_name": "Kajiado", "adm2_pcode": "KE034183", "adm2_name": "Kajiado North", "adm3_pcode": "", "adm3_name": "", "adm4_pcode": "", "adm4_name": "", "name_latin": "", "display_name": "(unnamed dam or water body)", "waterbody_type": "pond", "osm_id": "way/348681619", "model_source": "dams.geojson" }, "geometry": { "type": "Polygon", "coordinates": [ [ [ 36.6731169, -1.3779252 ], [ 36.6731244, -1.3779681 ], [ 36.6731185, -1.3780171 ], [ 36.673087, -1.3780311 ], [ 36.6730347, -1.3780158 ], [ 36.6730578, -1.3779354 ], [ 36.6731169, -1.3779252 ] ] ] } },
{ "type": "Feature", "properties": { "id": "way/817241236", "name": "", "name_en": "", "name_sw": "", "waterway": "", "covered": "", "width": "", "depth": "", "layer": "", "blockage": "", "tunnel": "", "natural_cl": "water", "water": "pond", "source": "", "adm0_pcode": "KEN", "adm0_name": "Kenya", "adm1_pcode": "KE034", "adm1_name": "Kajiado", "adm2_pcode": "KE034183", "adm2_name": "Kajiado North", "adm3_pcode": "", "adm3_name": "", "adm4_pcode": "", "adm4_name": "", "name_latin": "", "display_name": "(unnamed dam or water body)", "waterbody_type": "pond", "osm_id": "way/817241236", "model_source": "dams.geojson" }, "geometry": { "type": "Polygon", "coordinates": [ [ [ 36.7250071, -1.3691063 ], [ 36.7249669, -1.3691543 ], [ 36.7249131, -1.3691865 ], [ 36.7248518, -1.3691993 ], [ 36.7247906, -1.3691916 ], [ 36.7247352, -1.3691647 ], [ 36.7246914, -1.3691213 ], [ 36.7246639, -1.3690661 ], [ 36.7246557, -1.369005 ], [ 36.7246676, -1.3689446 ], [ 36.7246984, -1.3688912 ], [ 36.7247447, -1.3688505 ], [ 36.7248017, -1.3688269 ], [ 36.7248632, -1.368823 ], [ 36.7249236, -1.3688395 ], [ 36.7249754, -1.3688749 ], [ 36.7250126, -1.3689253 ], [ 36.7250314, -1.3689851 ], [ 36.7250295, -1.3690477 ], [ 36.7250071, -1.3691063 ] ] ] } },
{ "type": "Feature", "properties": { "id": "way/169141688", "name": "", "name_en": "", "name_sw": "", "waterway": "", "covered": "", "width": "", "depth": "", "layer": "", "blockage": "", "tunnel": "", "natural_cl": "water", "water": "reservoir", "source": "", "adm0_pcode": "KEN", "adm0_name": "Kenya", "adm1_pcode": "KE047", "adm1_name": "Nairobi", "adm2_pcode": "KE047277", "adm2_name": "Langata", "adm3_pcode": "", "adm3_name": "", "adm4_pcode": "", "adm4_name": "", "name_latin": "", "display_name": "(unnamed dam or water body)", "waterbody_type": "reservoir", "osm_id": "way/169141688", "model_source": "dams.geojson" }, "geometry": { "type": "Polygon", "coordinates": [ [ [ 36.7253878, -1.3636445 ], [ 36.7254817, -1.363903 ], [ 36.7256211, -1.3640532 ], [ 36.7257445, -1.3646109 ], [ 36.7258518, -1.365587 ], [ 36.7255514, -1.3656835 ], [ 36.7251383, -1.3637958 ], [ 36.7253878, -1.3636445 ] ] ] } },
{ "type": "Feature", "properties": { "id": "way/169141700", "name": "", "name_en": "", "name_sw": "", "waterway": "", "covered": "", "width": "", "depth": "", "layer": "", "blockage": "", "tunnel": "", "natural_cl": "water", "water": "reservoir", "source": "", "adm0_pcode": "KEN", "adm0_name": "Kenya", "adm1_pcode": "KE047", "adm1_name": "Nairobi", "adm2_pcode": "KE047277", "adm2_name": "Langata", "adm3_pcode": "", "adm3_name": "", "adm4_pcode": "", "adm4_name": "", "name_latin": "", "display_name": "(unnamed dam or water body)", "waterbody_type": "reservoir", "osm_id": "way/169141700", "model_source": "dams.geojson" }, "geometry": { "type": "Polygon", "coordinates": [ [ [ 36.7276631, -1.3612127 ], [ 36.7276696, -1.3622466 ], [ 36.7274282, -1.3622481 ], [ 36.7274217, -1.3612143 ], [ 36.7276631, -1.3612127 ] ] ] } },
{ "type": "Feature", "properties": { "id": "way/348526296", "name": "", "name_en": "", "name_sw": "", "waterway": "", "covered": "", "width": "", "depth": "", "layer": "", "blockage": "", "tunnel": "", "natural_cl": "water", "water": "lake", "source": "", "adm0_pcode": "KEN", "adm0_name": "Kenya", "adm1_pcode": "KE034", "adm1_name": "Kajiado", "adm2_pcode": "KE034183", "adm2_name": "Kajiado North", "adm3_pcode": "", "adm3_name": "", "adm4_pcode": "", "adm4_name": "", "name_latin": "", "display_name": "(unnamed dam or water body)", "waterbody_type": "lake", "osm_id": "way/348526296", "model_source": "dams.geojson" }, "geometry": { "type": "Polygon", "coordinates": [ [ [ 36.6833609, -1.3604709 ], [ 36.6833978, -1.3605171 ], [ 36.6834225, -1.3605787 ], [ 36.6834302, -1.3606018 ], [ 36.683461, -1.3605818 ], [ 36.6835072, -1.3605741 ], [ 36.6835288, -1.3605895 ], [ 36.6835026, -1.3606712 ], [ 36.6834518, -1.360705 ], [ 36.683367, -1.3606773 ], [ 36.6833177, -1.3606773 ], [ 36.6832484, -1.3606311 ], [ 36.6832453, -1.3605387 ], [ 36.6832715, -1.3605279 ], [ 36.6833177, -1.3604709 ], [ 36.6833609, -1.3604709 ] ] ] } },
{ "type": "Feature", "properties": { "id": "way/348526297", "name": "", "name_en": "", "name_sw": "", "waterway": "", "covered": "", "width": "", "depth": "", "layer": "", "blockage": "", "tunnel": "", "natural_cl": "water", "water": "lake", "source": "", "adm0_pcode": "KEN", "adm0_name": "Kenya", "adm1_pcode": "KE034", "adm1_name": "Kajiado", "adm2_pcode": "KE034183", "adm2_name": "Kajiado North", "adm3_pcode": "", "adm3_name": "", "adm4_pcode": "", "adm4_name": "", "name_latin": "", "display_name": "(unnamed dam or water body)", "waterbody_type": "lake", "osm_id": "way/348526297", "model_source": "dams.geojson" }, "geometry": { "type": "Polygon", "coordinates": [ [ [ 36.6824073, -1.3601814 ], [ 36.6824889, -1.360166 ], [ 36.682566, -1.3601075 ], [ 36.6826153, -1.3600305 ], [ 36.6826892, -1.3599812 ], [ 36.6827539, -1.3599781 ], [ 36.682757, -1.3599781 ], [ 36.6826153, -1.3601506 ], [ 36.6824612, -1.360223 ], [ 36.6824566, -1.360223 ], [ 36.6824073, -1.3602384 ], [ 36.6823642, -1.3602353 ], [ 36.6823457, -1.3601891 ], [ 36.6824073, -1.3601814 ] ] ] } },
{ "type": "Feature", "properties": { "id": "way/348528832", "name": "", "name_en": "", "name_sw": "", "waterway": "", "covered": "", "width": "", "depth": "", "layer": "", "blockage": "", "tunnel": "", "natural_cl": "water", "water": "lake", "source": "", "adm0_pcode": "KEN", "adm0_name": "Kenya", "adm1_pcode": "KE034", "adm1_name": "Kajiado", "adm2_pcode": "KE034183", "adm2_name": "Kajiado North", "adm3_pcode": "", "adm3_name": "", "adm4_pcode": "", "adm4_name": "", "name_latin": "", "display_name": "(unnamed dam or water body)", "waterbody_type": "lake", "osm_id": "way/348528832", "model_source": "dams.geojson" }, "geometry": { "type": "Polygon", "coordinates": [ [ [ 36.673884, -1.3596649 ], [ 36.6739081, -1.3596716 ], [ 36.6739577, -1.3597051 ], [ 36.6739778, -1.359748 ], [ 36.6739443, -1.3598392 ], [ 36.673833, -1.359862 ], [ 36.6738089, -1.3598553 ], [ 36.6737901, -1.3597775 ], [ 36.6738169, -1.3597078 ], [ 36.673884, -1.3596649 ] ] ] } },
{ "type": "Feature", "properties": { "id": "way/348526300", "name": "", "name_en": "", "name_sw": "", "waterway": "", "covered": "", "width": "", "depth": "", "layer": "", "blockage": "", "tunnel": "", "natural_cl": "water", "water": "lake", "source": "", "adm0_pcode": "KEN", "adm0_name": "Kenya", "adm1_pcode": "KE034", "adm1_name": "Kajiado", "adm2_pcode": "KE034183", "adm2_name": "Kajiado North", "adm3_pcode": "", "adm3_name": "", "adm4_pcode": "", "adm4_name": "", "name_latin": "", "display_name": "(unnamed dam or water body)", "waterbody_type": "lake", "osm_id": "way/348526300", "model_source": "dams.geojson" }, "geometry": { "type": "Polygon", "coordinates": [ [ [ 36.6820391, -1.3597024 ], [ 36.6820961, -1.3596408 ], [ 36.6821731, -1.3596223 ], [ 36.6822579, -1.359533 ], [ 36.6823241, -1.3595484 ], [ 36.682358, -1.3595715 ], [ 36.6822918, -1.3596485 ], [ 36.6822763, -1.359684 ], [ 36.6821839, -1.3597456 ], [ 36.6820761, -1.3597979 ], [ 36.6820114, -1.3597717 ], [ 36.6820391, -1.3597024 ] ] ] } },
{ "type": "Feature", "properties": { "id": "way/94598354", "name": "", "name_en": "", "name_sw": "", "waterway": "", "covered": "", "width": "", "depth": "", "layer": "", "blockage": "", "tunnel": "", "natural_cl": "water", "water": "reservoir", "source": "", "adm0_pcode": "KEN", "adm0_name": "Kenya", "adm1_pcode": "KE034", "adm1_name": "Kajiado", "adm2_pcode": "KE034186", "adm2_name": "Kajiado East", "adm3_pcode": "", "adm3_name": "", "adm4_pcode": "", "adm4_name": "", "name_latin": "", "display_name": "(unnamed dam or water body)", "waterbody_type": "reservoir", "osm_id": "way/94598354", "model_source": "dams.geojson" }, "geometry": { "type": "Polygon", "coordinates": [ [ [ 36.7931913, -1.4013518 ], [ 36.7932103, -1.4013765 ], [ 36.793245, -1.4014215 ], [ 36.7933147, -1.4014537 ], [ 36.7932021, -1.4015716 ], [ 36.7930519, -1.4016789 ], [ 36.7929124, -1.4017754 ], [ 36.7927783, -1.4018398 ], [ 36.7926173, -1.4018988 ], [ 36.7924886, -1.4020275 ], [ 36.7923545, -1.4021669 ], [ 36.7922257, -1.4023278 ], [ 36.7921399, -1.4024672 ], [ 36.7920648, -1.4026764 ], [ 36.7920058, -1.4028373 ], [ 36.7919897, -1.4030196 ], [ 36.7920058, -1.4031912 ], [ 36.7920755, -1.4032931 ], [ 36.7920809, -1.4034272 ], [ 36.7920541, -1.4035988 ], [ 36.7919361, -1.4037918 ], [ 36.7917322, -1.4039098 ], [ 36.7918931, -1.4037489 ], [ 36.791979, -1.4035559 ], [ 36.7919575, -1.4034111 ], [ 36.791877, -1.4032931 ], [ 36.7918341, -1.4031483 ], [ 36.791818, -1.4029445 ], [ 36.7918985, -1.4027139 ], [ 36.7919414, -1.4025477 ], [ 36.7920004, -1.4023653 ], [ 36.7920487, -1.4022152 ], [ 36.7921721, -1.402065 ], [ 36.7923169, -1.4019524 ], [ 36.7924296, -1.4018344 ], [ 36.7925691, -1.4017325 ], [ 36.7927246, -1.4016199 ], [ 36.7929124, -1.4015287 ], [ 36.7930197, -1.4014108 ], [ 36.7931645, -1.4012552 ], [ 36.7931913, -1.4013518 ] ] ] } },
{ "type": "Feature", "properties": { "id": "way/161956600", "name": "", "name_en": "", "name_sw": "", "waterway": "", "covered": "", "width": "", "depth": "", "layer": "", "blockage": "", "tunnel": "", "natural_cl": "water", "water": "reservoir", "source": "", "adm0_pcode": "KEN", "adm0_name": "Kenya", "adm1_pcode": "KE047", "adm1_name": "Nairobi", "adm2_pcode": "KE047277", "adm2_name": "Langata", "adm3_pcode": "", "adm3_name": "", "adm4_pcode": "", "adm4_name": "", "name_latin": "", "display_name": "(unnamed dam or water body)", "waterbody_type": "reservoir", "osm_id": "way/161956600", "model_source": "dams.geojson" }, "geometry": { "type": "Polygon", "coordinates": [ [ [ 36.7926219, -1.3933224 ], [ 36.7926659, -1.3935707 ], [ 36.7925532, -1.3936619 ], [ 36.7921509, -1.3936351 ], [ 36.7920168, -1.3935814 ], [ 36.7918022, -1.3935814 ], [ 36.7917432, -1.3934903 ], [ 36.7917056, -1.3933884 ], [ 36.7918022, -1.3933294 ], [ 36.7919846, -1.3932704 ], [ 36.7921884, -1.3931417 ], [ 36.7923494, -1.393072 ], [ 36.7924727, -1.3930988 ], [ 36.7926219, -1.3933224 ] ] ] } },
{ "type": "Feature", "properties": { "id": "way/25576086", "name": "", "name_en": "", "name_sw": "", "waterway": "", "covered": "", "width": "", "depth": "", "layer": "", "blockage": "", "tunnel": "", "natural_cl": "water", "water": "", "source": "", "adm0_pcode": "KEN", "adm0_name": "Kenya", "adm1_pcode": "KE047", "adm1_name": "Nairobi", "adm2_pcode": "KE047277", "adm2_name": "Langata", "adm3_pcode": "", "adm3_name": "", "adm4_pcode": "", "adm4_name": "", "name_latin": "", "display_name": "(unnamed dam or water body)", "waterbody_type": "water", "osm_id": "way/25576086", "model_source": "dams.geojson" }, "geometry": { "type": "Polygon", "coordinates": [ [ [ 36.7857265, -1.3896162 ], [ 36.7858124, -1.3895476 ], [ 36.7859411, -1.3895476 ], [ 36.7860441, -1.3895991 ], [ 36.7860098, -1.3897707 ], [ 36.7859239, -1.3898908 ], [ 36.7858982, -1.3900023 ], [ 36.7857866, -1.3899594 ], [ 36.7857694, -1.3897878 ], [ 36.7857265, -1.3896162 ] ] ] } },
{ "type": "Feature", "properties": { "id": "relation/20152177", "name": "", "name_en": "", "name_sw": "", "waterway": "", "covered": "", "width": "", "depth": "", "layer": "", "blockage": "", "tunnel": "", "natural_cl": "water", "water": "", "source": "", "adm0_pcode": "KEN", "adm0_name": "Kenya", "adm1_pcode": "KE047", "adm1_name": "Nairobi", "adm2_pcode": "KE047277", "adm2_name": "Langata", "adm3_pcode": "", "adm3_name": "", "adm4_pcode": "", "adm4_name": "", "name_latin": "", "display_name": "(unnamed dam or water body)", "waterbody_type": "water", "osm_id": "relation/20152177", "model_source": "dams.geojson" }, "geometry": { "type": "Polygon", "coordinates": [ [ [ 36.7628169, -1.3721402 ], [ 36.7628123, -1.3719694 ], [ 36.7628442, -1.3719056 ], [ 36.762949, -1.3718509 ], [ 36.7632451, -1.3719101 ], [ 36.763293, -1.3719261 ], [ 36.7633294, -1.3720377 ], [ 36.7633135, -1.3723521 ], [ 36.7632747, -1.3724067 ], [ 36.7631016, -1.3723885 ], [ 36.7630173, -1.3723521 ], [ 36.7630173, -1.3722837 ], [ 36.7630219, -1.3721926 ], [ 36.7629991, -1.372147 ], [ 36.7629011, -1.3721721 ], [ 36.7628169, -1.3721402 ] ], [ [ 36.7631494, -1.372204 ], [ 36.7631791, -1.372122 ], [ 36.7631836, -1.3720468 ], [ 36.7631608, -1.3719694 ], [ 36.763072, -1.3719511 ], [ 36.7630743, -1.3720514 ], [ 36.7630834, -1.3721265 ], [ 36.7631176, -1.3721698 ], [ 36.7630811, -1.3721721 ], [ 36.763097, -1.372204 ], [ 36.7631494, -1.372204 ] ] ] } },
{ "type": "Feature", "properties": { "id": "way/25576928", "name": "", "name_en": "", "name_sw": "", "waterway": "", "covered": "", "width": "", "depth": "", "layer": "", "blockage": "", "tunnel": "", "natural_cl": "water", "water": "", "source": "", "adm0_pcode": "KEN", "adm0_name": "Kenya", "adm1_pcode": "KE047", "adm1_name": "Nairobi", "adm2_pcode": "KE047277", "adm2_name": "Langata", "adm3_pcode": "", "adm3_name": "", "adm4_pcode": "", "adm4_name": "", "name_latin": "", "display_name": "(unnamed dam or water body)", "waterbody_type": "water", "osm_id": "way/25576928", "model_source": "dams.geojson" }, "geometry": { "type": "Polygon", "coordinates": [ [ [ 36.7878122, -1.3718716 ], [ 36.7879581, -1.3718373 ], [ 36.7880869, -1.3717686 ], [ 36.7880869, -1.3716657 ], [ 36.7881899, -1.3715799 ], [ 36.7882757, -1.3717257 ], [ 36.7881555, -1.3718373 ], [ 36.7882585, -1.3718973 ], [ 36.7884302, -1.3718544 ], [ 36.7885847, -1.372026 ], [ 36.7886448, -1.3722148 ], [ 36.7885589, -1.3724122 ], [ 36.7884302, -1.372498 ], [ 36.7883444, -1.3724379 ], [ 36.788207, -1.3724122 ], [ 36.788104, -1.372395 ], [ 36.7878809, -1.3723264 ], [ 36.7877779, -1.3722234 ], [ 36.7878809, -1.3720861 ], [ 36.7878122, -1.3718716 ] ] ] } },
{ "type": "Feature", "properties": { "id": "way/364921384", "name": "", "name_en": "", "name_sw": "", "waterway": "", "covered": "", "width": "", "depth": "", "layer": "", "blockage": "", "tunnel": "", "natural_cl": "water", "water": "reservoir", "source": "", "adm0_pcode": "KEN", "adm0_name": "Kenya", "adm1_pcode": "KE047", "adm1_name": "Nairobi", "adm2_pcode": "KE047277", "adm2_name": "Langata", "adm3_pcode": "", "adm3_name": "", "adm4_pcode": "", "adm4_name": "", "name_latin": "", "display_name": "(unnamed dam or water body)", "waterbody_type": "reservoir", "osm_id": "way/364921384", "model_source": "dams.geojson" }, "geometry": { "type": "Polygon", "coordinates": [ [ [ 36.7495008, -1.3692245 ], [ 36.7495115, -1.3692755 ], [ 36.7493882, -1.3692915 ], [ 36.7493882, -1.3692406 ], [ 36.7495008, -1.3692245 ] ] ] } },
{ "type": "Feature", "properties": { "id": "way/562255151", "name": "", "name_en": "", "name_sw": "", "waterway": "", "covered": "", "width": "", "depth": "", "layer": "", "blockage": "", "tunnel": "", "natural_cl": "water", "water": "pond", "source": "", "adm0_pcode": "KEN", "adm0_name": "Kenya", "adm1_pcode": "KE047", "adm1_name": "Nairobi", "adm2_pcode": "KE047277", "adm2_name": "Langata", "adm3_pcode": "", "adm3_name": "", "adm4_pcode": "", "adm4_name": "", "name_latin": "", "display_name": "(unnamed dam or water body)", "waterbody_type": "pond", "osm_id": "way/562255151", "model_source": "dams.geojson" }, "geometry": { "type": "Polygon", "coordinates": [ [ [ 36.7864886, -1.3572344 ], [ 36.7865583, -1.3572371 ], [ 36.7867246, -1.3573645 ], [ 36.7867582, -1.3574396 ], [ 36.7867649, -1.3575227 ], [ 36.7867528, -1.3576259 ], [ 36.7867139, -1.3577131 ], [ 36.7866589, -1.3577881 ], [ 36.7865436, -1.3578646 ], [ 36.7864698, -1.357882 ], [ 36.7863746, -1.3578538 ], [ 36.7862804, -1.3577694 ], [ 36.7862593, -1.3576474 ], [ 36.7862941, -1.3575093 ], [ 36.7863196, -1.3574235 ], [ 36.7863598, -1.3573578 ], [ 36.7864041, -1.3573041 ], [ 36.7864417, -1.357272 ], [ 36.7864886, -1.3572344 ] ] ] } },
{ "type": "Feature", "properties": { "id": "way/49839121", "name": "", "name_en": "", "name_sw": "", "waterway": "", "covered": "", "width": "", "depth": "", "layer": "", "blockage": "", "tunnel": "", "natural_cl": "water", "water": "", "source": "", "adm0_pcode": "KEN", "adm0_name": "Kenya", "adm1_pcode": "KE047", "adm1_name": "Nairobi", "adm2_pcode": "KE047277", "adm2_name": "Langata", "adm3_pcode": "", "adm3_name": "", "adm4_pcode": "", "adm4_name": "", "name_latin": "", "display_name": "(unnamed dam or water body)", "waterbody_type": "water", "osm_id": "way/49839121", "model_source": "dams.geojson" }, "geometry": { "type": "Polygon", "coordinates": [ [ [ 36.7707415, -1.3533488 ], [ 36.7709093, -1.3537158 ], [ 36.7708464, -1.3539151 ], [ 36.7705527, -1.3539046 ], [ 36.7701121, -1.3536215 ], [ 36.7701646, -1.3531496 ], [ 36.7707415, -1.3533488 ] ] ] } },
{ "type": "Feature", "properties": { "id": "way/1555864433", "name": "", "name_en": "", "name_sw": "", "waterway": "", "covered": "", "width": "", "depth": "", "layer": "", "blockage": "", "tunnel": "", "natural_cl": "water", "water": "pond", "source": "", "adm0_pcode": "KEN", "adm0_name": "Kenya", "adm1_pcode": "KE047", "adm1_name": "Nairobi", "adm2_pcode": "KE047277", "adm2_name": "Langata", "adm3_pcode": "", "adm3_name": "", "adm4_pcode": "", "adm4_name": "", "name_latin": "", "display_name": "(unnamed dam or water body)", "waterbody_type": "pond", "osm_id": "way/1555864433", "model_source": "dams.geojson" }, "geometry": { "type": "Polygon", "coordinates": [ [ [ 36.7619933, -1.3529963 ], [ 36.7619587, -1.352998 ], [ 36.7619593, -1.3529808 ], [ 36.7619708, -1.3529612 ], [ 36.7619879, -1.3529505 ], [ 36.7620079, -1.3529699 ], [ 36.762016, -1.3529907 ], [ 36.7619933, -1.3529963 ] ] ] } },
{ "type": "Feature", "properties": { "id": "way/135338961", "name": "", "name_en": "", "name_sw": "", "waterway": "", "covered": "", "width": "", "depth": "", "layer": "", "blockage": "", "tunnel": "", "natural_cl": "water", "water": "reservoir", "source": "", "adm0_pcode": "KEN", "adm0_name": "Kenya", "adm1_pcode": "KE047", "adm1_name": "Nairobi", "adm2_pcode": "KE047277", "adm2_name": "Langata", "adm3_pcode": "", "adm3_name": "", "adm4_pcode": "", "adm4_name": "", "name_latin": "", "display_name": "(unnamed dam or water body)", "waterbody_type": "reservoir", "osm_id": "way/135338961", "model_source": "dams.geojson" }, "geometry": { "type": "Polygon", "coordinates": [ [ [ 36.761037, -1.3517481 ], [ 36.7609574, -1.3517061 ], [ 36.7609052, -1.3516167 ], [ 36.7608171, -1.3515604 ], [ 36.7606937, -1.3515068 ], [ 36.760565, -1.3514585 ], [ 36.7605576, -1.3513764 ], [ 36.7606054, -1.3513196 ], [ 36.7606644, -1.3513214 ], [ 36.7606968, -1.3513525 ], [ 36.7607849, -1.3513405 ], [ 36.7609673, -1.3513244 ], [ 36.7611443, -1.3513405 ], [ 36.7612488, -1.3513248 ], [ 36.7613106, -1.351362 ], [ 36.7613911, -1.35148 ], [ 36.7612219, -1.3516458 ], [ 36.7611229, -1.3517428 ], [ 36.761037, -1.3517481 ] ] ] } },
{ "type": "Feature", "properties": { "id": "way/1296574374", "name": "", "name_en": "", "name_sw": "", "waterway": "", "covered": "", "width": "", "depth": "", "layer": "", "blockage": "", "tunnel": "", "natural_cl": "water", "water": "", "source": "", "adm0_pcode": "KEN", "adm0_name": "Kenya", "adm1_pcode": "KE034", "adm1_name": "Kajiado", "adm2_pcode": "KE034186", "adm2_name": "Kajiado East", "adm3_pcode": "", "adm3_name": "", "adm4_pcode": "", "adm4_name": "", "name_latin": "", "display_name": "(unnamed dam or water body)", "waterbody_type": "water", "osm_id": "way/1296574374", "model_source": "dams.geojson" }, "geometry": { "type": "Polygon", "coordinates": [ [ [ 36.7989367, -1.446308 ], [ 36.7990816, -1.4461043 ], [ 36.7991647, -1.4460077 ], [ 36.7993766, -1.4457557 ], [ 36.7995483, -1.4456002 ], [ 36.7997467, -1.4457262 ], [ 36.7999291, -1.4458629 ], [ 36.8000391, -1.4459648 ], [ 36.8000686, -1.4460935 ], [ 36.7999989, -1.4462464 ], [ 36.7998648, -1.4463644 ], [ 36.7996529, -1.4465252 ], [ 36.7994571, -1.4465521 ], [ 36.7991674, -1.4463349 ], [ 36.7989367, -1.446308 ] ] ] } },
{ "type": "Feature", "properties": { "id": "relation/18064221", "name": "", "name_en": "", "name_sw": "", "waterway": "", "covered": "", "width": "", "depth": "", "layer": "", "blockage": "", "tunnel": "", "natural_cl": "water", "water": "", "source": "", "adm0_pcode": "KEN", "adm0_name": "Kenya", "adm1_pcode": "KE047", "adm1_name": "Nairobi", "adm2_pcode": "KE047277", "adm2_name": "Langata", "adm3_pcode": "", "adm3_name": "", "adm4_pcode": "", "adm4_name": "", "name_latin": "", "display_name": "(unnamed dam or water body)", "waterbody_type": "water", "osm_id": "relation/18064221", "model_source": "dams.geojson" }, "geometry": { "type": "Polygon", "coordinates": [ [ [ 36.7959608, -1.3490652 ], [ 36.7958578, -1.3489451 ], [ 36.7957548, -1.3488335 ], [ 36.7958578, -1.3488249 ], [ 36.7959007, -1.3488593 ], [ 36.7959608, -1.3489108 ], [ 36.7960724, -1.3488764 ], [ 36.7960724, -1.3487477 ], [ 36.7960037, -1.3486705 ], [ 36.7960037, -1.3485504 ], [ 36.7960724, -1.348516 ], [ 36.7961754, -1.3484817 ], [ 36.7962612, -1.3484646 ], [ 36.796347, -1.3484217 ], [ 36.7964758, -1.3483959 ], [ 36.7966131, -1.3484131 ], [ 36.7967247, -1.3483616 ], [ 36.7968878, -1.3483702 ], [ 36.7970337, -1.3484045 ], [ 36.7971967, -1.3484131 ], [ 36.7973684, -1.3484302 ], [ 36.7974542, -1.3484817 ], [ 36.7975401, -1.3484817 ], [ 36.7976431, -1.3484817 ], [ 36.7977117, -1.348516 ], [ 36.7978319, -1.3484989 ], [ 36.79796060000001, -1.3485075 ], [ 36.7980207, -1.3484989 ], [ 36.7981838, -1.3485761 ], [ 36.7982782, -1.3487391 ], [ 36.7983125, -1.3489794 ], [ 36.7983297, -1.349151 ], [ 36.7983555, -1.3493226 ], [ 36.7983898, -1.3494942 ], [ 36.7984155, -1.3496315 ], [ 36.7983984, -1.3497688 ], [ 36.7983984, -1.3499233 ], [ 36.7983898, -1.3499576 ], [ 36.798407, -1.3500949 ], [ 36.7983898, -1.3501635 ], [ 36.7983555, -1.3502322 ], [ 36.7982696, -1.3502493 ], [ 36.7982096, -1.3503008 ], [ 36.7981237, -1.3502837 ], [ 36.7980551, -1.350215 ], [ 36.7979263, -1.3501464 ], [ 36.7978491, -1.3501635 ], [ 36.7978147, -1.3500606 ], [ 36.7978061, -1.3498804 ], [ 36.7977546, -1.3497774 ], [ 36.7976602, -1.3496916 ], [ 36.7975572, -1.3497173 ], [ 36.7975315, -1.349786 ], [ 36.7975229, -1.3498546 ], [ 36.7975229, -1.349889 ], [ 36.7974714, -1.349949 ], [ 36.7973255, -1.3499919 ], [ 36.7972311, -1.3499662 ], [ 36.7971109, -1.3499147 ], [ 36.7970337, -1.3498546 ], [ 36.7969478, -1.3497517 ], [ 36.7968706, -1.3496573 ], [ 36.7968105, -1.3495629 ], [ 36.7966989, -1.3495286 ], [ 36.7966045, -1.3496058 ], [ 36.7966045, -1.3497002 ], [ 36.7965616, -1.3497431 ], [ 36.7965616, -1.3498031 ], [ 36.7965187, -1.3498632 ], [ 36.7965015, -1.349949 ], [ 36.7965015, -1.3500348 ], [ 36.7964243, -1.3500348 ], [ 36.7963556, -1.3500606 ], [ 36.7962698, -1.3500777 ], [ 36.796244, -1.3499919 ], [ 36.796244, -1.349889 ], [ 36.7963041, -1.3498289 ], [ 36.7963213, -1.3497173 ], [ 36.7962354, -1.3496229 ], [ 36.7961324, -1.3496315 ], [ 36.7960809, -1.3495371 ], [ 36.7961668, -1.34952 ], [ 36.7961754, -1.3494428 ], [ 36.7961839, -1.3493484 ], [ 36.7961496, -1.3492711 ], [ 36.7960809, -1.3491853 ], [ 36.7959608, -1.3490652 ] ], [ [ 36.7963299, -1.348722 ], [ 36.7963041, -1.3486877 ], [ 36.7963299, -1.3486276 ], [ 36.7962869, -1.3485847 ], [ 36.7962183, -1.3485847 ], [ 36.7962011, -1.3486619 ], [ 36.7962011, -1.3487391 ], [ 36.7962354, -1.3487906 ], [ 36.7962955, -1.3487563 ], [ 36.7963299, -1.348722 ] ] ] } },
{ "type": "Feature", "properties": { "id": "way/1170518666", "name": "", "name_en": "", "name_sw": "", "waterway": "", "covered": "", "width": "", "depth": "", "layer": "", "blockage": "", "tunnel": "", "natural_cl": "water", "water": "pond", "source": "", "adm0_pcode": "KEN", "adm0_name": "Kenya", "adm1_pcode": "KE047", "adm1_name": "Nairobi", "adm2_pcode": "KE047277", "adm2_name": "Langata", "adm3_pcode": "", "adm3_name": "", "adm4_pcode": "", "adm4_name": "", "name_latin": "", "display_name": "(unnamed dam or water body)", "waterbody_type": "pond", "osm_id": "way/1170518666", "model_source": "dams.geojson" }, "geometry": { "type": "Polygon", "coordinates": [ [ [ 36.8022862, -1.3261206 ], [ 36.8022727, -1.3260073 ], [ 36.802262, -1.3259168 ], [ 36.8022928, -1.3259121 ], [ 36.8023438, -1.3260489 ], [ 36.8023934, -1.3261555 ], [ 36.8024424, -1.3262554 ], [ 36.8024665, -1.3263187 ], [ 36.8024833, -1.3263559 ], [ 36.8024964, -1.3263975 ], [ 36.8025021, -1.3264414 ], [ 36.8025017, -1.3264766 ], [ 36.8024886, -1.3264987 ], [ 36.8024531, -1.3265376 ], [ 36.8024048, -1.3265637 ], [ 36.8023599, -1.3265805 ], [ 36.802326, -1.3265812 ], [ 36.8022878, -1.3265597 ], [ 36.8022596, -1.3265208 ], [ 36.8022526, -1.3264695 ], [ 36.8022566, -1.3263975 ], [ 36.8022667, -1.326316 ], [ 36.8022781, -1.326254 ], [ 36.8022862, -1.3261206 ] ] ] } },
{ "type": "Feature", "properties": { "id": "relation/15830334", "name": "", "name_en": "", "name_sw": "", "waterway": "", "covered": "", "width": "", "depth": "", "layer": "", "blockage": "", "tunnel": "", "natural_cl": "water", "water": "pond", "source": "", "adm0_pcode": "KEN", "adm0_name": "Kenya", "adm1_pcode": "KE047", "adm1_name": "Nairobi", "adm2_pcode": "KE047277", "adm2_name": "Langata", "adm3_pcode": "", "adm3_name": "", "adm4_pcode": "", "adm4_name": "", "name_latin": "", "display_name": "(unnamed dam or water body)", "waterbody_type": "pond", "osm_id": "relation/15830334", "model_source": "dams.geojson" }, "geometry": { "type": "Polygon", "coordinates": [ [ [ 36.8017833, -1.3258327 ], [ 36.8017323, -1.3255695 ], [ 36.8017112, -1.3252999 ], [ 36.8017311, -1.3251353 ], [ 36.8017795, -1.3250382 ], [ 36.801844, -1.3250268 ], [ 36.8018781, -1.3250591 ], [ 36.8018876, -1.3250951 ], [ 36.8018876, -1.3251425 ], [ 36.8018516, -1.3252449 ], [ 36.8018231, -1.325334 ], [ 36.8018402, -1.3253852 ], [ 36.8018648, -1.325461 ], [ 36.80192550000001, -1.3255691 ], [ 36.8020246, -1.3257018 ], [ 36.8021038, -1.3258573 ], [ 36.802135, -1.3260186 ], [ 36.8021474, -1.3262498 ], [ 36.8021329, -1.3263201 ], [ 36.8021175, -1.326436 ], [ 36.8020793, -1.3265453 ], [ 36.8020095, -1.3266405 ], [ 36.8018791, -1.3267206 ], [ 36.8017624, -1.326786 ], [ 36.8017779, -1.3267377 ], [ 36.801796, -1.3266613 ], [ 36.8018124, -1.3265644 ], [ 36.8018191, -1.3264354 ], [ 36.8018178, -1.3263231 ], [ 36.8018098, -1.326246 ], [ 36.8018079, -1.3260716 ], [ 36.8017833, -1.3258327 ] ], [ [ 36.8019602, -1.3261615 ], [ 36.8019334, -1.3261756 ], [ 36.8019086, -1.3262078 ], [ 36.8018918, -1.3262446 ], [ 36.8018784, -1.3263452 ], [ 36.8018744, -1.3264109 ], [ 36.8018858, -1.3264605 ], [ 36.8019173, -1.326484 ], [ 36.801914, -1.3265812 ], [ 36.8019482, -1.3265792 ], [ 36.80194680000001, -1.3265061 ], [ 36.8019918, -1.3265021 ], [ 36.8020447, -1.3264712 ], [ 36.8020709, -1.3264203 ], [ 36.802089, -1.3263204 ], [ 36.8020809, -1.3262406 ], [ 36.8020649, -1.3261803 ], [ 36.8020327, -1.3261649 ], [ 36.8019951, -1.3261588 ], [ 36.8019911, -1.3260858 ], [ 36.8019589, -1.3260878 ], [ 36.8019602, -1.3261615 ] ], [ [ 36.8017494, -1.3252562 ], [ 36.8017356, -1.3252827 ], [ 36.8017386, -1.3253158 ], [ 36.8017483, -1.32534 ], [ 36.8017742, -1.3253463 ], [ 36.8017953, -1.3253326 ], [ 36.801806, -1.3253021 ], [ 36.8018013, -1.3252706 ], [ 36.8017859, -1.3252572 ], [ 36.8017701, -1.3252522 ], [ 36.8017494, -1.3252562 ] ] ] } },
{ "type": "Feature", "properties": { "id": "way/1171087469", "name": "", "name_en": "", "name_sw": "", "waterway": "", "covered": "", "width": "", "depth": "", "layer": "", "blockage": "", "tunnel": "", "natural_cl": "water", "water": "pond", "source": "", "adm0_pcode": "KEN", "adm0_name": "Kenya", "adm1_pcode": "KE047", "adm1_name": "Nairobi", "adm2_pcode": "KE047277", "adm2_name": "Langata", "adm3_pcode": "", "adm3_name": "", "adm4_pcode": "", "adm4_name": "", "name_latin": "", "display_name": "(unnamed dam or water body)", "waterbody_type": "pond", "osm_id": "way/1171087469", "model_source": "dams.geojson" }, "geometry": { "type": "Polygon", "coordinates": [ [ [ 36.8017001, -1.3252954 ], [ 36.8017034, -1.3253611 ], [ 36.8017101, -1.3254851 ], [ 36.8017256, -1.3256111 ], [ 36.8017564, -1.3257774 ], [ 36.8017718, -1.325882 ], [ 36.8017061, -1.32588 ], [ 36.8016699, -1.325648 ], [ 36.8016551, -1.3255206 ], [ 36.8016672, -1.3253008 ], [ 36.8017001, -1.3252954 ] ] ] } },
{ "type": "Feature", "properties": { "id": "way/25739092", "name": "Nairobi Dam", "name_en": "", "name_sw": "", "waterway": "", "covered": "", "width": "", "depth": "", "layer": "", "blockage": "", "tunnel": "", "natural_cl": "water", "water": "", "source": "", "adm0_pcode": "KEN", "adm0_name": "Kenya", "adm1_pcode": "KE047", "adm1_name": "Nairobi", "adm2_pcode": "KE047277", "adm2_name": "Langata", "adm3_pcode": "", "adm3_name": "", "adm4_pcode": "", "adm4_name": "", "name_latin": "Nairobi Dam", "display_name": "Nairobi Dam", "waterbody_type": "water", "osm_id": "way/25739092", "model_source": "dams.geojson" }, "geometry": { "type": "Polygon", "coordinates": [ [ [ 36.7998674, -1.3185769 ], [ 36.8000809, -1.3184627 ], [ 36.8003369, -1.3182712 ], [ 36.8004709, -1.3180768 ], [ 36.8006294, -1.3178943 ], [ 36.800715, -1.3178435 ], [ 36.8008491, -1.3177027 ], [ 36.8008941, -1.3175787 ], [ 36.800928, -1.317491 ], [ 36.8009699, -1.3174588 ], [ 36.8010634, -1.3170822 ], [ 36.8012358, -1.3168144 ], [ 36.803586, -1.3171613 ], [ 36.8044506, -1.317094 ], [ 36.8049875, -1.3171294 ], [ 36.8053666, -1.3173688 ], [ 36.8066904, -1.3181895 ], [ 36.8065194, -1.3187582 ], [ 36.8062624, -1.3191322 ], [ 36.8057878, -1.3194726 ], [ 36.8045604, -1.3196184 ], [ 36.8037794, -1.3196957 ], [ 36.8030241, -1.3200389 ], [ 36.8022945, -1.3201247 ], [ 36.8015993, -1.3199788 ], [ 36.8006637, -1.3198759 ], [ 36.800226, -1.3201075 ], [ 36.7995307, -1.3201333 ], [ 36.7988613, -1.3204079 ], [ 36.7983205, -1.3206739 ], [ 36.7975652, -1.3206739 ], [ 36.797179, -1.3203907 ], [ 36.7967241, -1.3198587 ], [ 36.7963808, -1.3198158 ], [ 36.7959259, -1.3199359 ], [ 36.7955825, -1.3201247 ], [ 36.7955108, -1.3199677 ], [ 36.79514540000001, -1.319532 ], [ 36.7951807, -1.3194712 ], [ 36.7953359, -1.3194618 ], [ 36.7953975, -1.3194444 ], [ 36.7954552, -1.3193304 ], [ 36.7955143, -1.3192701 ], [ 36.7955455, -1.3192355 ], [ 36.7955874, -1.3191945 ], [ 36.7957013, -1.3191623 ], [ 36.7958196, -1.3191098 ], [ 36.7959181, -1.3190742 ], [ 36.7959769, -1.3190247 ], [ 36.7960297, -1.3190032 ], [ 36.7961567, -1.3190164 ], [ 36.7961971, -1.319043 ], [ 36.7962798, -1.3190491 ], [ 36.7963148, -1.3190878 ], [ 36.7964503, -1.3190757 ], [ 36.7966527, -1.3190814 ], [ 36.7969358, -1.3189764 ], [ 36.7971115, -1.3188893 ], [ 36.7975212, -1.3189288 ], [ 36.7977083, -1.3190301 ], [ 36.797958, -1.3190312 ], [ 36.7980047, -1.3190314 ], [ 36.7982937, -1.3189608 ], [ 36.7986229, -1.3189523 ], [ 36.7990541, -1.3188135 ], [ 36.799166, -1.3187928 ], [ 36.7995731, -1.3186649 ], [ 36.7998674, -1.3185769 ] ] ] } },
{ "type": "Feature", "properties": { "id": "way/1471885056", "name": "", "name_en": "", "name_sw": "", "waterway": "", "covered": "", "width": "", "depth": "", "layer": "", "blockage": "", "tunnel": "", "natural_cl": "water", "water": "pond", "source": "", "adm0_pcode": "KEN", "adm0_name": "Kenya", "adm1_pcode": "KE047", "adm1_name": "Nairobi", "adm2_pcode": "KE047278", "adm2_name": "Kibra", "adm3_pcode": "", "adm3_name": "", "adm4_pcode": "", "adm4_name": "", "name_latin": "", "display_name": "(unnamed dam or water body)", "waterbody_type": "pond", "osm_id": "way/1471885056", "model_source": "dams.geojson" }, "geometry": { "type": "Polygon", "coordinates": [ [ [ 36.7964037, -1.3075179 ], [ 36.7965677, -1.3079279 ], [ 36.7966953, -1.3082651 ], [ 36.7966953, -1.3084564 ], [ 36.796431, -1.3085566 ], [ 36.7963672, -1.3087571 ], [ 36.7962123, -1.308994 ], [ 36.7958843, -1.3089667 ], [ 36.7955472, -1.3088664 ], [ 36.7954834, -1.3086295 ], [ 36.7956018, -1.3081101 ], [ 36.7956474, -1.3077274 ], [ 36.7964037, -1.3075179 ] ] ] } },
{ "type": "Feature", "properties": { "id": "way/435092845", "name": "", "name_en": "", "name_sw": "", "waterway": "", "covered": "", "width": "", "depth": "", "layer": "", "blockage": "", "tunnel": "", "natural_cl": "water", "water": "", "source": "", "adm0_pcode": "KEN", "adm0_name": "Kenya", "adm1_pcode": "KE047", "adm1_name": "Nairobi", "adm2_pcode": "KE047278", "adm2_name": "Kibra", "adm3_pcode": "", "adm3_name": "", "adm4_pcode": "", "adm4_name": "", "name_latin": "", "display_name": "(unnamed dam or water body)", "waterbody_type": "water", "osm_id": "way/435092845", "model_source": "dams.geojson" }, "geometry": { "type": "Polygon", "coordinates": [ [ [ 36.7925843, -1.3072022 ], [ 36.7925604, -1.3071836 ], [ 36.7925427, -1.3071553 ], [ 36.7925401, -1.3071182 ], [ 36.7925578, -1.3070863 ], [ 36.7925817, -1.3070722 ], [ 36.7926171, -1.3070731 ], [ 36.7926489, -1.3070907 ], [ 36.7926675, -1.3071261 ], [ 36.7926861, -1.3071659 ], [ 36.7926808, -1.3071907 ], [ 36.792656, -1.3072084 ], [ 36.7926188, -1.307211 ], [ 36.7925843, -1.3072022 ] ] ] } },
{ "type": "Feature", "properties": { "id": "way/1471885057", "name": "", "name_en": "", "name_sw": "", "waterway": "", "covered": "", "width": "", "depth": "", "layer": "", "blockage": "", "tunnel": "", "natural_cl": "water", "water": "pond", "source": "", "adm0_pcode": "KEN", "adm0_name": "Kenya", "adm1_pcode": "KE047", "adm1_name": "Nairobi", "adm2_pcode": "KE047278", "adm2_name": "Kibra", "adm3_pcode": "", "adm3_name": "", "adm4_pcode": "", "adm4_name": "", "name_latin": "", "display_name": "(unnamed dam or water body)", "waterbody_type": "pond", "osm_id": "way/1471885057", "model_source": "dams.geojson" }, "geometry": { "type": "Polygon", "coordinates": [ [ [ 36.7955836, -1.3071534 ], [ 36.7955745, -1.3068891 ], [ 36.7957841, -1.3062969 ], [ 36.7958843, -1.3064153 ], [ 36.7960483, -1.3066067 ], [ 36.7961759, -1.3067707 ], [ 36.7963217, -1.3070258 ], [ 36.7961121, -1.3071534 ], [ 36.7956656, -1.3072536 ], [ 36.7955836, -1.3071534 ] ] ] } },
{ "type": "Feature", "properties": { "id": "way/1471885178", "name": "", "name_en": "", "name_sw": "", "waterway": "", "covered": "", "width": "", "depth": "", "layer": "", "blockage": "", "tunnel": "", "natural_cl": "water", "water": "", "source": "", "adm0_pcode": "KEN", "adm0_name": "Kenya", "adm1_pcode": "KE047", "adm1_name": "Nairobi", "adm2_pcode": "KE047278", "adm2_name": "Kibra", "adm3_pcode": "", "adm3_name": "", "adm4_pcode": "", "adm4_name": "", "name_latin": "", "display_name": "(unnamed dam or water body)", "waterbody_type": "water", "osm_id": "way/1471885178", "model_source": "dams.geojson" }, "geometry": { "type": "Polygon", "coordinates": [ [ [ 36.7988503, -1.3023195 ], [ 36.7987546, -1.3022511 ], [ 36.7987523, -1.3021874 ], [ 36.7987933, -1.302135 ], [ 36.7989095, -1.3021258 ], [ 36.7989801, -1.3021896 ], [ 36.799053, -1.3022397 ], [ 36.7990667, -1.3023035 ], [ 36.7990485, -1.3023536 ], [ 36.7990097, -1.3023947 ], [ 36.7988503, -1.3023195 ] ] ] } },
{ "type": "Feature", "properties": { "id": "way/348526299", "name": "", "name_en": "", "name_sw": "", "waterway": "", "covered": "", "width": "", "depth": "", "layer": "", "blockage": "", "tunnel": "", "natural_cl": "water", "water": "lake", "source": "", "adm0_pcode": "KEN", "adm0_name": "Kenya", "adm1_pcode": "KE034", "adm1_name": "Kajiado", "adm2_pcode": "KE034183", "adm2_name": "Kajiado North", "adm3_pcode": "", "adm3_name": "", "adm4_pcode": "", "adm4_name": "", "name_latin": "", "display_name": "(unnamed dam or water body)", "waterbody_type": "lake", "osm_id": "way/348526299", "model_source": "dams.geojson" }, "geometry": { "type": "Polygon", "coordinates": [ [ [ 36.6819159, -1.359319 ], [ 36.6819421, -1.3592928 ], [ 36.6819621, -1.359339 ], [ 36.6819652, -1.3593467 ], [ 36.6819852, -1.3593498 ], [ 36.68200370000001, -1.3593621 ], [ 36.6819883, -1.359416 ], [ 36.6819451, -1.3594375 ], [ 36.6819159, -1.3594114 ], [ 36.6818958, -1.3593698 ], [ 36.6819159, -1.359319 ] ] ] } },
{ "type": "Feature", "properties": { "id": "way/348526298", "name": "", "name_en": "", "name_sw": "", "waterway": "", "covered": "", "width": "", "depth": "", "layer": "", "blockage": "", "tunnel": "", "natural_cl": "water", "water": "lake", "source": "", "adm0_pcode": "KEN", "adm0_name": "Kenya", "adm1_pcode": "KE034", "adm1_name": "Kajiado", "adm2_pcode": "KE034183", "adm2_name": "Kajiado North", "adm3_pcode": "", "adm3_name": "", "adm4_pcode": "", "adm4_name": "", "name_latin": "", "display_name": "(unnamed dam or water body)", "waterbody_type": "lake", "osm_id": "way/348526298", "model_source": "dams.geojson" }, "geometry": { "type": "Polygon", "coordinates": [ [ [ 36.681768, -1.3592312 ], [ 36.6818989, -1.3592081 ], [ 36.6819097, -1.359265 ], [ 36.6818527, -1.3592774 ], [ 36.6818065, -1.359319 ], [ 36.6817726, -1.3594237 ], [ 36.6817264, -1.3594884 ], [ 36.6816832, -1.3594807 ], [ 36.6816709, -1.3594221 ], [ 36.6816832, -1.3593498 ], [ 36.6817171, -1.3592466 ], [ 36.681768, -1.3592312 ] ] ] } },
{ "type": "Feature", "properties": { "id": "way/348526295", "name": "", "name_en": "", "name_sw": "", "waterway": "", "covered": "", "width": "", "depth": "", "layer": "", "blockage": "", "tunnel": "", "natural_cl": "water", "water": "lake", "source": "", "adm0_pcode": "KEN", "adm0_name": "Kenya", "adm1_pcode": "KE034", "adm1_name": "Kajiado", "adm2_pcode": "KE034183", "adm2_name": "Kajiado North", "adm3_pcode": "", "adm3_name": "", "adm4_pcode": "", "adm4_name": "", "name_latin": "", "display_name": "(unnamed dam or water body)", "waterbody_type": "lake", "osm_id": "way/348526295", "model_source": "dams.geojson" }, "geometry": { "type": "Polygon", "coordinates": [ [ [ 36.6837975, -1.3590974 ], [ 36.6838484, -1.3590497 ], [ 36.6838911, -1.3590365 ], [ 36.6839551, -1.3589633 ], [ 36.6839856, -1.3589653 ], [ 36.6840384, -1.3588769 ], [ 36.6840669, -1.3588769 ], [ 36.6841248, -1.3588871 ], [ 36.684201, -1.3588566 ], [ 36.6842417, -1.358882 ], [ 36.6843718, -1.3588414 ], [ 36.6843942, -1.3589003 ], [ 36.6842996, -1.3589633 ], [ 36.684259, -1.3589501 ], [ 36.6841909, -1.358943 ], [ 36.6841909, -1.3589765 ], [ 36.6841787, -1.3590395 ], [ 36.6841939, -1.359067 ], [ 36.6842519, -1.3590395 ], [ 36.6842773, -1.3590578 ], [ 36.6841319, -1.3592783 ], [ 36.6840659, -1.3593393 ], [ 36.6840161, -1.3593443 ], [ 36.6839825, -1.3593545 ], [ 36.6839083, -1.3594561 ], [ 36.6838473, -1.3594155 ], [ 36.6837975, -1.3593037 ], [ 36.6837914, -1.3592478 ], [ 36.6837518, -1.3591797 ], [ 36.6837975, -1.3590974 ] ] ] } },
{ "type": "Feature", "properties": { "id": "way/348526292", "name": "Ooalalua pond", "name_en": "", "name_sw": "", "waterway": "", "covered": "", "width": "", "depth": "", "layer": "", "blockage": "", "tunnel": "", "natural_cl": "water", "water": "lake", "source": "", "adm0_pcode": "KEN", "adm0_name": "Kenya", "adm1_pcode": "KE034", "adm1_name": "Kajiado", "adm2_pcode": "KE034183", "adm2_name": "Kajiado North", "adm3_pcode": "", "adm3_name": "", "adm4_pcode": "", "adm4_name": "", "name_latin": "Ooalalua pond", "display_name": "Ooalalua pond", "waterbody_type": "lake", "osm_id": "way/348526292", "model_source": "dams.geojson" }, "geometry": { "type": "Polygon", "coordinates": [ [ [ 36.6830902, -1.3590494 ], [ 36.6829735, -1.3591078 ], [ 36.6829548, -1.3591661 ], [ 36.6828987, -1.3592828 ], [ 36.6829314, -1.3593645 ], [ 36.6830132, -1.3593879 ], [ 36.6830902, -1.3593995 ], [ 36.6830902, -1.3594509 ], [ 36.6829314, -1.3594766 ], [ 36.6828871, -1.3595093 ], [ 36.6827937, -1.3594696 ], [ 36.6827568, -1.3594527 ], [ 36.6826804, -1.3594084 ], [ 36.6825731, -1.3593481 ], [ 36.6825242, -1.3593105 ], [ 36.6824759, -1.3592234 ], [ 36.6824289, -1.3591329 ], [ 36.6824122, -1.3591128 ], [ 36.682317, -1.3590773 ], [ 36.6822667, -1.3590451 ], [ 36.682203, -1.3590109 ], [ 36.6821373, -1.3589653 ], [ 36.6821051, -1.3589372 ], [ 36.6820742, -1.3589144 ], [ 36.6820454, -1.3589056 ], [ 36.6820179, -1.3588721 ], [ 36.6820018, -1.3588426 ], [ 36.681983, -1.3588118 ], [ 36.6819531, -1.358788 ], [ 36.6819414, -1.3587226 ], [ 36.681918, -1.3587576 ], [ 36.6818877, -1.3587413 ], [ 36.681911, -1.3586829 ], [ 36.6818947, -1.3586292 ], [ 36.6819344, -1.3585428 ], [ 36.6820511, -1.3585078 ], [ 36.6821259, -1.3585242 ], [ 36.6821259, -1.3585942 ], [ 36.6821912, -1.3586876 ], [ 36.682301, -1.3586946 ], [ 36.6823313, -1.3586642 ], [ 36.68235, -1.3587506 ], [ 36.6824317, -1.3588393 ], [ 36.6824644, -1.3587926 ], [ 36.6824551, -1.3587109 ], [ 36.6825111, -1.3586829 ], [ 36.6825648, -1.3586362 ], [ 36.6825485, -1.3585008 ], [ 36.6825929, -1.3585055 ], [ 36.6826863, -1.3584425 ], [ 36.682838, -1.3584728 ], [ 36.6829548, -1.3584611 ], [ 36.6830202, -1.3585055 ], [ 36.6830715, -1.3585405 ], [ 36.6831252, -1.3585755 ], [ 36.6831369, -1.3586456 ], [ 36.6831719, -1.3586992 ], [ 36.683242, -1.3587039 ], [ 36.683312, -1.3586876 ], [ 36.6833517, -1.3587109 ], [ 36.6834218, -1.3586992 ], [ 36.6835152, -1.3587273 ], [ 36.6835806, -1.3586946 ], [ 36.6836203, -1.3586596 ], [ 36.6836856, -1.3586572 ], [ 36.6837323, -1.3586899 ], [ 36.6837884, -1.3586666 ], [ 36.6838584, -1.3586316 ], [ 36.6839355, -1.3585195 ], [ 36.6840055, -1.3585312 ], [ 36.6840639, -1.3585032 ], [ 36.6841059, -1.3583794 ], [ 36.6842157, -1.3583724 ], [ 36.6842671, -1.3583841 ], [ 36.6843254, -1.3583328 ], [ 36.6843558, -1.3582861 ], [ 36.6845473, -1.3582627 ], [ 36.684706, -1.3582511 ], [ 36.6847014, -1.3583024 ], [ 36.684643, -1.3583724 ], [ 36.6844795, -1.3584145 ], [ 36.6844258, -1.3585779 ], [ 36.6842694, -1.3585895 ], [ 36.6841807, -1.3585895 ], [ 36.6841456, -1.3586012 ], [ 36.6840289, -1.3585965 ], [ 36.6839775, -1.3586059 ], [ 36.6838841, -1.3587226 ], [ 36.6837767, -1.358795 ], [ 36.683702, -1.3587763 ], [ 36.6835969, -1.358788 ], [ 36.6835222, -1.3588393 ], [ 36.6834755, -1.3589047 ], [ 36.6835035, -1.358963 ], [ 36.6834288, -1.3590377 ], [ 36.6832934, -1.3590564 ], [ 36.6832607, -1.35897 ], [ 36.6831556, -1.3589747 ], [ 36.6830902, -1.3590494 ] ] ] } },
{ "type": "Feature", "properties": { "id": "way/348528834", "name": "", "name_en": "", "name_sw": "", "waterway": "", "covered": "", "width": "", "depth": "", "layer": "", "blockage": "", "tunnel": "", "natural_cl": "water", "water": "lake", "source": "", "adm0_pcode": "KEN", "adm0_name": "Kenya", "adm1_pcode": "KE034", "adm1_name": "Kajiado", "adm2_pcode": "KE034183", "adm2_name": "Kajiado North", "adm3_pcode": "", "adm3_name": "", "adm4_pcode": "", "adm4_name": "", "name_latin": "", "display_name": "(unnamed dam or water body)", "waterbody_type": "lake", "osm_id": "way/348528834", "model_source": "dams.geojson" }, "geometry": { "type": "Polygon", "coordinates": [ [ [ 36.6735648, -1.3585065 ], [ 36.6735219, -1.3584998 ], [ 36.6734682, -1.3584555 ], [ 36.6734347, -1.3584019 ], [ 36.6734414, -1.3583389 ], [ 36.6734883, -1.3582678 ], [ 36.6735245, -1.3582544 ], [ 36.6736117, -1.3582973 ], [ 36.673656, -1.358351 ], [ 36.6736828, -1.3583778 ], [ 36.6737123, -1.3583456 ], [ 36.6737324, -1.3583188 ], [ 36.6737726, -1.3583188 ], [ 36.6737861, -1.3583416 ], [ 36.6737472, -1.3583952 ], [ 36.6737069, -1.3584247 ], [ 36.6736801, -1.3584086 ], [ 36.6736224, -1.3584287 ], [ 36.6735929, -1.358469 ], [ 36.6735648, -1.3585065 ] ] ] } },
{ "type": "Feature", "properties": { "id": "way/349159579", "name": "", "name_en": "", "name_sw": "", "waterway": "", "covered": "", "width": "", "depth": "", "layer": "", "blockage": "", "tunnel": "", "natural_cl": "water", "water": "reservoir", "source": "", "adm0_pcode": "KEN", "adm0_name": "Kenya", "adm1_pcode": "KE047", "adm1_name": "Nairobi", "adm2_pcode": "KE047277", "adm2_name": "Langata", "adm3_pcode": "", "adm3_name": "", "adm4_pcode": "", "adm4_name": "", "name_latin": "", "display_name": "(unnamed dam or water body)", "waterbody_type": "reservoir", "osm_id": "way/349159579", "model_source": "dams.geojson" }, "geometry": { "type": "Polygon", "coordinates": [ [ [ 36.7193722, -1.3450376 ], [ 36.7194838, -1.345097 ], [ 36.7195965, -1.3452043 ], [ 36.7197654, -1.3453866 ], [ 36.7198674, -1.3456012 ], [ 36.7199201, -1.3457902 ], [ 36.7199188, -1.3459996 ], [ 36.7198555, -1.3462567 ], [ 36.7195734, -1.3469296 ], [ 36.7194704, -1.3470275 ], [ 36.7193674, -1.3469722 ], [ 36.7192553, -1.3468424 ], [ 36.7191248, -1.346643 ], [ 36.7189932, -1.3465052 ], [ 36.7188924, -1.3464419 ], [ 36.7187933, -1.3464174 ], [ 36.718766, -1.3462771 ], [ 36.7190336, -1.3453929 ], [ 36.7191463, -1.3451098 ], [ 36.7192488, -1.3450288 ], [ 36.7193722, -1.3450376 ] ] ] } },
{ "type": "Feature", "properties": { "id": "way/369103846", "name": "", "name_en": "", "name_sw": "", "waterway": "", "covered": "", "width": "", "depth": "", "layer": "", "blockage": "", "tunnel": "", "natural_cl": "water", "water": "reservoir", "source": "", "adm0_pcode": "KEN", "adm0_name": "Kenya", "adm1_pcode": "KE047", "adm1_name": "Nairobi", "adm2_pcode": "KE047277", "adm2_name": "Langata", "adm3_pcode": "", "adm3_name": "", "adm4_pcode": "", "adm4_name": "", "name_latin": "", "display_name": "(unnamed dam or water body)", "waterbody_type": "reservoir", "osm_id": "way/369103846", "model_source": "dams.geojson" }, "geometry": { "type": "Polygon", "coordinates": [ [ [ 36.7178683, -1.3454599 ], [ 36.7179897, -1.3453972 ], [ 36.7187754, -1.3450151 ], [ 36.71885120000001, -1.3449792 ], [ 36.718945, -1.3449767 ], [ 36.7189976, -1.3450242 ], [ 36.7189956, -1.3451478 ], [ 36.7186445, -1.3462058 ], [ 36.7185901, -1.3463168 ], [ 36.7185177, -1.3463451 ], [ 36.7183582, -1.3463026 ], [ 36.7181873, -1.3461896 ], [ 36.7180816, -1.3460725 ], [ 36.7179413, -1.3458636 ], [ 36.7178639, -1.3456627 ], [ 36.717832, -1.3455347 ], [ 36.7178683, -1.3454599 ] ] ] } },
{ "type": "Feature", "properties": { "id": "way/475765835", "name": "", "name_en": "", "name_sw": "", "waterway": "", "covered": "", "width": "", "depth": "", "layer": "", "blockage": "", "tunnel": "", "natural_cl": "water", "water": "pond", "source": "", "adm0_pcode": "KEN", "adm0_name": "Kenya", "adm1_pcode": "KE047", "adm1_name": "Nairobi", "adm2_pcode": "KE047277", "adm2_name": "Langata", "adm3_pcode": "", "adm3_name": "", "adm4_pcode": "", "adm4_name": "", "name_latin": "", "display_name": "(unnamed dam or water body)", "waterbody_type": "pond", "osm_id": "way/475765835", "model_source": "dams.geojson" }, "geometry": { "type": "Polygon", "coordinates": [ [ [ 36.7021507, -1.3429622 ], [ 36.7022352, -1.343048 ], [ 36.7022888, -1.3431003 ], [ 36.7023157, -1.3432183 ], [ 36.7022098, -1.3432738 ], [ 36.7021282, -1.3432882 ], [ 36.7019746, -1.3433602 ], [ 36.7018353, -1.3433314 ], [ 36.7016625, -1.3432546 ], [ 36.7021145, -1.3428557 ], [ 36.7021507, -1.3429622 ] ] ] } },
{ "type": "Feature", "properties": { "id": "way/475765836", "name": "", "name_en": "", "name_sw": "", "waterway": "", "covered": "", "width": "", "depth": "", "layer": "", "blockage": "", "tunnel": "", "natural_cl": "water", "water": "pond", "source": "", "adm0_pcode": "KEN", "adm0_name": "Kenya", "adm1_pcode": "KE047", "adm1_name": "Nairobi", "adm2_pcode": "KE047277", "adm2_name": "Langata", "adm3_pcode": "", "adm3_name": "", "adm4_pcode": "", "adm4_name": "", "name_latin": "", "display_name": "(unnamed dam or water body)", "waterbody_type": "pond", "osm_id": "way/475765836", "model_source": "dams.geojson" }, "geometry": { "type": "Polygon", "coordinates": [ [ [ 36.7027167, -1.3427946 ], [ 36.7027702, -1.3428489 ], [ 36.702783, -1.3429601 ], [ 36.702789, -1.3430369 ], [ 36.7027787, -1.343079 ], [ 36.702705, -1.3431468 ], [ 36.7026068, -1.3431702 ], [ 36.7025177, -1.343121 ], [ 36.7024647, -1.343046 ], [ 36.7024506, -1.3429546 ], [ 36.7024757, -1.3428602 ], [ 36.7025266, -1.3427977 ], [ 36.7025812, -1.3427678 ], [ 36.7026516, -1.3427743 ], [ 36.7027167, -1.3427946 ] ] ] } },
{ "type": "Feature", "properties": { "id": "way/817900374", "name": "", "name_en": "", "name_sw": "", "waterway": "", "covered": "", "width": "", "depth": "", "layer": "", "blockage": "", "tunnel": "", "natural_cl": "water", "water": "pond", "source": "", "adm0_pcode": "KEN", "adm0_name": "Kenya", "adm1_pcode": "KE047", "adm1_name": "Nairobi", "adm2_pcode": "KE047277", "adm2_name": "Langata", "adm3_pcode": "", "adm3_name": "", "adm4_pcode": "", "adm4_name": "", "name_latin": "", "display_name": "(unnamed dam or water body)", "waterbody_type": "pond", "osm_id": "way/817900374", "model_source": "dams.geojson" }, "geometry": { "type": "Polygon", "coordinates": [ [ [ 36.7165175, -1.3413078 ], [ 36.7164829, -1.3412689 ], [ 36.7164671, -1.3411925 ], [ 36.716545, -1.3411351 ], [ 36.7166515, -1.3411147 ], [ 36.7167164, -1.3411133 ], [ 36.7168403, -1.3410701 ], [ 36.7169368, -1.3410485 ], [ 36.71697, -1.3410585 ], [ 36.7170002, -1.3411104 ], [ 36.7169945, -1.3413178 ], [ 36.7169757, -1.3414374 ], [ 36.716957, -1.3415426 ], [ 36.7169195, -1.3415858 ], [ 36.7169123, -1.341629 ], [ 36.7168778, -1.341678 ], [ 36.7168432, -1.3416996 ], [ 36.7168187, -1.3416794 ], [ 36.7167625, -1.3416564 ], [ 36.7166948, -1.3416578 ], [ 36.7166371, -1.3416564 ], [ 36.7165982, -1.3416809 ], [ 36.7166227, -1.3417356 ], [ 36.7166386, -1.341786 ], [ 36.7166616, -1.3418249 ], [ 36.7166616, -1.3418725 ], [ 36.7166587, -1.3418854 ], [ 36.7166386, -1.3418854 ], [ 36.7166357, -1.3418379 ], [ 36.7166097, -1.3417817 ], [ 36.7165867, -1.3417356 ], [ 36.7165665, -1.3416852 ], [ 36.716542, -1.3416362 ], [ 36.7165507, -1.3415887 ], [ 36.7166054, -1.3415541 ], [ 36.7166285, -1.341521 ], [ 36.7166342, -1.3414446 ], [ 36.7166371, -1.3413783 ], [ 36.7166069, -1.3413438 ], [ 36.7165175, -1.3413078 ] ] ] } },
{ "type": "Feature", "properties": { "id": "way/135338957", "name": "", "name_en": "", "name_sw": "", "waterway": "", "covered": "", "width": "", "depth": "", "layer": "", "blockage": "", "tunnel": "", "natural_cl": "water", "water": "reservoir", "source": "", "adm0_pcode": "KEN", "adm0_name": "Kenya", "adm1_pcode": "KE047", "adm1_name": "Nairobi", "adm2_pcode": "KE047277", "adm2_name": "Langata", "adm3_pcode": "", "adm3_name": "", "adm4_pcode": "", "adm4_name": "", "name_latin": "", "display_name": "(unnamed dam or water body)", "waterbody_type": "reservoir", "osm_id": "way/135338957", "model_source": "dams.geojson" }, "geometry": { "type": "Polygon", "coordinates": [ [ [ 36.7588537, -1.3513459 ], [ 36.7588556, -1.351376 ], [ 36.7588578, -1.3514116 ], [ 36.7588644, -1.3515175 ], [ 36.7586807, -1.3515723 ], [ 36.7585479, -1.3516462 ], [ 36.7584299, -1.3517535 ], [ 36.758269, -1.3517052 ], [ 36.7581724, -1.3515658 ], [ 36.7580973, -1.351421 ], [ 36.75821, -1.3512655 ], [ 36.7583709, -1.351252 ], [ 36.7585372, -1.3512681 ], [ 36.7587196, -1.3512279 ], [ 36.7588215, -1.3512815 ], [ 36.7588537, -1.3513459 ] ] ] } },
{ "type": "Feature", "properties": { "id": "way/1314955832", "name": "", "name_en": "", "name_sw": "", "waterway": "", "covered": "", "width": "", "depth": "", "layer": "", "blockage": "", "tunnel": "", "natural_cl": "water", "water": "reservoir", "source": "", "adm0_pcode": "KEN", "adm0_name": "Kenya", "adm1_pcode": "KE047", "adm1_name": "Nairobi", "adm2_pcode": "KE047277", "adm2_name": "Langata", "adm3_pcode": "", "adm3_name": "", "adm4_pcode": "", "adm4_name": "", "name_latin": "", "display_name": "(unnamed dam or water body)", "waterbody_type": "reservoir", "osm_id": "way/1314955832", "model_source": "dams.geojson" }, "geometry": { "type": "Polygon", "coordinates": [ [ [ 36.7610038, -1.3462929 ], [ 36.761072, -1.3463477 ], [ 36.76108, -1.3463892 ], [ 36.7609797, -1.3465897 ], [ 36.7608139, -1.3465028 ], [ 36.7609356, -1.3463049 ], [ 36.7610038, -1.3462929 ] ] ] } },
{ "type": "Feature", "properties": { "id": "way/135338639", "name": "", "name_en": "", "name_sw": "", "waterway": "", "covered": "", "width": "", "depth": "", "layer": "", "blockage": "", "tunnel": "", "natural_cl": "water", "water": "reservoir", "source": "", "adm0_pcode": "KEN", "adm0_name": "Kenya", "adm1_pcode": "KE047", "adm1_name": "Nairobi", "adm2_pcode": "KE047277", "adm2_name": "Langata", "adm3_pcode": "", "adm3_name": "", "adm4_pcode": "", "adm4_name": "", "name_latin": "", "display_name": "(unnamed dam or water body)", "waterbody_type": "reservoir", "osm_id": "way/135338639", "model_source": "dams.geojson" }, "geometry": { "type": "Polygon", "coordinates": [ [ [ 36.7560138, -1.3443198 ], [ 36.7556325, -1.3443447 ], [ 36.7554291, -1.3440731 ], [ 36.7552463, -1.3440203 ], [ 36.7551287, -1.3440356 ], [ 36.7550103, -1.3440793 ], [ 36.7548976, -1.3440471 ], [ 36.754839, -1.3438908 ], [ 36.7548601, -1.3438165 ], [ 36.7549191, -1.3437575 ], [ 36.7549678, -1.3438345 ], [ 36.7549566, -1.3439506 ], [ 36.755021, -1.3439506 ], [ 36.7551176, -1.3439077 ], [ 36.7552306, -1.3438586 ], [ 36.7552892, -1.3437253 ], [ 36.755375, -1.3435644 ], [ 36.7555306, -1.3434733 ], [ 36.7556701, -1.3434894 ], [ 36.7557023, -1.3435805 ], [ 36.7557188, -1.3437192 ], [ 36.7557935, -1.3437629 ], [ 36.7558525, -1.3437468 ], [ 36.7559441, -1.3436816 ], [ 36.7560376, -1.3436931 ], [ 36.7560138, -1.3443198 ] ] ] } },
{ "type": "Feature", "properties": { "id": "way/555773193", "name": "", "name_en": "", "name_sw": "", "waterway": "", "covered": "", "width": "", "depth": "", "layer": "", "blockage": "", "tunnel": "", "natural_cl": "water", "water": "", "source": "", "adm0_pcode": "KEN", "adm0_name": "Kenya", "adm1_pcode": "KE047", "adm1_name": "Nairobi", "adm2_pcode": "KE047277", "adm2_name": "Langata", "adm3_pcode": "", "adm3_name": "", "adm4_pcode": "", "adm4_name": "", "name_latin": "", "display_name": "(unnamed dam or water body)", "waterbody_type": "water", "osm_id": "way/555773193", "model_source": "dams.geojson" }, "geometry": { "type": "Polygon", "coordinates": [ [ [ 36.7367704, -1.3390445 ], [ 36.7362435, -1.339653 ], [ 36.7358484, -1.3393941 ], [ 36.7362799, -1.338822 ], [ 36.7367704, -1.3390445 ] ] ] } },
{ "type": "Feature", "properties": { "id": "way/169130071", "name": "", "name_en": "", "name_sw": "", "waterway": "", "covered": "", "width": "", "depth": "", "layer": "", "blockage": "", "tunnel": "", "natural_cl": "water", "water": "reservoir", "source": "", "adm0_pcode": "KEN", "adm0_name": "Kenya", "adm1_pcode": "KE047", "adm1_name": "Nairobi", "adm2_pcode": "KE047277", "adm2_name": "Langata", "adm3_pcode": "", "adm3_name": "", "adm4_pcode": "", "adm4_name": "", "name_latin": "", "display_name": "(unnamed dam or water body)", "waterbody_type": "reservoir", "osm_id": "way/169130071", "model_source": "dams.geojson" }, "geometry": { "type": "Polygon", "coordinates": [ [ [ 36.7383883, -1.3360586 ], [ 36.7385493, -1.3361337 ], [ 36.7385278, -1.3363375 ], [ 36.7385361, -1.3365636 ], [ 36.7383883, -1.336788 ], [ 36.7382572, -1.3367888 ], [ 36.7380772, -1.3367987 ], [ 36.7380128, -1.3366593 ], [ 36.7380665, -1.3365842 ], [ 36.7382167, -1.3365306 ], [ 36.7382811, -1.336359 ], [ 36.7382274, -1.3362946 ], [ 36.73815230000001, -1.3362517 ], [ 36.7381201, -1.3361123 ], [ 36.7381845, -1.3360372 ], [ 36.7383883, -1.3360586 ] ] ] } },
{ "type": "Feature", "properties": { "id": "way/556990409", "name": "", "name_en": "", "name_sw": "", "waterway": "", "covered": "", "width": "", "depth": "", "layer": "", "blockage": "", "tunnel": "", "natural_cl": "water", "water": "", "source": "", "adm0_pcode": "KEN", "adm0_name": "Kenya", "adm1_pcode": "KE047", "adm1_name": "Nairobi", "adm2_pcode": "KE047277", "adm2_name": "Langata", "adm3_pcode": "", "adm3_name": "", "adm4_pcode": "", "adm4_name": "", "name_latin": "", "display_name": "(unnamed dam or water body)", "waterbody_type": "water", "osm_id": "way/556990409", "model_source": "dams.geojson" }, "geometry": { "type": "Polygon", "coordinates": [ [ [ 36.7556418, -1.3334853 ], [ 36.7556224, -1.3334565 ], [ 36.75561170000001, -1.3334257 ], [ 36.7556083, -1.3333935 ], [ 36.7556184, -1.3333647 ], [ 36.7556372, -1.3333452 ], [ 36.7556579, -1.3333345 ], [ 36.7556975, -1.3333291 ], [ 36.7557491, -1.3333231 ], [ 36.7558444, -1.3333164 ], [ 36.7559087, -1.333313 ], [ 36.7559811, -1.333313 ], [ 36.7560589, -1.3333224 ], [ 36.7561233, -1.3333372 ], [ 36.7561904, -1.3333774 ], [ 36.7562065, -1.3334243 ], [ 36.7562011, -1.3334753 ], [ 36.756185, -1.3335168 ], [ 36.7561474, -1.3335443 ], [ 36.7561106, -1.3335584 ], [ 36.7560583, -1.3335725 ], [ 36.7560053, -1.3335865 ], [ 36.7559496, -1.3335872 ], [ 36.7559221, -1.3335832 ], [ 36.755845, -1.3335698 ], [ 36.7557672, -1.3335463 ], [ 36.7556821, -1.3335141 ], [ 36.7556418, -1.3334853 ] ] ] } },
{ "type": "Feature", "properties": { "id": "way/556990412", "name": "", "name_en": "", "name_sw": "", "waterway": "", "covered": "", "width": "", "depth": "", "layer": "", "blockage": "", "tunnel": "", "natural_cl": "water", "water": "", "source": "", "adm0_pcode": "KEN", "adm0_name": "Kenya", "adm1_pcode": "KE047", "adm1_name": "Nairobi", "adm2_pcode": "KE047277", "adm2_name": "Langata", "adm3_pcode": "", "adm3_name": "", "adm4_pcode": "", "adm4_name": "", "name_latin": "", "display_name": "(unnamed dam or water body)", "waterbody_type": "water", "osm_id": "way/556990412", "model_source": "dams.geojson" }, "geometry": { "type": "Polygon", "coordinates": [ [ [ 36.7563148, -1.3331215 ], [ 36.7565629, -1.3330556 ], [ 36.7569113, -1.3329607 ], [ 36.7571635, -1.3329287 ], [ 36.7572174, -1.3330581 ], [ 36.7571358, -1.3331875 ], [ 36.7569355, -1.3332614 ], [ 36.7567137, -1.3331135 ], [ 36.7566397, -1.3331813 ], [ 36.7565658, -1.3333292 ], [ 36.7563933, -1.3333784 ], [ 36.75623920000001, -1.3332491 ], [ 36.7563148, -1.3331215 ] ] ] } },
{ "type": "Feature", "properties": { "id": "way/509218148", "name": "", "name_en": "", "name_sw": "", "waterway": "", "covered": "", "width": "", "depth": "", "layer": "", "blockage": "", "tunnel": "", "natural_cl": "water", "water": "", "source": "", "adm0_pcode": "KEN", "adm0_name": "Kenya", "adm1_pcode": "KE047", "adm1_name": "Nairobi", "adm2_pcode": "KE047277", "adm2_name": "Langata", "adm3_pcode": "", "adm3_name": "", "adm4_pcode": "", "adm4_name": "", "name_latin": "", "display_name": "(unnamed dam or water body)", "waterbody_type": "water", "osm_id": "way/509218148", "model_source": "dams.geojson" }, "geometry": { "type": "Polygon", "coordinates": [ [ [ 36.7507479, -1.3330932 ], [ 36.7507881, -1.3331039 ], [ 36.7507988, -1.333128 ], [ 36.7507988, -1.3331495 ], [ 36.7507814, -1.3331615 ], [ 36.7505145, -1.333183 ], [ 36.7505038, -1.3331723 ], [ 36.7504998, -1.3331079 ], [ 36.7505105, -1.3330972 ], [ 36.7507479, -1.3330932 ] ] ] } },
{ "type": "Feature", "properties": { "id": "way/556990405", "name": "", "name_en": "", "name_sw": "", "waterway": "", "covered": "", "width": "", "depth": "", "layer": "", "blockage": "", "tunnel": "", "natural_cl": "water", "water": "", "source": "", "adm0_pcode": "KEN", "adm0_name": "Kenya", "adm1_pcode": "KE047", "adm1_name": "Nairobi", "adm2_pcode": "KE047277", "adm2_name": "Langata", "adm3_pcode": "", "adm3_name": "", "adm4_pcode": "", "adm4_name": "", "name_latin": "", "display_name": "(unnamed dam or water body)", "waterbody_type": "water", "osm_id": "way/556990405", "model_source": "dams.geojson" }, "geometry": { "type": "Polygon", "coordinates": [ [ [ 36.7585099, -1.3328517 ], [ 36.7589444, -1.3329472 ], [ 36.7589382, -1.3334031 ], [ 36.7587503, -1.3334385 ], [ 36.7584884, -1.3333384 ], [ 36.7583374, -1.3334046 ], [ 36.7581248, -1.3333969 ], [ 36.7580878, -1.3328302 ], [ 36.7585099, -1.3328517 ] ] ] } },
{ "type": "Feature", "properties": { "id": "way/556990403", "name": "", "name_en": "", "name_sw": "", "waterway": "", "covered": "", "width": "", "depth": "", "layer": "", "blockage": "", "tunnel": "", "natural_cl": "water", "water": "", "source": "", "adm0_pcode": "KEN", "adm0_name": "Kenya", "adm1_pcode": "KE047", "adm1_name": "Nairobi", "adm2_pcode": "KE047277", "adm2_name": "Langata", "adm3_pcode": "", "adm3_name": "", "adm4_pcode": "", "adm4_name": "", "name_latin": "", "display_name": "(unnamed dam or water body)", "waterbody_type": "water", "osm_id": "way/556990403", "model_source": "dams.geojson" }, "geometry": { "type": "Polygon", "coordinates": [ [ [ 36.7579892, -1.332707 ], [ 36.7579584, -1.3333846 ], [ 36.7575733, -1.333437 ], [ 36.7573484, -1.3333045 ], [ 36.7573977, -1.3329934 ], [ 36.7574839, -1.3326823 ], [ 36.7579892, -1.332707 ] ] ] } },
{ "type": "Feature", "properties": { "id": "way/240352845", "name": "", "name_en": "", "name_sw": "", "waterway": "", "covered": "", "width": "", "depth": "", "layer": "", "blockage": "", "tunnel": "", "natural_cl": "water", "water": "", "source": "", "adm0_pcode": "KEN", "adm0_name": "Kenya", "adm1_pcode": "KE047", "adm1_name": "Nairobi", "adm2_pcode": "KE047277", "adm2_name": "Langata", "adm3_pcode": "", "adm3_name": "", "adm4_pcode": "", "adm4_name": "", "name_latin": "", "display_name": "(unnamed dam or water body)", "waterbody_type": "water", "osm_id": "way/240352845", "model_source": "dams.geojson" }, "geometry": { "type": "Polygon", "coordinates": [ [ [ 36.7310728, -1.3389696 ], [ 36.7310768, -1.3389877 ], [ 36.73106880000001, -1.3390085 ], [ 36.731052, -1.3390259 ], [ 36.7309632, -1.3390405 ], [ 36.7308442, -1.3390561 ], [ 36.730526, -1.3391692 ], [ 36.7302176, -1.3392336 ], [ 36.7299413, -1.3392175 ], [ 36.7297589, -1.339196 ], [ 36.7295658, -1.3392765 ], [ 36.7293164, -1.3393113 ], [ 36.729252, -1.3392979 ], [ 36.7291742, -1.3391317 ], [ 36.7290857, -1.3390271 ], [ 36.7291662, -1.3389011 ], [ 36.7293486, -1.3388689 ], [ 36.7295846, -1.3389252 ], [ 36.7298662, -1.3389976 ], [ 36.7304711, -1.3389802 ], [ 36.7307755, -1.3389574 ], [ 36.7310319, -1.3389542 ], [ 36.7310507, -1.3389562 ], [ 36.7310728, -1.3389696 ] ] ] } },
{ "type": "Feature", "properties": { "id": "way/555773191", "name": "", "name_en": "", "name_sw": "", "waterway": "", "covered": "", "width": "", "depth": "", "layer": "", "blockage": "", "tunnel": "", "natural_cl": "water", "water": "", "source": "", "adm0_pcode": "KEN", "adm0_name": "Kenya", "adm1_pcode": "KE047", "adm1_name": "Nairobi", "adm2_pcode": "KE047277", "adm2_name": "Langata", "adm3_pcode": "", "adm3_name": "", "adm4_pcode": "", "adm4_name": "", "name_latin": "", "display_name": "(unnamed dam or water body)", "waterbody_type": "water", "osm_id": "way/555773191", "model_source": "dams.geojson" }, "geometry": { "type": "Polygon", "coordinates": [ [ [ 36.7359687, -1.3385972 ], [ 36.7361436, -1.3387902 ], [ 36.7356621, -1.3393306 ], [ 36.7352669, -1.3390536 ], [ 36.7356394, -1.3385767 ], [ 36.7359687, -1.3385972 ] ] ] } },
{ "type": "Feature", "properties": { "id": "way/349140234", "name": "", "name_en": "", "name_sw": "", "waterway": "", "covered": "", "width": "", "depth": "", "layer": "", "blockage": "", "tunnel": "", "natural_cl": "water", "water": "pond", "source": "", "adm0_pcode": "KEN", "adm0_name": "Kenya", "adm1_pcode": "KE047", "adm1_name": "Nairobi", "adm2_pcode": "KE047277", "adm2_name": "Langata", "adm3_pcode": "", "adm3_name": "", "adm4_pcode": "", "adm4_name": "", "name_latin": "", "display_name": "(unnamed dam or water body)", "waterbody_type": "pond", "osm_id": "way/349140234", "model_source": "dams.geojson" }, "geometry": { "type": "Polygon", "coordinates": [ [ [ 36.6919872, -1.3376615 ], [ 36.6920177, -1.337627 ], [ 36.6924303, -1.3373567 ], [ 36.692536, -1.3372653 ], [ 36.6925767, -1.3372714 ], [ 36.6928247, -1.3374746 ], [ 36.6927596, -1.3375457 ], [ 36.6926539, -1.3376676 ], [ 36.6925157, -1.3377896 ], [ 36.6922962, -1.3380538 ], [ 36.6922311, -1.3380822 ], [ 36.6921945, -1.3380619 ], [ 36.6921132, -1.3379399 ], [ 36.6919669, -1.3376819 ], [ 36.6919872, -1.3376615 ] ] ] } },
{ "type": "Feature", "properties": { "id": "way/169130072", "name": "", "name_en": "", "name_sw": "", "waterway": "", "covered": "", "width": "", "depth": "", "layer": "", "blockage": "", "tunnel": "", "natural_cl": "water", "water": "reservoir", "source": "", "adm0_pcode": "KEN", "adm0_name": "Kenya", "adm1_pcode": "KE047", "adm1_name": "Nairobi", "adm2_pcode": "KE047277", "adm2_name": "Langata", "adm3_pcode": "", "adm3_name": "", "adm4_pcode": "", "adm4_name": "", "name_latin": "", "display_name": "(unnamed dam or water body)", "waterbody_type": "reservoir", "osm_id": "way/169130072", "model_source": "dams.geojson" }, "geometry": { "type": "Polygon", "coordinates": [ [ [ 36.7356419, -1.3338708 ], [ 36.7356794, -1.3337743 ], [ 36.7357814, -1.3337636 ], [ 36.7359263, -1.3337695 ], [ 36.7360766, -1.3338124 ], [ 36.7361354, -1.3338923 ], [ 36.736114, -1.3340264 ], [ 36.7360657, -1.3340371 ], [ 36.7358512, -1.3339974 ], [ 36.7356634, -1.3339405 ], [ 36.7356419, -1.3338708 ] ] ] } },
{ "type": "Feature", "properties": { "id": "way/823759622", "name": "", "name_en": "", "name_sw": "", "waterway": "", "covered": "", "width": "", "depth": "", "layer": "", "blockage": "", "tunnel": "", "natural_cl": "water", "water": "pond", "source": "", "adm0_pcode": "KEN", "adm0_name": "Kenya", "adm1_pcode": "KE047", "adm1_name": "Nairobi", "adm2_pcode": "KE047277", "adm2_name": "Langata", "adm3_pcode": "", "adm3_name": "", "adm4_pcode": "", "adm4_name": "", "name_latin": "", "display_name": "(unnamed dam or water body)", "waterbody_type": "pond", "osm_id": "way/823759622", "model_source": "dams.geojson" }, "geometry": { "type": "Polygon", "coordinates": [ [ [ 36.7138988, -1.3336725 ], [ 36.7138814, -1.3336081 ], [ 36.7139337, -1.3335453 ], [ 36.7139755, -1.3335349 ], [ 36.7140522, -1.3335593 ], [ 36.7140888, -1.3336377 ], [ 36.714101, -1.3337179 ], [ 36.7140906, -1.3337492 ], [ 36.7140069, -1.3337109 ], [ 36.7139442, -1.3337161 ], [ 36.7138988, -1.3336725 ] ] ] } },
{ "type": "Feature", "properties": { "id": "way/167308022", "name": "", "name_en": "", "name_sw": "", "waterway": "", "covered": "", "width": "", "depth": "", "layer": "", "blockage": "", "tunnel": "", "natural_cl": "water", "water": "reservoir", "source": "", "adm0_pcode": "KEN", "adm0_name": "Kenya", "adm1_pcode": "KE047", "adm1_name": "Nairobi", "adm2_pcode": "KE047277", "adm2_name": "Langata", "adm3_pcode": "", "adm3_name": "", "adm4_pcode": "", "adm4_name": "", "name_latin": "", "display_name": "(unnamed dam or water body)", "waterbody_type": "reservoir", "osm_id": "way/167308022", "model_source": "dams.geojson" }, "geometry": { "type": "Polygon", "coordinates": [ [ [ 36.731688, -1.332456 ], [ 36.7317121, -1.332399 ], [ 36.7317494, -1.3323792 ], [ 36.7318114, -1.332397 ], [ 36.7318547, -1.3324268 ], [ 36.7318673, -1.3324542 ], [ 36.7318921, -1.3325032 ], [ 36.7319244, -1.3325522 ], [ 36.7319626, -1.3325589 ], [ 36.7319988, -1.3325079 ], [ 36.7320098, -1.3324452 ], [ 36.7320691, -1.3323315 ], [ 36.7321708, -1.3321878 ], [ 36.7322727, -1.3321288 ], [ 36.7324336, -1.3321342 ], [ 36.7326321, -1.33222 ], [ 36.7327343, -1.3321867 ], [ 36.732847, -1.3322243 ], [ 36.7328684, -1.3322886 ], [ 36.7328255, -1.3323584 ], [ 36.7328684, -1.3324281 ], [ 36.7329489, -1.3324978 ], [ 36.7331203, -1.3325525 ], [ 36.7332544, -1.3325686 ], [ 36.7333241, -1.3327509 ], [ 36.7333458, -1.3334739 ], [ 36.7332386, -1.3335972 ], [ 36.7329972, -1.3336991 ], [ 36.7329057, -1.3336305 ], [ 36.7327772, -1.3334846 ], [ 36.7326538, -1.3333612 ], [ 36.7324339, -1.333313 ], [ 36.7322569, -1.333313 ], [ 36.7321171, -1.3332336 ], [ 36.7320316, -1.333018 ], [ 36.7320045, -1.3328475 ], [ 36.7319562, -1.3327027 ], [ 36.7318224, -1.332648 ], [ 36.7317245, -1.3326507 ], [ 36.7315766, -1.33259 ], [ 36.7314683, -1.3325877 ], [ 36.7313679, -1.3325998 ], [ 36.7312337, -1.3325931 ], [ 36.7312659, -1.3324818 ], [ 36.7315474, -1.3325233 ], [ 36.731688, -1.332456 ] ] ] } },
{ "type": "Feature", "properties": { "id": "way/349161004", "name": "", "name_en": "", "name_sw": "", "waterway": "", "covered": "", "width": "", "depth": "", "layer": "", "blockage": "", "tunnel": "", "natural_cl": "water", "water": "", "source": "", "adm0_pcode": "KEN", "adm0_name": "Kenya", "adm1_pcode": "KE047", "adm1_name": "Nairobi", "adm2_pcode": "KE047277", "adm2_name": "Langata", "adm3_pcode": "", "adm3_name": "", "adm4_pcode": "", "adm4_name": "", "name_latin": "", "display_name": "(unnamed dam or water body)", "waterbody_type": "water", "osm_id": "way/349161004", "model_source": "dams.geojson" }, "geometry": { "type": "Polygon", "coordinates": [ [ [ 36.7136045, -1.3302773 ], [ 36.7135943, -1.3303383 ], [ 36.7136197, -1.330382 ], [ 36.7136604, -1.3303891 ], [ 36.7136878, -1.3304399 ], [ 36.7137264, -1.3304754 ], [ 36.7136543, -1.3305862 ], [ 36.7136065, -1.3306258 ], [ 36.7135679, -1.3306411 ], [ 36.7135354, -1.330634 ], [ 36.7134795, -1.3306594 ], [ 36.7134154, -1.3306472 ], [ 36.7133514, -1.3306289 ], [ 36.7133494, -1.330573 ], [ 36.7133311, -1.3305456 ], [ 36.7132853, -1.3305273 ], [ 36.7132498, -1.3305049 ], [ 36.7132274, -1.3304612 ], [ 36.7132071, -1.3304236 ], [ 36.713201, -1.3303799 ], [ 36.7132315, -1.3303139 ], [ 36.7132498, -1.3302804 ], [ 36.7132782, -1.3302499 ], [ 36.7132955, -1.3302275 ], [ 36.7132985, -1.3301767 ], [ 36.7133107, -1.3301361 ], [ 36.7133138, -1.3301056 ], [ 36.7133158, -1.3300853 ], [ 36.7133514, -1.3300802 ], [ 36.7133666, -1.3300649 ], [ 36.7134022, -1.3301076 ], [ 36.7134256, -1.3301076 ], [ 36.7134591, -1.330133 ], [ 36.7134571, -1.3301686 ], [ 36.7134866, -1.3302042 ], [ 36.7135069, -1.3302296 ], [ 36.7135333, -1.3302346 ], [ 36.7136045, -1.3302773 ] ] ] } },
{ "type": "Feature", "properties": { "id": "way/595915286", "name": "Maji Magic Aquapark", "name_en": "", "name_sw": "", "waterway": "", "covered": "", "width": "", "depth": "", "layer": "", "blockage": "", "tunnel": "", "natural_cl": "water", "water": "lake", "source": "", "adm0_pcode": "KEN", "adm0_name": "Kenya", "adm1_pcode": "KE047", "adm1_name": "Nairobi", "adm2_pcode": "KE047277", "adm2_name": "Langata", "adm3_pcode": "", "adm3_name": "", "adm4_pcode": "", "adm4_name": "", "name_latin": "Maji Magic Aquapark", "display_name": "Maji Magic Aquapark", "waterbody_type": "lake", "osm_id": "way/595915286", "model_source": "dams.geojson" }, "geometry": { "type": "Polygon", "coordinates": [ [ [ 36.7147458, -1.3276243 ], [ 36.7147852, -1.3276251 ], [ 36.7148116, -1.3276483 ], [ 36.7148122, -1.3276687 ], [ 36.7147655, -1.3277138 ], [ 36.7146604, -1.3277876 ], [ 36.7145292, -1.3278482 ], [ 36.7144398, -1.3279122 ], [ 36.7143832, -1.3279848 ], [ 36.7143514, -1.3280826 ], [ 36.7143588, -1.3281913 ], [ 36.7143868, -1.3283084 ], [ 36.7144819, -1.3284164 ], [ 36.7145966, -1.3285123 ], [ 36.7147702, -1.3286257 ], [ 36.7148868, -1.3286938 ], [ 36.7149881, -1.3287184 ], [ 36.7150622, -1.3287348 ], [ 36.7151298, -1.3287176 ], [ 36.7152066, -1.3286885 ], [ 36.7152387, -1.3286765 ], [ 36.715284, -1.3286015 ], [ 36.7153903, -1.3285268 ], [ 36.7154449, -1.3285027 ], [ 36.7155083, -1.3284549 ], [ 36.715563, -1.3283745 ], [ 36.7156202, -1.3282266 ], [ 36.715645, -1.3281504 ], [ 36.7156893, -1.3281222 ], [ 36.7157563, -1.3281092 ], [ 36.7157978, -1.3281482 ], [ 36.7158213, -1.3281986 ], [ 36.7158187, -1.3282534 ], [ 36.7157634, -1.3284065 ], [ 36.7157051, -1.3286561 ], [ 36.7156703, -1.3289139 ], [ 36.7156361, -1.3290155 ], [ 36.7155905, -1.3291198 ], [ 36.7155652, -1.3291554 ], [ 36.715524, -1.3291839 ], [ 36.715445, -1.3292019 ], [ 36.7153649, -1.3290575 ], [ 36.7153231, -1.3290798 ], [ 36.7153919, -1.3292132 ], [ 36.7153075, -1.3292548 ], [ 36.7152668, -1.3292733 ], [ 36.715174, -1.3292967 ], [ 36.7151184, -1.32929 ], [ 36.7150852, -1.3292725 ], [ 36.7150607, -1.3292433 ], [ 36.7150444, -1.329216 ], [ 36.7150134, -1.3292137 ], [ 36.7149767, -1.3292322 ], [ 36.7149295, -1.3292473 ], [ 36.7149013, -1.3292266 ], [ 36.7148672, -1.3291757 ], [ 36.7148405, -1.3291171 ], [ 36.7148217, -1.3290773 ], [ 36.714802, -1.3290528 ], [ 36.7147625, -1.329025 ], [ 36.7147136, -1.3290014 ], [ 36.7146799, -1.3289663 ], [ 36.7146507, -1.3289223 ], [ 36.7146403, -1.3288764 ], [ 36.7146045, -1.3288343 ], [ 36.7145764, -1.3288099 ], [ 36.7145318, -1.3287765 ], [ 36.7144678, -1.3287538 ], [ 36.7143952, -1.3287095 ], [ 36.7143343, -1.328689 ], [ 36.7142827, -1.3286417 ], [ 36.7142281, -1.3285917 ], [ 36.71414990000001, -1.3284826 ], [ 36.714134, -1.3284405 ], [ 36.7141252, -1.3284019 ], [ 36.714104, -1.3283353 ], [ 36.7140677, -1.3282844 ], [ 36.7140385, -1.3282405 ], [ 36.714038, -1.3281971 ], [ 36.7140788, -1.3281046 ], [ 36.7141865, -1.327959 ], [ 36.7143235, -1.3278201 ], [ 36.7144577, -1.3277327 ], [ 36.7145559, -1.32769 ], [ 36.7146431, -1.3276539 ], [ 36.7147458, -1.3276243 ] ] ] } },
{ "type": "Feature", "properties": { "id": "way/1275299184", "name": "Lake at The Hub Karen", "name_en": "", "name_sw": "", "waterway": "", "covered": "", "width": "", "depth": "", "layer": "", "blockage": "", "tunnel": "", "natural_cl": "water", "water": "lake", "source": "", "adm0_pcode": "KEN", "adm0_name": "Kenya", "adm1_pcode": "KE047", "adm1_name": "Nairobi", "adm2_pcode": "KE047277", "adm2_name": "Langata", "adm3_pcode": "", "adm3_name": "", "adm4_pcode": "", "adm4_name": "", "name_latin": "Lake at The Hub Karen", "display_name": "Lake at The Hub Karen", "waterbody_type": "lake", "osm_id": "way/1275299184", "model_source": "dams.geojson" }, "geometry": { "type": "Polygon", "coordinates": [ [ [ 36.7028672, -1.3202493 ], [ 36.7028309, -1.320232 ], [ 36.7027993, -1.3202004 ], [ 36.7027993, -1.3201562 ], [ 36.7028025, -1.3201246 ], [ 36.7028072, -1.3200851 ], [ 36.7028025, -1.3200536 ], [ 36.7027851, -1.3200283 ], [ 36.7027519, -1.319992 ], [ 36.7026903, -1.3199604 ], [ 36.7026635, -1.3199446 ], [ 36.7026318, -1.319909 ], [ 36.7026206, -1.3198469 ], [ 36.7026292, -1.3197967 ], [ 36.7026679, -1.3197346 ], [ 36.7027188, -1.3196904 ], [ 36.7027614, -1.3196888 ], [ 36.7028104, -1.3197078 ], [ 36.7028467, -1.319752 ], [ 36.702853, -1.3198009 ], [ 36.702853, -1.3198483 ], [ 36.7028656, -1.3199067 ], [ 36.7029067, -1.3199699 ], [ 36.7029462, -1.3199904 ], [ 36.7029857, -1.3200141 ], [ 36.7030157, -1.3200599 ], [ 36.7030157, -1.3200836 ], [ 36.7030157, -1.3201246 ], [ 36.7030062, -1.3201593 ], [ 36.7029951, -1.3202241 ], [ 36.7029999, -1.3202588 ], [ 36.7030046, -1.3202872 ], [ 36.7030204, -1.3203567 ], [ 36.703033, -1.3203867 ], [ 36.7030678, -1.3204072 ], [ 36.7030978, -1.3204356 ], [ 36.7031341, -1.3204609 ], [ 36.7031657, -1.3204704 ], [ 36.7032004, -1.3204846 ], [ 36.7032383, -1.3205114 ], [ 36.7032762, -1.3205477 ], [ 36.7032983, -1.3206046 ], [ 36.7033031, -1.3206488 ], [ 36.7033031, -1.3206835 ], [ 36.7032841, -1.3207309 ], [ 36.7032447, -1.3207498 ], [ 36.7032099, -1.3207498 ], [ 36.7031767, -1.3207451 ], [ 36.7031483, -1.3207356 ], [ 36.703093, -1.3207009 ], [ 36.7030725, -1.3206756 ], [ 36.7030378, -1.3206172 ], [ 36.7030093, -1.3205462 ], [ 36.703003, -1.320513 ], [ 36.7029967, -1.3204767 ], [ 36.7029825, -1.3204214 ], [ 36.7029604, -1.320352 ], [ 36.7029399, -1.3203093 ], [ 36.7029272, -1.3202793 ], [ 36.7028956, -1.3202557 ], [ 36.7028672, -1.3202493 ] ] ] } },
{ "type": "Feature", "properties": { "id": "way/1275299193", "name": "", "name_en": "", "name_sw": "", "waterway": "", "covered": "", "width": "", "depth": "", "layer": "", "blockage": "", "tunnel": "", "natural_cl": "water", "water": "lake", "source": "", "adm0_pcode": "KEN", "adm0_name": "Kenya", "adm1_pcode": "KE047", "adm1_name": "Nairobi", "adm2_pcode": "KE047277", "adm2_name": "Langata", "adm3_pcode": "", "adm3_name": "", "adm4_pcode": "", "adm4_name": "", "name_latin": "", "display_name": "(unnamed dam or water body)", "waterbody_type": "lake", "osm_id": "way/1275299193", "model_source": "dams.geojson" }, "geometry": { "type": "Polygon", "coordinates": [ [ [ 36.7023661, -1.3193945 ], [ 36.7023549, -1.3193778 ], [ 36.7023479, -1.3193587 ], [ 36.702346, -1.3193365 ], [ 36.7023683, -1.3192975 ], [ 36.7024163, -1.3192663 ], [ 36.7024475, -1.3192573 ], [ 36.7025256, -1.3192897 ], [ 36.7025401, -1.3193309 ], [ 36.7025446, -1.3193588 ], [ 36.7025535, -1.3194179 ], [ 36.7025669, -1.3194737 ], [ 36.7025669, -1.3195082 ], [ 36.7025312, -1.3195383 ], [ 36.7024988, -1.3195473 ], [ 36.7024642, -1.3195473 ], [ 36.7024286, -1.3195305 ], [ 36.702404, -1.3195094 ], [ 36.7023906, -1.3194714 ], [ 36.7024007, -1.3194313 ], [ 36.7023806, -1.3194123 ], [ 36.7023661, -1.3193945 ] ] ] } },
{ "type": "Feature", "properties": { "id": "way/87631991", "name": "", "name_en": "", "name_sw": "", "waterway": "", "covered": "", "width": "", "depth": "", "layer": "", "blockage": "", "tunnel": "", "natural_cl": "water", "water": "", "source": "", "adm0_pcode": "KEN", "adm0_name": "Kenya", "adm1_pcode": "KE047", "adm1_name": "Nairobi", "adm2_pcode": "KE047277", "adm2_name": "Langata", "adm3_pcode": "", "adm3_name": "", "adm4_pcode": "", "adm4_name": "", "name_latin": "", "display_name": "(unnamed dam or water body)", "waterbody_type": "water", "osm_id": "way/87631991", "model_source": "dams.geojson" }, "geometry": { "type": "Polygon", "coordinates": [ [ [ 36.7510955, -1.3323531 ], [ 36.7511813, -1.332333 ], [ 36.7513262, -1.3323397 ], [ 36.751412, -1.3323598 ], [ 36.7514993, -1.3324121 ], [ 36.7515852, -1.3324657 ], [ 36.75164, -1.3324925 ], [ 36.7517097, -1.3325153 ], [ 36.7517828, -1.3325253 ], [ 36.7518566, -1.3325528 ], [ 36.7518821, -1.332585 ], [ 36.7518827, -1.3326333 ], [ 36.7518606, -1.3327432 ], [ 36.7518277, -1.3328036 ], [ 36.7517728, -1.3328344 ], [ 36.7517231, -1.3328532 ], [ 36.7516588, -1.3328411 ], [ 36.7515863, -1.3327875 ], [ 36.7515139, -1.3327405 ], [ 36.7513892, -1.3326775 ], [ 36.7513116, -1.3326427 ], [ 36.7512484, -1.3326078 ], [ 36.7511424, -1.332577 ], [ 36.7510271, -1.3325408 ], [ 36.7509828, -1.3324992 ], [ 36.7509828, -1.3324442 ], [ 36.7510204, -1.3323906 ], [ 36.7510955, -1.3323531 ] ] ] } },
{ "type": "Feature", "properties": { "id": "way/87631987", "name": "", "name_en": "", "name_sw": "", "waterway": "", "covered": "", "width": "", "depth": "", "layer": "", "blockage": "", "tunnel": "", "natural_cl": "water", "water": "", "source": "", "adm0_pcode": "KEN", "adm0_name": "Kenya", "adm1_pcode": "KE047", "adm1_name": "Nairobi", "adm2_pcode": "KE047277", "adm2_name": "Langata", "adm3_pcode": "", "adm3_name": "", "adm4_pcode": "", "adm4_name": "", "name_latin": "", "display_name": "(unnamed dam or water body)", "waterbody_type": "water", "osm_id": "way/87631987", "model_source": "dams.geojson" }, "geometry": { "type": "Polygon", "coordinates": [ [ [ 36.7486306, -1.3318187 ], [ 36.7486676, -1.3314364 ], [ 36.7486823, -1.3314148 ], [ 36.7487026, -1.3314249 ], [ 36.748978, -1.3317631 ], [ 36.7492785, -1.332101 ], [ 36.7495359, -1.3323423 ], [ 36.7498256, -1.3324013 ], [ 36.7501099, -1.3323638 ], [ 36.7503996, -1.3323209 ], [ 36.7505284, -1.3323638 ], [ 36.7505713, -1.3324711 ], [ 36.7505713, -1.3326588 ], [ 36.7505391, -1.3327821 ], [ 36.7505713, -1.332884 ], [ 36.750582, -1.3329645 ], [ 36.7505069, -1.3330234 ], [ 36.7502387, -1.3330234 ], [ 36.7500938, -1.3330503 ], [ 36.7501046, -1.3331093 ], [ 36.7502655, -1.33312 ], [ 36.7503621, -1.3331146 ], [ 36.7503728, -1.3331629 ], [ 36.7500027, -1.3331682 ], [ 36.7499007, -1.3330395 ], [ 36.7498417, -1.3330556 ], [ 36.7496862, -1.3329001 ], [ 36.749375, -1.3326373 ], [ 36.7491443, -1.3324174 ], [ 36.74886, -1.3321225 ], [ 36.7486565, -1.331919 ], [ 36.7486354, -1.3318808 ], [ 36.7486306, -1.3318187 ] ] ] } },
{ "type": "Feature", "properties": { "id": "way/392393999", "name": "", "name_en": "", "name_sw": "", "waterway": "", "covered": "", "width": "", "depth": "", "layer": "", "blockage": "", "tunnel": "", "natural_cl": "water", "water": "", "source": "", "adm0_pcode": "KEN", "adm0_name": "Kenya", "adm1_pcode": "KE047", "adm1_name": "Nairobi", "adm2_pcode": "KE047277", "adm2_name": "Langata", "adm3_pcode": "", "adm3_name": "", "adm4_pcode": "", "adm4_name": "", "name_latin": "", "display_name": "(unnamed dam or water body)", "waterbody_type": "water", "osm_id": "way/392393999", "model_source": "dams.geojson" }, "geometry": { "type": "Polygon", "coordinates": [ [ [ 36.7473534, -1.3309137 ], [ 36.747371, -1.3308003 ], [ 36.7473905, -1.3306675 ], [ 36.7474511, -1.3306714 ], [ 36.74767, -1.330689 ], [ 36.7477912, -1.33073 ], [ 36.7478069, -1.3307945 ], [ 36.7478049, -1.3308629 ], [ 36.7478479, -1.3309 ], [ 36.7478108, -1.3310993 ], [ 36.7477697, -1.33124 ], [ 36.7476994, -1.3312713 ], [ 36.7476427, -1.3312537 ], [ 36.7475489, -1.3312674 ], [ 36.7474628, -1.3313084 ], [ 36.7474159, -1.3312987 ], [ 36.7473886, -1.3312459 ], [ 36.7473456, -1.3311404 ], [ 36.7472986, -1.3310837 ], [ 36.7473065, -1.3310055 ], [ 36.7473534, -1.3309137 ] ] ] } },
{ "type": "Feature", "properties": { "id": "way/137342199", "name": "", "name_en": "", "name_sw": "", "waterway": "", "covered": "", "width": "", "depth": "", "layer": "", "blockage": "", "tunnel": "", "natural_cl": "water", "water": "reservoir", "source": "", "adm0_pcode": "KEN", "adm0_name": "Kenya", "adm1_pcode": "KE047", "adm1_name": "Nairobi", "adm2_pcode": "KE047277", "adm2_name": "Langata", "adm3_pcode": "", "adm3_name": "", "adm4_pcode": "", "adm4_name": "", "name_latin": "", "display_name": "(unnamed dam or water body)", "waterbody_type": "reservoir", "osm_id": "way/137342199", "model_source": "dams.geojson" }, "geometry": { "type": "Polygon", "coordinates": [ [ [ 36.7386999, -1.3116731 ], [ 36.7389684, -1.3116632 ], [ 36.7393086, -1.3118378 ], [ 36.7399176, -1.3121504 ], [ 36.7400785, -1.312247 ], [ 36.7399857, -1.3124285 ], [ 36.7398318, -1.3127296 ], [ 36.7396818, -1.312827 ], [ 36.7395467, -1.3128439 ], [ 36.7388652, -1.312529 ], [ 36.7385158, -1.3123606 ], [ 36.7385658, -1.3121182 ], [ 36.7383317, -1.3121879 ], [ 36.7382151, -1.3121705 ], [ 36.7382713, -1.3120756 ], [ 36.7385604, -1.3115873 ], [ 36.7386999, -1.3116731 ] ] ] } },
{ "type": "Feature", "properties": { "id": "way/137342195", "name": "", "name_en": "", "name_sw": "", "waterway": "", "covered": "", "width": "", "depth": "", "layer": "", "blockage": "", "tunnel": "", "natural_cl": "water", "water": "reservoir", "source": "", "adm0_pcode": "KEN", "adm0_name": "Kenya", "adm1_pcode": "KE047", "adm1_name": "Nairobi", "adm2_pcode": "KE047277", "adm2_name": "Langata", "adm3_pcode": "", "adm3_name": "", "adm4_pcode": "", "adm4_name": "", "name_latin": "", "display_name": "(unnamed dam or water body)", "waterbody_type": "reservoir", "osm_id": "way/137342195", "model_source": "dams.geojson" }, "geometry": { "type": "Polygon", "coordinates": [ [ [ 36.738114, -1.3120054 ], [ 36.7380549, -1.3121398 ], [ 36.7371493, -1.3117453 ], [ 36.7369266, -1.3115938 ], [ 36.736743, -1.3113728 ], [ 36.7356601, -1.3107367 ], [ 36.7360329, -1.3105088 ], [ 36.7362277, -1.3105483 ], [ 36.7368024, -1.3106649 ], [ 36.7375323, -1.3108129 ], [ 36.7384807, -1.3111716 ], [ 36.738114, -1.3120054 ] ] ] } },
{ "type": "Feature", "properties": { "id": "way/25537974", "name": "", "name_en": "", "name_sw": "", "waterway": "", "covered": "", "width": "", "depth": "", "layer": "", "blockage": "", "tunnel": "", "natural_cl": "water", "water": "", "source": "", "adm0_pcode": "KEN", "adm0_name": "Kenya", "adm1_pcode": "KE047", "adm1_name": "Nairobi", "adm2_pcode": "KE047278", "adm2_name": "Kibra", "adm3_pcode": "", "adm3_name": "", "adm4_pcode": "", "adm4_name": "", "name_latin": "", "display_name": "(unnamed dam or water body)", "waterbody_type": "water", "osm_id": "way/25537974", "model_source": "dams.geojson" }, "geometry": { "type": "Polygon", "coordinates": [ [ [ 36.771336, -1.3082723 ], [ 36.7712415, -1.3083838 ], [ 36.7709497, -1.3085898 ], [ 36.7709068, -1.3085297 ], [ 36.7708467, -1.3084696 ], [ 36.7707437, -1.3083581 ], [ 36.7706836, -1.3083323 ], [ 36.7706236, -1.3083323 ], [ 36.7705892, -1.3082465 ], [ 36.770512, -1.3081865 ], [ 36.7705034, -1.3081264 ], [ 36.7704176, -1.3080492 ], [ 36.7702802, -1.3079634 ], [ 36.7696589, -1.307345 ], [ 36.7696696, -1.3070318 ], [ 36.7702888, -1.3072426 ], [ 36.770718, -1.3074914 ], [ 36.7710527, -1.3077317 ], [ 36.7711986, -1.3078518 ], [ 36.7712759, -1.307869 ], [ 36.7713188, -1.3079805 ], [ 36.771396, -1.3080749 ], [ 36.7714561, -1.3081521 ], [ 36.77153340000001, -1.3081865 ], [ 36.771336, -1.3082723 ] ] ] } },
{ "type": "Feature", "properties": { "id": "way/376046754", "name": "", "name_en": "", "name_sw": "", "waterway": "", "covered": "", "width": "", "depth": "", "layer": "", "blockage": "", "tunnel": "", "natural_cl": "water", "water": "pond", "source": "", "adm0_pcode": "KEN", "adm0_name": "Kenya", "adm1_pcode": "KE047", "adm1_name": "Nairobi", "adm2_pcode": "KE047278", "adm2_name": "Kibra", "adm3_pcode": "", "adm3_name": "", "adm4_pcode": "", "adm4_name": "", "name_latin": "", "display_name": "(unnamed dam or water body)", "waterbody_type": "pond", "osm_id": "way/376046754", "model_source": "dams.geojson" }, "geometry": { "type": "Polygon", "coordinates": [ [ [ 36.79202, -1.3076257 ], [ 36.7919671, -1.3074956 ], [ 36.7919705, -1.3074462 ], [ 36.7919753, -1.3073777 ], [ 36.7921074, -1.3072619 ], [ 36.7922395, -1.3071989 ], [ 36.7923757, -1.3071765 ], [ 36.7925444, -1.3072152 ], [ 36.7927375, -1.3072904 ], [ 36.7928859, -1.3073635 ], [ 36.7930059, -1.3074915 ], [ 36.7931014, -1.3076013 ], [ 36.7931258, -1.3077374 ], [ 36.7930973, -1.3078086 ], [ 36.7929794, -1.3079102 ], [ 36.7928615, -1.3079793 ], [ 36.7927131, -1.3080118 ], [ 36.7925383, -1.3080158 ], [ 36.7923676, -1.3079711 ], [ 36.792205, -1.3078573 ], [ 36.79202, -1.3076257 ] ] ] } },
{ "type": "Feature", "properties": { "id": "way/430470574", "name": "", "name_en": "", "name_sw": "", "waterway": "", "covered": "", "width": "", "depth": "", "layer": "", "blockage": "", "tunnel": "", "natural_cl": "water", "water": "", "source": "", "adm0_pcode": "KEN", "adm0_name": "Kenya", "adm1_pcode": "KE047", "adm1_name": "Nairobi", "adm2_pcode": "KE047278", "adm2_name": "Kibra", "adm3_pcode": "", "adm3_name": "", "adm4_pcode": "", "adm4_name": "", "name_latin": "", "display_name": "(unnamed dam or water body)", "waterbody_type": "water", "osm_id": "way/430470574", "model_source": "dams.geojson" }, "geometry": { "type": "Polygon", "coordinates": [ [ [ 36.7921617, -1.3070519 ], [ 36.7921829, -1.3070917 ], [ 36.7921838, -1.3071094 ], [ 36.792174, -1.3071218 ], [ 36.7921475, -1.3071333 ], [ 36.7921112, -1.3071563 ], [ 36.7920564, -1.307189 ], [ 36.7920121, -1.3072058 ], [ 36.7919847, -1.3072067 ], [ 36.7919573, -1.3071899 ], [ 36.791936, -1.3071483 ], [ 36.7919059, -1.3070855 ], [ 36.7918927, -1.3070253 ], [ 36.7919042, -1.3069953 ], [ 36.7919351, -1.3069714 ], [ 36.7919962, -1.3069643 ], [ 36.792044, -1.3069696 ], [ 36.7920873, -1.3069873 ], [ 36.7921298, -1.3070192 ], [ 36.7921617, -1.3070519 ] ] ] } },
{ "type": "Feature", "properties": { "id": "way/435092161", "name": "", "name_en": "", "name_sw": "", "waterway": "", "covered": "", "width": "", "depth": "", "layer": "", "blockage": "", "tunnel": "", "natural_cl": "water", "water": "", "source": "", "adm0_pcode": "KEN", "adm0_name": "Kenya", "adm1_pcode": "KE047", "adm1_name": "Nairobi", "adm2_pcode": "KE047278", "adm2_name": "Kibra", "adm3_pcode": "", "adm3_name": "", "adm4_pcode": "", "adm4_name": "", "name_latin": "", "display_name": "(unnamed dam or water body)", "waterbody_type": "water", "osm_id": "way/435092161", "model_source": "dams.geojson" }, "geometry": { "type": "Polygon", "coordinates": [ [ [ 36.7916352, -1.3070761 ], [ 36.791639, -1.3070415 ], [ 36.7916564, -1.307011 ], [ 36.7916814, -1.3069822 ], [ 36.79177, -1.306909 ], [ 36.7918278, -1.3068744 ], [ 36.7918555, -1.3068643 ], [ 36.7918786, -1.3068728 ], [ 36.7918925, -1.3068921 ], [ 36.7918955, -1.3069129 ], [ 36.7918917, -1.306929 ], [ 36.7918809, -1.3069444 ], [ 36.7918686, -1.3069591 ], [ 36.7918516, -1.3069698 ], [ 36.7918362, -1.3069714 ], [ 36.7918216, -1.3069698 ], [ 36.7918131, -1.3069637 ], [ 36.7917969, -1.3069799 ], [ 36.7917715, -1.3070037 ], [ 36.7917292, -1.3070353 ], [ 36.7916968, -1.3070569 ], [ 36.7916714, -1.3070753 ], [ 36.7916475, -1.3070823 ], [ 36.7916352, -1.3070761 ] ] ] } },
{ "type": "Feature", "properties": { "id": "way/1467150800", "name": "", "name_en": "", "name_sw": "", "waterway": "", "covered": "", "width": "", "depth": "", "layer": "", "blockage": "", "tunnel": "", "natural_cl": "water", "water": "pool", "source": "", "adm0_pcode": "KEN", "adm0_name": "Kenya", "adm1_pcode": "KE047", "adm1_name": "Nairobi", "adm2_pcode": "KE047275", "adm2_name": "Kilimani", "adm3_pcode": "", "adm3_name": "", "adm4_pcode": "", "adm4_name": "", "name_latin": "", "display_name": "(unnamed dam or water body)", "waterbody_type": "pool", "osm_id": "way/1467150800", "model_source": "dams.geojson" }, "geometry": { "type": "Polygon", "coordinates": [ [ [ 36.7551021, -1.2932747 ], [ 36.7550969, -1.2932582 ], [ 36.7550977, -1.2932377 ], [ 36.7551071, -1.2932123 ], [ 36.7551233, -1.2931961 ], [ 36.7551388, -1.2931964 ], [ 36.7551497, -1.2932009 ], [ 36.755153, -1.2932141 ], [ 36.7551452, -1.2932312 ], [ 36.7551425, -1.2932477 ], [ 36.7551518, -1.29326 ], [ 36.7551509, -1.2932724 ], [ 36.7551397, -1.2932792 ], [ 36.7551269, -1.293282 ], [ 36.7551139, -1.2932804 ], [ 36.7551021, -1.2932747 ] ] ] } },
{ "type": "Feature", "properties": { "id": "way/1491136177", "name": "", "name_en": "", "name_sw": "", "waterway": "", "covered": "", "width": "", "depth": "", "layer": "", "blockage": "", "tunnel": "", "natural_cl": "water", "water": "pond", "source": "", "adm0_pcode": "KEN", "adm0_name": "Kenya", "adm1_pcode": "KE047", "adm1_name": "Nairobi", "adm2_pcode": "KE047277", "adm2_name": "Langata", "adm3_pcode": "", "adm3_name": "", "adm4_pcode": "", "adm4_name": "", "name_latin": "", "display_name": "(unnamed dam or water body)", "waterbody_type": "pond", "osm_id": "way/1491136177", "model_source": "dams.geojson" }, "geometry": { "type": "Polygon", "coordinates": [ [ [ 36.6841939, -1.3170923 ], [ 36.6844422, -1.3172518 ], [ 36.6843329, -1.3174454 ], [ 36.6839866, -1.3172973 ], [ 36.6841165, -1.3170718 ], [ 36.6841939, -1.3170923 ] ] ] } },
{ "type": "Feature", "properties": { "id": "way/822230695", "name": "", "name_en": "", "name_sw": "", "waterway": "", "covered": "", "width": "", "depth": "", "layer": "", "blockage": "", "tunnel": "", "natural_cl": "water", "water": "pond", "source": "", "adm0_pcode": "KEN", "adm0_name": "Kenya", "adm1_pcode": "KE047", "adm1_name": "Nairobi", "adm2_pcode": "KE047277", "adm2_name": "Langata", "adm3_pcode": "", "adm3_name": "", "adm4_pcode": "", "adm4_name": "", "name_latin": "", "display_name": "(unnamed dam or water body)", "waterbody_type": "pond", "osm_id": "way/822230695", "model_source": "dams.geojson" }, "geometry": { "type": "Polygon", "coordinates": [ [ [ 36.6970059, -1.3121488 ], [ 36.6972228, -1.3120266 ], [ 36.6972652, -1.3121089 ], [ 36.6970657, -1.3122186 ], [ 36.6970059, -1.3121488 ] ] ] } },
{ "type": "Feature", "properties": { "id": "way/822230696", "name": "", "name_en": "", "name_sw": "", "waterway": "", "covered": "", "width": "", "depth": "", "layer": "", "blockage": "", "tunnel": "", "natural_cl": "water", "water": "pond", "source": "", "adm0_pcode": "KEN", "adm0_name": "Kenya", "adm1_pcode": "KE047", "adm1_name": "Nairobi", "adm2_pcode": "KE047277", "adm2_name": "Langata", "adm3_pcode": "", "adm3_name": "", "adm4_pcode": "", "adm4_name": "", "name_latin": "", "display_name": "(unnamed dam or water body)", "waterbody_type": "pond", "osm_id": "way/822230696", "model_source": "dams.geojson" }, "geometry": { "type": "Polygon", "coordinates": [ [ [ 36.6972303, -1.3117449 ], [ 36.6972578, -1.3116451 ], [ 36.6973426, -1.3115728 ], [ 36.6974174, -1.3115205 ], [ 36.6975246, -1.3115205 ], [ 36.6975994, -1.3115604 ], [ 36.6976244, -1.3116352 ], [ 36.6975845, -1.3117424 ], [ 36.6975196, -1.3118271 ], [ 36.6974298, -1.3118969 ], [ 36.6973351, -1.3118969 ], [ 36.6972677, -1.3118321 ], [ 36.6972303, -1.3117449 ] ] ] } },
{ "type": "Feature", "properties": { "id": "way/392393539", "name": "Lower Dam", "name_en": "", "name_sw": "", "waterway": "", "covered": "", "width": "", "depth": "", "layer": "", "blockage": "", "tunnel": "", "natural_cl": "water", "water": "reservoir", "source": "", "adm0_pcode": "KEN", "adm0_name": "Kenya", "adm1_pcode": "KE047", "adm1_name": "Nairobi", "adm2_pcode": "KE047277", "adm2_name": "Langata", "adm3_pcode": "", "adm3_name": "", "adm4_pcode": "", "adm4_name": "", "name_latin": "Lower Dam", "display_name": "Lower Dam", "waterbody_type": "reservoir", "osm_id": "way/392393539", "model_source": "dams.geojson" }, "geometry": { "type": "Polygon", "coordinates": [ [ [ 36.720748, -1.309155 ], [ 36.7207055, -1.3090418 ], [ 36.7207204, -1.3090135 ], [ 36.7207727, -1.3089144 ], [ 36.7208152, -1.3088826 ], [ 36.7210311, -1.308872 ], [ 36.7212151, -1.308872 ], [ 36.7213496, -1.3088968 ], [ 36.7214374, -1.3088398 ], [ 36.7214735, -1.3087694 ], [ 36.7215443, -1.3086703 ], [ 36.7221212, -1.3085889 ], [ 36.722422, -1.3085323 ], [ 36.722722, -1.3085312 ], [ 36.7231108, -1.3085298 ], [ 36.7234024, -1.3085288 ], [ 36.7237103, -1.3085783 ], [ 36.7238164, -1.3087481 ], [ 36.723787, -1.3088417 ], [ 36.7237386, -1.3089958 ], [ 36.7236112, -1.3090949 ], [ 36.7234554, -1.3091798 ], [ 36.7232608, -1.3092258 ], [ 36.7228644, -1.3091798 ], [ 36.7225317, -1.3090701 ], [ 36.72214240000001, -1.3090737 ], [ 36.7218416, -1.3090666 ], [ 36.7215372, -1.3090772 ], [ 36.7212045, -1.3091586 ], [ 36.7208117, -1.3092294 ], [ 36.7205819, -1.3093295 ], [ 36.7199446, -1.3095053 ], [ 36.7199092, -1.3094346 ], [ 36.720748, -1.309155 ] ] ] } },
{ "type": "Feature", "properties": { "id": "way/131846534", "name": "Upper Dam", "name_en": "", "name_sw": "", "waterway": "", "covered": "", "width": "", "depth": "", "layer": "", "blockage": "", "tunnel": "", "natural_cl": "water", "water": "pond", "source": "", "adm0_pcode": "KEN", "adm0_name": "Kenya", "adm1_pcode": "KE047", "adm1_name": "Nairobi", "adm2_pcode": "KE047277", "adm2_name": "Langata", "adm3_pcode": "", "adm3_name": "", "adm4_pcode": "", "adm4_name": "", "name_latin": "Upper Dam", "display_name": "Upper Dam", "waterbody_type": "pond", "osm_id": "way/131846534", "model_source": "dams.geojson" }, "geometry": { "type": "Polygon", "coordinates": [ [ [ 36.7125034, -1.3057988 ], [ 36.7124217, -1.3059652 ], [ 36.7121187, -1.3058168 ], [ 36.711829, -1.3056881 ], [ 36.7115924, -1.3055764 ], [ 36.7111223, -1.3054089 ], [ 36.7114684, -1.3052793 ], [ 36.7119029, -1.3054181 ], [ 36.7121493, -1.3054194 ], [ 36.7122351, -1.3054623 ], [ 36.7124273, -1.3054528 ], [ 36.7126088, -1.3055218 ], [ 36.7125034, -1.3057988 ] ] ] } },
{ "type": "Feature", "properties": { "id": "way/1550005126", "name": "", "name_en": "", "name_sw": "", "waterway": "", "covered": "", "width": "", "depth": "", "layer": "", "blockage": "", "tunnel": "", "natural_cl": "water", "water": "", "source": "", "adm0_pcode": "KEN", "adm0_name": "Kenya", "adm1_pcode": "KE047", "adm1_name": "Nairobi", "adm2_pcode": "KE047277", "adm2_name": "Langata", "adm3_pcode": "", "adm3_name": "", "adm4_pcode": "", "adm4_name": "", "name_latin": "", "display_name": "(unnamed dam or water body)", "waterbody_type": "water", "osm_id": "way/1550005126", "model_source": "dams.geojson" }, "geometry": { "type": "Polygon", "coordinates": [ [ [ 36.7285487, -1.3016302 ], [ 36.7285961, -1.301741 ], [ 36.7285836, -1.3018018 ], [ 36.7285344, -1.301817 ], [ 36.7284826, -1.3018116 ], [ 36.728428, -1.3017812 ], [ 36.7283422, -1.3017446 ], [ 36.728369, -1.3016838 ], [ 36.7283776, -1.301678 ], [ 36.7284504, -1.3016284 ], [ 36.7285165, -1.3016069 ], [ 36.7285487, -1.3016302 ] ] ] } },
{ "type": "Feature", "properties": { "id": "way/1550005124", "name": "", "name_en": "", "name_sw": "", "waterway": "", "covered": "", "width": "", "depth": "", "layer": "", "blockage": "", "tunnel": "", "natural_cl": "water", "water": "", "source": "", "adm0_pcode": "KEN", "adm0_name": "Kenya", "adm1_pcode": "KE047", "adm1_name": "Nairobi", "adm2_pcode": "KE047277", "adm2_name": "Langata", "adm3_pcode": "", "adm3_name": "", "adm4_pcode": "", "adm4_name": "", "name_latin": "", "display_name": "(unnamed dam or water body)", "waterbody_type": "water", "osm_id": "way/1550005124", "model_source": "dams.geojson" }, "geometry": { "type": "Polygon", "coordinates": [ [ [ 36.7295612, -1.3015457 ], [ 36.7295316, -1.3016562 ], [ 36.72946, -1.3017636 ], [ 36.729404, -1.301804 ], [ 36.7293277, -1.3017885 ], [ 36.7292374, -1.301748 ], [ 36.7291565, -1.3016826 ], [ 36.7292234, -1.3016266 ], [ 36.7292514, -1.3014974 ], [ 36.7293682, -1.3014414 ], [ 36.7294818, -1.301429 ], [ 36.7295534, -1.3014632 ], [ 36.7295612, -1.3015457 ] ] ] } },
{ "type": "Feature", "properties": { "id": "way/468369406", "name": "", "name_en": "", "name_sw": "", "waterway": "", "covered": "", "width": "", "depth": "", "layer": "", "blockage": "", "tunnel": "", "natural_cl": "water", "water": "pond", "source": "", "adm0_pcode": "KEN", "adm0_name": "Kenya", "adm1_pcode": "KE047", "adm1_name": "Nairobi", "adm2_pcode": "KE047277", "adm2_name": "Langata", "adm3_pcode": "", "adm3_name": "", "adm4_pcode": "", "adm4_name": "", "name_latin": "", "display_name": "(unnamed dam or water body)", "waterbody_type": "pond", "osm_id": "way/468369406", "model_source": "dams.geojson" }, "geometry": { "type": "Polygon", "coordinates": [ [ [ 36.6986357, -1.3000174 ], [ 36.6989414, -1.3000414 ], [ 36.6991572, -1.3000654 ], [ 36.699331, -1.3001732 ], [ 36.6994149, -1.3002871 ], [ 36.6993828, -1.3003836 ], [ 36.699367, -1.3004309 ], [ 36.6992291, -1.3005088 ], [ 36.6988335, -1.300347 ], [ 36.6984679, -1.3001613 ], [ 36.6983241, -1.3000055 ], [ 36.6982941, -1.2998916 ], [ 36.69839, -1.2998916 ], [ 36.6986357, -1.3000174 ] ] ] } },
{ "type": "Feature", "properties": { "id": "way/674747240", "name": "", "name_en": "", "name_sw": "", "waterway": "", "covered": "", "width": "", "depth": "", "layer": "", "blockage": "", "tunnel": "", "natural_cl": "water", "water": "lake", "source": "", "adm0_pcode": "KEN", "adm0_name": "Kenya", "adm1_pcode": "KE047", "adm1_name": "Nairobi", "adm2_pcode": "KE047277", "adm2_name": "Langata", "adm3_pcode": "", "adm3_name": "", "adm4_pcode": "", "adm4_name": "", "name_latin": "", "display_name": "(unnamed dam or water body)", "waterbody_type": "lake", "osm_id": "way/674747240", "model_source": "dams.geojson" }, "geometry": { "type": "Polygon", "coordinates": [ [ [ 36.7314919, -1.2993647 ], [ 36.7321173, -1.2993195 ], [ 36.732683, -1.2990432 ], [ 36.732881, -1.2988708 ], [ 36.7334584, -1.2988525 ], [ 36.7335594, -1.2987447 ], [ 36.7338179, -1.298579 ], [ 36.7339819, -1.2986428 ], [ 36.73395, -1.2989025 ], [ 36.7339116, -1.299178 ], [ 36.7338954, -1.2992943 ], [ 36.7338316, -1.2997317 ], [ 36.7335035, -1.2997499 ], [ 36.733417, -1.2996588 ], [ 36.7334489, -1.2995358 ], [ 36.7334534, -1.2993672 ], [ 36.7333605, -1.2992894 ], [ 36.7329159, -1.299666 ], [ 36.7326522, -1.30002 ], [ 36.7325317, -1.3002837 ], [ 36.7323056, -1.300698 ], [ 36.7321625, -1.3008411 ], [ 36.7319214, -1.3010972 ], [ 36.7318008, -1.3012855 ], [ 36.7317104, -1.3013684 ], [ 36.7313337, -1.3013006 ], [ 36.7311378, -1.3013156 ], [ 36.7310525, -1.3012543 ], [ 36.7309494, -1.3011801 ], [ 36.7311302, -1.301052 ], [ 36.7317631, -1.3007658 ], [ 36.7320645, -1.3003515 ], [ 36.7320947, -1.3000652 ], [ 36.7319967, -1.2998242 ], [ 36.7314919, -1.2997338 ], [ 36.7311378, -1.2996208 ], [ 36.7309871, -1.2994702 ], [ 36.7307912, -1.2994174 ], [ 36.7307761, -1.2993044 ], [ 36.7314919, -1.2993647 ] ] ] } },
{ "type": "Feature", "properties": { "id": "way/1061145119", "name": "", "name_en": "", "name_sw": "", "waterway": "", "covered": "", "width": "", "depth": "", "layer": "", "blockage": "", "tunnel": "", "natural_cl": "water", "water": "wastewater", "source": "", "adm0_pcode": "KEN", "adm0_name": "Kenya", "adm1_pcode": "KE047", "adm1_name": "Nairobi", "adm2_pcode": "KE047274", "adm2_name": "Westlands", "adm3_pcode": "", "adm3_name": "", "adm4_pcode": "", "adm4_name": "", "name_latin": "", "display_name": "(unnamed dam or water body)", "waterbody_type": "wastewater", "osm_id": "way/1061145119", "model_source": "dams.geojson" }, "geometry": { "type": "Polygon", "coordinates": [ [ [ 36.720874, -1.2707967 ], [ 36.7209066, -1.2707198 ], [ 36.72125590000001, -1.2708681 ], [ 36.7212233, -1.2709449 ], [ 36.720874, -1.2707967 ] ] ] } },
{ "type": "Feature", "properties": { "id": "way/87647428", "name": "Kangemi Dam", "name_en": "", "name_sw": "", "waterway": "", "covered": "", "width": "", "depth": "", "layer": "", "blockage": "", "tunnel": "", "natural_cl": "water", "water": "reservoir", "source": "", "adm0_pcode": "KEN", "adm0_name": "Kenya", "adm1_pcode": "KE047", "adm1_name": "Nairobi", "adm2_pcode": "KE047274", "adm2_name": "Westlands", "adm3_pcode": "", "adm3_name": "", "adm4_pcode": "", "adm4_name": "", "name_latin": "Kangemi Dam", "display_name": "Kangemi Dam", "waterbody_type": "reservoir", "osm_id": "way/87647428", "model_source": "dams.geojson" }, "geometry": { "type": "Polygon", "coordinates": [ [ [ 36.7354086, -1.2632207 ], [ 36.7354355, -1.2631107 ], [ 36.7355481, -1.2630356 ], [ 36.7357225, -1.2629418 ], [ 36.7357359, -1.2627728 ], [ 36.7356152, -1.262687 ], [ 36.7357278, -1.2625771 ], [ 36.7358834, -1.2626441 ], [ 36.7360229, -1.2626978 ], [ 36.7361248, -1.262805 ], [ 36.736283, -1.2628426 ], [ 36.7364467, -1.2628265 ], [ 36.7367337, -1.262864 ], [ 36.7370502, -1.2628291 ], [ 36.7373372, -1.2626173 ], [ 36.737651, -1.2623089 ], [ 36.7379085, -1.2620729 ], [ 36.7382411, -1.2617404 ], [ 36.738469, -1.2616412 ], [ 36.7386622, -1.2616305 ], [ 36.7387239, -1.2616814 ], [ 36.7387641, -1.2620354 ], [ 36.7388022, -1.2624981 ], [ 36.7387882, -1.262805 ], [ 36.7387265, -1.2629176 ], [ 36.7387024, -1.2630598 ], [ 36.7386823, -1.2630866 ], [ 36.7386408, -1.2631067 ], [ 36.738581, -1.2631429 ], [ 36.7384905, -1.2632019 ], [ 36.7384463, -1.2632703 ], [ 36.7383832, -1.2633279 ], [ 36.7381807, -1.2633266 ], [ 36.7381163, -1.2634043 ], [ 36.7379232, -1.2634405 ], [ 36.7377091, -1.2634582 ], [ 36.7376538, -1.2634678 ], [ 36.73759, -1.263481 ], [ 36.7373737, -1.2635249 ], [ 36.7372138, -1.2635746 ], [ 36.7370858, -1.2635986 ], [ 36.736916, -1.2636022 ], [ 36.7368979, -1.2635975 ], [ 36.7368624, -1.2635975 ], [ 36.7368288, -1.2636009 ], [ 36.7368141, -1.2636062 ], [ 36.7367987, -1.2636176 ], [ 36.7367819, -1.2636297 ], [ 36.7367531, -1.2636425 ], [ 36.7366961, -1.2636445 ], [ 36.7365204, -1.2636304 ], [ 36.7364775, -1.263625 ], [ 36.7364111, -1.2636009 ], [ 36.7363662, -1.263568 ], [ 36.7362924, -1.2635157 ], [ 36.7362488, -1.2634836 ], [ 36.736222, -1.2634601 ], [ 36.7362039, -1.2634279 ], [ 36.7361905, -1.2634031 ], [ 36.7361724, -1.263383 ], [ 36.7361321, -1.2633622 ], [ 36.7360651, -1.2633267 ], [ 36.7359994, -1.2633113 ], [ 36.7359739, -1.2633113 ], [ 36.735819, -1.2633321 ], [ 36.7355749, -1.2633681 ], [ 36.7354918, -1.2633306 ], [ 36.7354086, -1.2632207 ] ] ] } },
{ "type": "Feature", "properties": { "id": "way/459767387", "name": "", "name_en": "", "name_sw": "", "waterway": "", "covered": "", "width": "", "depth": "", "layer": "", "blockage": "", "tunnel": "", "natural_cl": "water", "water": "pond", "source": "", "adm0_pcode": "KEN", "adm0_name": "Kenya", "adm1_pcode": "KE047", "adm1_name": "Nairobi", "adm2_pcode": "KE047274", "adm2_name": "Westlands", "adm3_pcode": "", "adm3_name": "", "adm4_pcode": "", "adm4_name": "", "name_latin": "", "display_name": "(unnamed dam or water body)", "waterbody_type": "pond", "osm_id": "way/459767387", "model_source": "dams.geojson" }, "geometry": { "type": "Polygon", "coordinates": [ [ [ 36.7572969, -1.2621095 ], [ 36.7573339, -1.2621033 ], [ 36.7573639, -1.2621057 ], [ 36.7573947, -1.2621134 ], [ 36.757417, -1.2621241 ], [ 36.7574656, -1.2621345 ], [ 36.7575045, -1.2621407 ], [ 36.7575603, -1.2621419 ], [ 36.757625, -1.2621372 ], [ 36.7576766, -1.2621318 ], [ 36.7577159, -1.2621395 ], [ 36.7577421, -1.2621603 ], [ 36.7577621, -1.2621834 ], [ 36.757766, -1.262205 ], [ 36.7577552, -1.2622212 ], [ 36.7577375, -1.2622504 ], [ 36.7577259, -1.262272 ], [ 36.7577228, -1.2622897 ], [ 36.7577182, -1.2623059 ], [ 36.7577013, -1.2623205 ], [ 36.7576635, -1.2623444 ], [ 36.7576119, -1.2623752 ], [ 36.7575626, -1.2624021 ], [ 36.7575218, -1.2624229 ], [ 36.7574887, -1.2624337 ], [ 36.7574563, -1.2624352 ], [ 36.7574109, -1.2624352 ], [ 36.7573762, -1.2624329 ], [ 36.7573277, -1.2624075 ], [ 36.757273, -1.2623698 ], [ 36.7572391, -1.2623336 ], [ 36.7572191, -1.2622982 ], [ 36.7572045, -1.2622558 ], [ 36.7572021, -1.2622212 ], [ 36.7572122, -1.2621773 ], [ 36.7572407, -1.2621411 ], [ 36.7572638, -1.2621264 ], [ 36.7572969, -1.2621095 ] ] ] } },
{ "type": "Feature", "properties": { "id": "way/822166038", "name": "", "name_en": "", "name_sw": "", "waterway": "", "covered": "", "width": "", "depth": "", "layer": "", "blockage": "", "tunnel": "", "natural_cl": "water", "water": "pond", "source": "", "adm0_pcode": "KEN", "adm0_name": "Kenya", "adm1_pcode": "KE047", "adm1_name": "Nairobi", "adm2_pcode": "KE047274", "adm2_name": "Westlands", "adm3_pcode": "", "adm3_name": "", "adm4_pcode": "", "adm4_name": "", "name_latin": "", "display_name": "(unnamed dam or water body)", "waterbody_type": "pond", "osm_id": "way/822166038", "model_source": "dams.geojson" }, "geometry": { "type": "Polygon", "coordinates": [ [ [ 36.7443277, -1.2596405 ], [ 36.7443673, -1.2596558 ], [ 36.7443846, -1.25967 ], [ 36.7443978, -1.2596944 ], [ 36.7444171, -1.2597046 ], [ 36.7444435, -1.2597046 ], [ 36.7444699, -1.2597046 ], [ 36.7444862, -1.2597046 ], [ 36.7444994, -1.2597046 ], [ 36.7445136, -1.2597076 ], [ 36.744535, -1.2597239 ], [ 36.7445401, -1.2597411 ], [ 36.7445553, -1.2597543 ], [ 36.7445787, -1.2597635 ], [ 36.7446072, -1.2597737 ], [ 36.7446305, -1.2597787 ], [ 36.7446498, -1.2597838 ], [ 36.744658, -1.2598021 ], [ 36.7446559, -1.2598224 ], [ 36.7446478, -1.2598326 ], [ 36.7446234, -1.2598407 ], [ 36.744598, -1.2598397 ], [ 36.7445817, -1.2598356 ], [ 36.7445665, -1.2598265 ], [ 36.7445452, -1.2598123 ], [ 36.7445269, -1.259795 ], [ 36.7444974, -1.2597869 ], [ 36.7444771, -1.2597797 ], [ 36.7444456, -1.2597797 ], [ 36.7444262, -1.2597747 ], [ 36.744412, -1.2597665 ], [ 36.7444039, -1.2597513 ], [ 36.7444018, -1.259735 ], [ 36.7443968, -1.2597178 ], [ 36.7443866, -1.2596995 ], [ 36.7443632, -1.2596802 ], [ 36.744348, -1.259672 ], [ 36.7443317, -1.259671 ], [ 36.7443277, -1.2596405 ] ] ] } },
{ "type": "Feature", "properties": { "id": "way/822166039", "name": "", "name_en": "", "name_sw": "", "waterway": "", "covered": "", "width": "", "depth": "", "layer": "", "blockage": "", "tunnel": "", "natural_cl": "water", "water": "pond", "source": "", "adm0_pcode": "KEN", "adm0_name": "Kenya", "adm1_pcode": "KE047", "adm1_name": "Nairobi", "adm2_pcode": "KE047274", "adm2_name": "Westlands", "adm3_pcode": "", "adm3_name": "", "adm4_pcode": "", "adm4_name": "", "name_latin": "", "display_name": "(unnamed dam or water body)", "waterbody_type": "pond", "osm_id": "way/822166039", "model_source": "dams.geojson" }, "geometry": { "type": "Polygon", "coordinates": [ [ [ 36.7440319, -1.2596151 ], [ 36.7440543, -1.2596131 ], [ 36.7440705, -1.259606 ], [ 36.7440908, -1.259605 ], [ 36.7441142, -1.2596111 ], [ 36.7441315, -1.2596182 ], [ 36.7441437, -1.2596355 ], [ 36.7441498, -1.2596578 ], [ 36.74416, -1.2596659 ], [ 36.7441671, -1.2596802 ], [ 36.7441772, -1.2596852 ], [ 36.7441894, -1.2597025 ], [ 36.7441976, -1.2597096 ], [ 36.7442077, -1.2597208 ], [ 36.7442159, -1.259735 ], [ 36.7442108, -1.2597462 ], [ 36.7441976, -1.2597533 ], [ 36.7441874, -1.2597696 ], [ 36.7441732, -1.2597696 ], [ 36.7441559, -1.2597554 ], [ 36.7441406, -1.2597482 ], [ 36.7441254, -1.259735 ], [ 36.7441071, -1.2597218 ], [ 36.7440939, -1.2597046 ], [ 36.7440776, -1.2596954 ], [ 36.7440614, -1.2596792 ], [ 36.7440451, -1.2596812 ], [ 36.7440339, -1.259671 ], [ 36.7440268, -1.2596477 ], [ 36.7440177, -1.2596283 ], [ 36.7440055, -1.2596141 ], [ 36.7440319, -1.2596151 ] ] ] } },
{ "type": "Feature", "properties": { "id": "way/822166040", "name": "", "name_en": "", "name_sw": "", "waterway": "", "covered": "", "width": "", "depth": "", "layer": "", "blockage": "", "tunnel": "", "natural_cl": "water", "water": "pond", "source": "", "adm0_pcode": "KEN", "adm0_name": "Kenya", "adm1_pcode": "KE047", "adm1_name": "Nairobi", "adm2_pcode": "KE047274", "adm2_name": "Westlands", "adm3_pcode": "", "adm3_name": "", "adm4_pcode": "", "adm4_name": "", "name_latin": "", "display_name": "(unnamed dam or water body)", "waterbody_type": "pond", "osm_id": "way/822166040", "model_source": "dams.geojson" }, "geometry": { "type": "Polygon", "coordinates": [ [ [ 36.7437636, -1.2595979 ], [ 36.7437473, -1.2595897 ], [ 36.7437402, -1.2595592 ], [ 36.7437463, -1.2595349 ], [ 36.7437687, -1.2595206 ], [ 36.7438032, -1.2595217 ], [ 36.7438408, -1.2595176 ], [ 36.7438632, -1.2595125 ], [ 36.7438876, -1.2595267 ], [ 36.7438937, -1.2595542 ], [ 36.7438886, -1.2595806 ], [ 36.7438652, -1.2595877 ], [ 36.7438469, -1.2595745 ], [ 36.7438388, -1.2595857 ], [ 36.7438164, -1.2596009 ], [ 36.7437859, -1.259608 ], [ 36.7437636, -1.2595979 ] ] ] } },
{ "type": "Feature", "properties": { "id": "way/1474414298", "name": "", "name_en": "", "name_sw": "", "waterway": "", "covered": "", "width": "", "depth": "", "layer": "", "blockage": "", "tunnel": "", "natural_cl": "water", "water": "", "source": "", "adm0_pcode": "KEN", "adm0_name": "Kenya", "adm1_pcode": "KE047", "adm1_name": "Nairobi", "adm2_pcode": "KE047274", "adm2_name": "Westlands", "adm3_pcode": "", "adm3_name": "", "adm4_pcode": "", "adm4_name": "", "name_latin": "", "display_name": "(unnamed dam or water body)", "waterbody_type": "water", "osm_id": "way/1474414298", "model_source": "dams.geojson" }, "geometry": { "type": "Polygon", "coordinates": [ [ [ 36.737109, -1.2531631 ], [ 36.7370861, -1.2531396 ], [ 36.7370647, -1.2531033 ], [ 36.7370471, -1.2530732 ], [ 36.7370568, -1.2530445 ], [ 36.7370776, -1.2530268 ], [ 36.7371042, -1.2530003 ], [ 36.7371343, -1.252998 ], [ 36.7371708, -1.2529953 ], [ 36.7371982, -1.2529819 ], [ 36.7372161, -1.2529829 ], [ 36.7372272, -1.2530056 ], [ 36.7372056, -1.2530117 ], [ 36.7371911, -1.2530306 ], [ 36.7371753, -1.253051 ], [ 36.7371552, -1.2530744 ], [ 36.7371315, -1.2530708 ], [ 36.7371075, -1.2530781 ], [ 36.7371088, -1.2531029 ], [ 36.7371207, -1.2531356 ], [ 36.737109, -1.2531631 ] ] ] } },
{ "type": "Feature", "properties": { "id": "way/1474414300", "name": "", "name_en": "", "name_sw": "", "waterway": "", "covered": "", "width": "", "depth": "", "layer": "", "blockage": "", "tunnel": "", "natural_cl": "water", "water": "", "source": "", "adm0_pcode": "KEN", "adm0_name": "Kenya", "adm1_pcode": "KE047", "adm1_name": "Nairobi", "adm2_pcode": "KE047274", "adm2_name": "Westlands", "adm3_pcode": "", "adm3_name": "", "adm4_pcode": "", "adm4_name": "", "name_latin": "", "display_name": "(unnamed dam or water body)", "waterbody_type": "water", "osm_id": "way/1474414300", "model_source": "dams.geojson" }, "geometry": { "type": "Polygon", "coordinates": [ [ [ 36.7373184, -1.2530156 ], [ 36.7373565, -1.2530245 ], [ 36.7373768, -1.2530427 ], [ 36.7373824, -1.253077 ], [ 36.7373647, -1.2531023 ], [ 36.7373375, -1.2531049 ], [ 36.7372953, -1.2530873 ], [ 36.7372752, -1.2530714 ], [ 36.7372578, -1.253048 ], [ 36.7372796, -1.2530132 ], [ 36.7373184, -1.2530156 ] ] ] } },
{ "type": "Feature", "properties": { "id": "way/1308741812", "name": "", "name_en": "", "name_sw": "", "waterway": "", "covered": "", "width": "", "depth": "", "layer": "", "blockage": "", "tunnel": "", "natural_cl": "water", "water": "", "source": "", "adm0_pcode": "KEN", "adm0_name": "Kenya", "adm1_pcode": "KE047", "adm1_name": "Nairobi", "adm2_pcode": "KE047274", "adm2_name": "Westlands", "adm3_pcode": "", "adm3_name": "", "adm4_pcode": "", "adm4_name": "", "name_latin": "", "display_name": "(unnamed dam or water body)", "waterbody_type": "water", "osm_id": "way/1308741812", "model_source": "dams.geojson" }, "geometry": { "type": "Polygon", "coordinates": [ [ [ 36.7627182, -1.2446938 ], [ 36.7627383, -1.2446871 ], [ 36.7627463, -1.2446818 ], [ 36.7627591, -1.2446798 ], [ 36.7627819, -1.2446851 ], [ 36.762794, -1.2447025 ], [ 36.7627966, -1.244724 ], [ 36.7627953, -1.2447387 ], [ 36.7627819, -1.2447508 ], [ 36.7627611, -1.2447568 ], [ 36.7627396, -1.2447522 ], [ 36.7627128, -1.2447455 ], [ 36.7626847, -1.2447387 ], [ 36.7626786, -1.2447327 ], [ 36.7626826, -1.2447113 ], [ 36.762688, -1.2446912 ], [ 36.7627008, -1.2446891 ], [ 36.7627182, -1.2446938 ] ] ] } },
{ "type": "Feature", "properties": { "id": "way/1426165795", "name": "", "name_en": "", "name_sw": "", "waterway": "", "covered": "", "width": "", "depth": "", "layer": "", "blockage": "", "tunnel": "", "natural_cl": "water", "water": "pond", "source": "", "adm0_pcode": "KEN", "adm0_name": "Kenya", "adm1_pcode": "KE047", "adm1_name": "Nairobi", "adm2_pcode": "KE047274", "adm2_name": "Westlands", "adm3_pcode": "", "adm3_name": "", "adm4_pcode": "", "adm4_name": "", "name_latin": "", "display_name": "(unnamed dam or water body)", "waterbody_type": "pond", "osm_id": "way/1426165795", "model_source": "dams.geojson" }, "geometry": { "type": "Polygon", "coordinates": [ [ [ 36.7671362, -1.2439649 ], [ 36.7671898, -1.2439837 ], [ 36.7672488, -1.2440561 ], [ 36.7672756, -1.2441419 ], [ 36.7672542, -1.244217 ], [ 36.7671844, -1.2442652 ], [ 36.7671254, -1.2442411 ], [ 36.7670932, -1.2441875 ], [ 36.7670611, -1.2441044 ], [ 36.7670557, -1.2440293 ], [ 36.7670879, -1.2439703 ], [ 36.7671362, -1.2439649 ] ] ] } },
{ "type": "Feature", "properties": { "id": "way/25341971", "name": "", "name_en": "", "name_sw": "", "waterway": "", "covered": "", "width": "", "depth": "", "layer": "", "blockage": "", "tunnel": "", "natural_cl": "water", "water": "", "source": "", "adm0_pcode": "KEN", "adm0_name": "Kenya", "adm1_pcode": "KE047", "adm1_name": "Nairobi", "adm2_pcode": "KE047274", "adm2_name": "Westlands", "adm3_pcode": "", "adm3_name": "", "adm4_pcode": "", "adm4_name": "", "name_latin": "", "display_name": "(unnamed dam or water body)", "waterbody_type": "water", "osm_id": "way/25341971", "model_source": "dams.geojson" }, "geometry": { "type": "Polygon", "coordinates": [ [ [ 36.770699, -1.2433348 ], [ 36.770802, -1.2432233 ], [ 36.7709307, -1.2431375 ], [ 36.7710938, -1.2430603 ], [ 36.7711882, -1.2430603 ], [ 36.7711968, -1.2429916 ], [ 36.7713256, -1.2429916 ], [ 36.7715316, -1.2429401 ], [ 36.7715831, -1.2429659 ], [ 36.7716689, -1.2428972 ], [ 36.7718405, -1.2428972 ], [ 36.7720122, -1.2428543 ], [ 36.772141, -1.2428543 ], [ 36.7721925, -1.2429315 ], [ 36.7721324, -1.2430603 ], [ 36.7720208, -1.243189 ], [ 36.7720122, -1.2433263 ], [ 36.7718663, -1.2433863 ], [ 36.771832, -1.2435322 ], [ 36.7716689, -1.2435923 ], [ 36.7716088, -1.2437124 ], [ 36.7714371, -1.2437639 ], [ 36.7713084, -1.2437382 ], [ 36.7711796, -1.2437038 ], [ 36.7710938, -1.2437038 ], [ 36.7709393, -1.2436523 ], [ 36.7708192, -1.2436523 ], [ 36.7706818, -1.2434721 ], [ 36.770699, -1.2433348 ] ] ] } },
{ "type": "Feature", "properties": { "id": "way/96702306", "name": "Kabete Dam", "name_en": "", "name_sw": "", "waterway": "", "covered": "", "width": "", "depth": "", "layer": "", "blockage": "", "tunnel": "", "natural_cl": "water", "water": "basin", "source": "", "adm0_pcode": "KEN", "adm0_name": "Kenya", "adm1_pcode": "KE047", "adm1_name": "Nairobi", "adm2_pcode": "KE047274", "adm2_name": "Westlands", "adm3_pcode": "", "adm3_name": "", "adm4_pcode": "", "adm4_name": "", "name_latin": "Kabete Dam", "display_name": "Kabete Dam", "waterbody_type": "basin", "osm_id": "way/96702306", "model_source": "dams.geojson" }, "geometry": { "type": "Polygon", "coordinates": [ [ [ 36.7510566, -1.2435958 ], [ 36.7510766, -1.2435158 ], [ 36.7511766, -1.2434691 ], [ 36.7512832, -1.2434558 ], [ 36.7513966, -1.2434691 ], [ 36.7515699, -1.2434691 ], [ 36.7516765, -1.2434292 ], [ 36.7518299, -1.2433625 ], [ 36.7519765, -1.2433159 ], [ 36.7521232, -1.2432959 ], [ 36.7523099, -1.2432959 ], [ 36.7524365, -1.2433292 ], [ 36.7526232, -1.2434158 ], [ 36.7527498, -1.2434691 ], [ 36.7528365, -1.2435225 ], [ 36.7530098, -1.2435158 ], [ 36.7531232, -1.2434958 ], [ 36.7532632, -1.2434292 ], [ 36.7533498, -1.2433692 ], [ 36.7534765, -1.2433092 ], [ 36.7535898, -1.2432759 ], [ 36.7537098, -1.2432425 ], [ 36.7538298, -1.2432359 ], [ 36.7539565, -1.2431826 ], [ 36.7540365, -1.2431092 ], [ 36.7541431, -1.2430226 ], [ 36.7542431, -1.2429426 ], [ 36.7543165, -1.2428626 ], [ 36.7544164, -1.242796 ], [ 36.7545364, -1.2427827 ], [ 36.7546898, -1.2427627 ], [ 36.7548498, -1.242716 ], [ 36.7549698, -1.2426894 ], [ 36.7551098, -1.2426294 ], [ 36.7552231, -1.2425561 ], [ 36.7553431, -1.2425227 ], [ 36.7554164, -1.2424294 ], [ 36.7556231, -1.2423361 ], [ 36.7557497, -1.2423028 ], [ 36.7559031, -1.2423028 ], [ 36.7560631, -1.2423961 ], [ 36.7561431, -1.2424428 ], [ 36.7561831, -1.2425227 ], [ 36.7561631, -1.242616 ], [ 36.7560431, -1.2428493 ], [ 36.7559431, -1.2429693 ], [ 36.7558612, -1.2430069 ], [ 36.7557934, -1.2429803 ], [ 36.7557164, -1.2429826 ], [ 36.7556897, -1.2430693 ], [ 36.7555497, -1.2430759 ], [ 36.7554697, -1.2430293 ], [ 36.7553964, -1.2430693 ], [ 36.7553231, -1.2431492 ], [ 36.7552098, -1.2432026 ], [ 36.7550831, -1.2432759 ], [ 36.7549898, -1.2433292 ], [ 36.7548698, -1.2433292 ], [ 36.7547831, -1.2432892 ], [ 36.7546898, -1.2433425 ], [ 36.7545631, -1.2433692 ], [ 36.7544298, -1.2434092 ], [ 36.7542831, -1.2434891 ], [ 36.7541365, -1.2435891 ], [ 36.7539765, -1.2436358 ], [ 36.7538498, -1.2436291 ], [ 36.7536898, -1.2436091 ], [ 36.7535765, -1.2436358 ], [ 36.7535231, -1.2437157 ], [ 36.7534032, -1.2436891 ], [ 36.7533498, -1.2437757 ], [ 36.7531965, -1.2438157 ], [ 36.7530965, -1.2438624 ], [ 36.7529632, -1.2438624 ], [ 36.7528498, -1.2438824 ], [ 36.7527365, -1.2438357 ], [ 36.7526232, -1.2438024 ], [ 36.7525432, -1.2437691 ], [ 36.7524699, -1.2437424 ], [ 36.7523632, -1.2437024 ], [ 36.7522299, -1.2436358 ], [ 36.7520832, -1.2435691 ], [ 36.7519232, -1.2435758 ], [ 36.7518499, -1.2436558 ], [ 36.7517299, -1.2437357 ], [ 36.7516366, -1.2437624 ], [ 36.7515432, -1.2437624 ], [ 36.7514566, -1.2438224 ], [ 36.7513966, -1.2438557 ], [ 36.7513032, -1.2438291 ], [ 36.7512099, -1.2437891 ], [ 36.7511232, -1.2436891 ], [ 36.7510566, -1.2435958 ] ] ] } },
{ "type": "Feature", "properties": { "id": "way/1107213201", "name": "", "name_en": "", "name_sw": "", "waterway": "", "covered": "", "width": "", "depth": "", "layer": "", "blockage": "", "tunnel": "", "natural_cl": "water", "water": "wastewater", "source": "", "adm0_pcode": "KEN", "adm0_name": "Kenya", "adm1_pcode": "KE047", "adm1_name": "Nairobi", "adm2_pcode": "KE047274", "adm2_name": "Westlands", "adm3_pcode": "", "adm3_name": "", "adm4_pcode": "", "adm4_name": "", "name_latin": "", "display_name": "(unnamed dam or water body)", "waterbody_type": "wastewater", "osm_id": "way/1107213201", "model_source": "dams.geojson" }, "geometry": { "type": "Polygon", "coordinates": [ [ [ 36.7408037, -1.2376397 ], [ 36.7409896, -1.2377434 ], [ 36.7408688, -1.2379601 ], [ 36.7406829, -1.2378564 ], [ 36.7408037, -1.2376397 ] ] ] } },
{ "type": "Feature", "properties": { "id": "way/1107213200", "name": "", "name_en": "", "name_sw": "", "waterway": "", "covered": "", "width": "", "depth": "", "layer": "", "blockage": "", "tunnel": "", "natural_cl": "water", "water": "wastewater", "source": "", "adm0_pcode": "KEN", "adm0_name": "Kenya", "adm1_pcode": "KE047", "adm1_name": "Nairobi", "adm2_pcode": "KE047274", "adm2_name": "Westlands", "adm3_pcode": "", "adm3_name": "", "adm4_pcode": "", "adm4_name": "", "name_latin": "", "display_name": "(unnamed dam or water body)", "waterbody_type": "wastewater", "osm_id": "way/1107213200", "model_source": "dams.geojson" }, "geometry": { "type": "Polygon", "coordinates": [ [ [ 36.740428, -1.2376095 ], [ 36.7403141, -1.2377866 ], [ 36.7401476, -1.2376796 ], [ 36.7402615, -1.2375025 ], [ 36.740428, -1.2376095 ] ] ] } },
{ "type": "Feature", "properties": { "id": "way/1107213199", "name": "", "name_en": "", "name_sw": "", "waterway": "", "covered": "", "width": "", "depth": "", "layer": "", "blockage": "", "tunnel": "", "natural_cl": "water", "water": "wastewater", "source": "", "adm0_pcode": "KEN", "adm0_name": "Kenya", "adm1_pcode": "KE047", "adm1_name": "Nairobi", "adm2_pcode": "KE047274", "adm2_name": "Westlands", "adm3_pcode": "", "adm3_name": "", "adm4_pcode": "", "adm4_name": "", "name_latin": "", "display_name": "(unnamed dam or water body)", "waterbody_type": "wastewater", "osm_id": "way/1107213199", "model_source": "dams.geojson" }, "geometry": { "type": "Polygon", "coordinates": [ [ [ 36.7402653, -1.2370675 ], [ 36.7407969, -1.237417 ], [ 36.7406338, -1.2376649 ], [ 36.7401022, -1.2373154 ], [ 36.7402653, -1.2370675 ] ] ] } },
{ "type": "Feature", "properties": { "id": "way/1107213198", "name": "", "name_en": "", "name_sw": "", "waterway": "", "covered": "", "width": "", "depth": "", "layer": "", "blockage": "", "tunnel": "", "natural_cl": "water", "water": "wastewater", "source": "", "adm0_pcode": "KEN", "adm0_name": "Kenya", "adm1_pcode": "KE047", "adm1_name": "Nairobi", "adm2_pcode": "KE047274", "adm2_name": "Westlands", "adm3_pcode": "", "adm3_name": "", "adm4_pcode": "", "adm4_name": "", "name_latin": "", "display_name": "(unnamed dam or water body)", "waterbody_type": "wastewater", "osm_id": "way/1107213198", "model_source": "dams.geojson" }, "geometry": { "type": "Polygon", "coordinates": [ [ [ 36.7409547, -1.2368824 ], [ 36.7409195, -1.237127 ], [ 36.7404187, -1.2368197 ], [ 36.740539, -1.2366239 ], [ 36.7409547, -1.2368824 ] ] ] } },
{ "type": "Feature", "properties": { "id": "way/1393821353", "name": "", "name_en": "", "name_sw": "", "waterway": "", "covered": "", "width": "", "depth": "", "layer": "", "blockage": "", "tunnel": "", "natural_cl": "wetland", "water": "", "source": "", "adm0_pcode": "KEN", "adm0_name": "Kenya", "adm1_pcode": "KE047", "adm1_name": "Nairobi", "adm2_pcode": "KE047274", "adm2_name": "Westlands", "adm3_pcode": "", "adm3_name": "", "adm4_pcode": "", "adm4_name": "", "name_latin": "", "display_name": "(unnamed dam or water body)", "waterbody_type": "wetland", "osm_id": "way/1393821353", "model_source": "dams.geojson" }, "geometry": { "type": "Polygon", "coordinates": [ [ [ 36.7794253, -1.2340802 ], [ 36.7795369, -1.2339643 ], [ 36.7796271, -1.2338956 ], [ 36.7798161, -1.2338141 ], [ 36.7800952, -1.2337883 ], [ 36.7804001, -1.2338184 ], [ 36.7806663, -1.2338441 ], [ 36.7808509, -1.2339472 ], [ 36.7807479, -1.2340201 ], [ 36.7806148, -1.2341575 ], [ 36.7802068, -1.2349217 ], [ 36.7800394, -1.2351364 ], [ 36.7799707, -1.2351406 ], [ 36.7799277, -1.2351621 ], [ 36.7798461, -1.2351707 ], [ 36.7798161, -1.2352265 ], [ 36.7797688, -1.2352523 ], [ 36.7796228, -1.2352093 ], [ 36.7794597, -1.2350204 ], [ 36.7793351, -1.2349475 ], [ 36.7793137, -1.2346598 ], [ 36.7793566, -1.2342391 ], [ 36.7794253, -1.2340802 ] ] ] } },
{ "type": "Feature", "properties": { "id": "way/264280304", "name": "Nyari 'B' Lake", "name_en": "", "name_sw": "", "waterway": "", "covered": "", "width": "", "depth": "", "layer": "", "blockage": "", "tunnel": "", "natural_cl": "water", "water": "lake", "source": "", "adm0_pcode": "KEN", "adm0_name": "Kenya", "adm1_pcode": "KE047", "adm1_name": "Nairobi", "adm2_pcode": "KE047274", "adm2_name": "Westlands", "adm3_pcode": "", "adm3_name": "", "adm4_pcode": "", "adm4_name": "", "name_latin": "Nyari 'B' Lake", "display_name": "Nyari 'B' Lake", "waterbody_type": "lake", "osm_id": "way/264280304", "model_source": "dams.geojson" }, "geometry": { "type": "Polygon", "coordinates": [ [ [ 36.7834349, -1.2325503 ], [ 36.7835274, -1.2326213 ], [ 36.7835635, -1.2326924 ], [ 36.7836669, -1.2327393 ], [ 36.7836924, -1.2327688 ], [ 36.783742, -1.2328238 ], [ 36.7838278, -1.2328345 ], [ 36.7838842, -1.2328841 ], [ 36.7839311, -1.2329096 ], [ 36.7840679, -1.2329512 ], [ 36.7841432, -1.2329874 ], [ 36.7842597, -1.2330826 ], [ 36.7843898, -1.2331376 ], [ 36.7844452, -1.2332153 ], [ 36.784603, -1.2333186 ], [ 36.7846969, -1.2333856 ], [ 36.7847398, -1.2334191 ], [ 36.7847599, -1.2334553 ], [ 36.7847867, -1.2334969 ], [ 36.7848605, -1.2335398 ], [ 36.7849422, -1.2335408 ], [ 36.7850442, -1.2335586 ], [ 36.785114, -1.2336444 ], [ 36.7851048, -1.2337052 ], [ 36.7850369, -1.2338476 ], [ 36.7849825, -1.2339474 ], [ 36.7849115, -1.2340158 ], [ 36.7848471, -1.2340076 ], [ 36.7847368, -1.2339516 ], [ 36.7845909, -1.2337838 ], [ 36.7844313, -1.2336645 ], [ 36.7842489, -1.2334915 ], [ 36.7841054, -1.2333595 ], [ 36.7839566, -1.2332274 ], [ 36.7838211, -1.2330987 ], [ 36.7836919, -1.2329859 ], [ 36.7835945, -1.2329284 ], [ 36.783519, -1.232878 ], [ 36.7834134, -1.2328614 ], [ 36.7833973, -1.2328345 ], [ 36.7834255, -1.232742 ], [ 36.7833799, -1.2327072 ], [ 36.7833276, -1.2326683 ], [ 36.7832506, -1.2325906 ], [ 36.783274, -1.2325194 ], [ 36.7833308, -1.2324963 ], [ 36.7834349, -1.2325503 ] ] ] } },
{ "type": "Feature", "properties": { "id": "way/245260396", "name": "", "name_en": "", "name_sw": "", "waterway": "", "covered": "", "width": "", "depth": "", "layer": "", "blockage": "", "tunnel": "", "natural_cl": "water", "water": "pond", "source": "", "adm0_pcode": "KEN", "adm0_name": "Kenya", "adm1_pcode": "KE047", "adm1_name": "Nairobi", "adm2_pcode": "KE047274", "adm2_name": "Westlands", "adm3_pcode": "", "adm3_name": "", "adm4_pcode": "", "adm4_name": "", "name_latin": "", "display_name": "(unnamed dam or water body)", "waterbody_type": "pond", "osm_id": "way/245260396", "model_source": "dams.geojson" }, "geometry": { "type": "Polygon", "coordinates": [ [ [ 36.788375, -1.2303462 ], [ 36.788493, -1.2303302 ], [ 36.788788, -1.2302819 ], [ 36.7889758, -1.2303409 ], [ 36.7891903, -1.2304374 ], [ 36.7893352, -1.230475 ], [ 36.7896356, -1.2304535 ], [ 36.7898233, -1.2303892 ], [ 36.7900379, -1.2304428 ], [ 36.7902203, -1.2305393 ], [ 36.7905636, -1.2308772 ], [ 36.7908909, -1.2311025 ], [ 36.7911162, -1.2312848 ], [ 36.791481, -1.2313545 ], [ 36.7915078, -1.2314511 ], [ 36.7914649, -1.2317621 ], [ 36.7913307, -1.2322448 ], [ 36.791025, -1.2321644 ], [ 36.7906387, -1.2319713 ], [ 36.7902901, -1.2318211 ], [ 36.7898019, -1.2315315 ], [ 36.7894425, -1.231494 ], [ 36.7894425, -1.2314242 ], [ 36.7893191, -1.2313116 ], [ 36.7890831, -1.2311078 ], [ 36.7886539, -1.2308021 ], [ 36.7883589, -1.2306037 ], [ 36.788375, -1.2303462 ] ] ] } },
{ "type": "Feature", "properties": { "id": "way/25341904", "name": "", "name_en": "", "name_sw": "", "waterway": "", "covered": "", "width": "", "depth": "", "layer": "", "blockage": "", "tunnel": "", "natural_cl": "water", "water": "", "source": "", "adm0_pcode": "KEN", "adm0_name": "Kenya", "adm1_pcode": "KE047", "adm1_name": "Nairobi", "adm2_pcode": "KE047274", "adm2_name": "Westlands", "adm3_pcode": "", "adm3_name": "", "adm4_pcode": "", "adm4_name": "", "name_latin": "", "display_name": "(unnamed dam or water body)", "waterbody_type": "water", "osm_id": "way/25341904", "model_source": "dams.geojson" }, "geometry": { "type": "Polygon", "coordinates": [ [ [ 36.7692656, -1.2308494 ], [ 36.7693515, -1.2307636 ], [ 36.7694201, -1.2307893 ], [ 36.7695231, -1.2307893 ], [ 36.7695918, -1.230858 ], [ 36.7697034, -1.2308751 ], [ 36.7698235, -1.2309095 ], [ 36.7699008, -1.2309867 ], [ 36.7699952, -1.2309781 ], [ 36.7700982, -1.2310725 ], [ 36.7701411, -1.2311669 ], [ 36.7701239, -1.2312527 ], [ 36.7701325, -1.2313557 ], [ 36.7700124, -1.2313299 ], [ 36.7698664, -1.2312184 ], [ 36.7697892, -1.2312184 ], [ 36.7696776, -1.2311326 ], [ 36.7696089, -1.231124 ], [ 36.7692227, -1.2309266 ], [ 36.7692656, -1.2308494 ] ] ] } },
{ "type": "Feature", "properties": { "id": "way/25064769", "name": "", "name_en": "", "name_sw": "", "waterway": "", "covered": "", "width": "", "depth": "", "layer": "", "blockage": "", "tunnel": "", "natural_cl": "water", "water": "", "source": "", "adm0_pcode": "KEN", "adm0_name": "Kenya", "adm1_pcode": "KE047", "adm1_name": "Nairobi", "adm2_pcode": "KE047274", "adm2_name": "Westlands", "adm3_pcode": "", "adm3_name": "", "adm4_pcode": "", "adm4_name": "", "name_latin": "", "display_name": "(unnamed dam or water body)", "waterbody_type": "water", "osm_id": "way/25064769", "model_source": "dams.geojson" }, "geometry": { "type": "Polygon", "coordinates": [ [ [ 36.7733782, -1.2265668 ], [ 36.7735155, -1.2265411 ], [ 36.7737215, -1.2265154 ], [ 36.7739275, -1.2264553 ], [ 36.7739961, -1.2262923 ], [ 36.7740219, -1.2261292 ], [ 36.7740047, -1.2259318 ], [ 36.7740133, -1.2257431 ], [ 36.7740991, -1.2258117 ], [ 36.7742365, -1.2258718 ], [ 36.7742193, -1.2260348 ], [ 36.7742708, -1.226215 ], [ 36.7743652, -1.2263609 ], [ 36.7745197, -1.2264295 ], [ 36.7747772, -1.2264725 ], [ 36.7749918, -1.2265325 ], [ 36.7750948, -1.2266784 ], [ 36.7752149, -1.2268071 ], [ 36.7752922, -1.2268071 ], [ 36.7754896, -1.2269702 ], [ 36.7755411, -1.2270731 ], [ 36.7757471, -1.2272705 ], [ 36.7758673, -1.2273306 ], [ 36.7759703, -1.2276137 ], [ 36.7760732, -1.2279141 ], [ 36.7762449, -1.2282144 ], [ 36.7763479, -1.2284204 ], [ 36.7764509, -1.2284547 ], [ 36.776408, -1.2285405 ], [ 36.7759703, -1.2286864 ], [ 36.7756441, -1.2287808 ], [ 36.7755583, -1.2287379 ], [ 36.7755583, -1.2284032 ], [ 36.7753952, -1.2280514 ], [ 36.7752836, -1.2279398 ], [ 36.7752664, -1.2278798 ], [ 36.7750862, -1.2276738 ], [ 36.7750519, -1.2275451 ], [ 36.7748373, -1.227425 ], [ 36.7747171, -1.2273134 ], [ 36.774451, -1.2272533 ], [ 36.7743137, -1.2272018 ], [ 36.7741506, -1.2271933 ], [ 36.7740476, -1.2271418 ], [ 36.7738502, -1.2271418 ], [ 36.7736271, -1.2269873 ], [ 36.7734211, -1.2268758 ], [ 36.7733352, -1.2267985 ], [ 36.7732408, -1.22679 ], [ 36.7731979, -1.2265926 ], [ 36.7733782, -1.2265668 ] ] ] } },
{ "type": "Feature", "properties": { "id": "way/161956406", "name": "", "name_en": "", "name_sw": "", "waterway": "", "covered": "", "width": "", "depth": "", "layer": "", "blockage": "", "tunnel": "", "natural_cl": "water", "water": "", "source": "", "adm0_pcode": "KEN", "adm0_name": "Kenya", "adm1_pcode": "KE034", "adm1_name": "Kajiado", "adm2_pcode": "KE034186", "adm2_name": "Kajiado East", "adm3_pcode": "", "adm3_name": "", "adm4_pcode": "", "adm4_name": "", "name_latin": "", "display_name": "(unnamed dam or water body)", "waterbody_type": "water", "osm_id": "way/161956406", "model_source": "dams.geojson" }, "geometry": { "type": "Polygon", "coordinates": [ [ [ 36.8547111, -1.425298 ], [ 36.8551603, -1.4257137 ], [ 36.8549033, -1.4258542 ], [ 36.8547102, -1.4262189 ], [ 36.8546565, -1.4266372 ], [ 36.8541523, -1.4267015 ], [ 36.8541523, -1.4269804 ], [ 36.8538948, -1.427345 ], [ 36.8541947, -1.4275585 ], [ 36.8538728, -1.4278052 ], [ 36.8538948, -1.4281066 ], [ 36.8537011, -1.4277515 ], [ 36.8536689, -1.4271295 ], [ 36.8540557, -1.4264763 ], [ 36.8539806, -1.4258971 ], [ 36.8541625, -1.4252632 ], [ 36.8544312, -1.4250391 ], [ 36.8547111, -1.425298 ] ] ] } },
{ "type": "Feature", "properties": { "id": "way/1296576803", "name": "", "name_en": "", "name_sw": "", "waterway": "", "covered": "", "width": "", "depth": "", "layer": "", "blockage": "", "tunnel": "", "natural_cl": "water", "water": "", "source": "", "adm0_pcode": "KEN", "adm0_name": "Kenya", "adm1_pcode": "KE034", "adm1_name": "Kajiado", "adm2_pcode": "KE034186", "adm2_name": "Kajiado East", "adm3_pcode": "", "adm3_name": "", "adm4_pcode": "", "adm4_name": "", "name_latin": "", "display_name": "(unnamed dam or water body)", "waterbody_type": "water", "osm_id": "way/1296576803", "model_source": "dams.geojson" }, "geometry": { "type": "Polygon", "coordinates": [ [ [ 36.81849540000001, -1.4220738 ], [ 36.8184793, -1.4219505 ], [ 36.8186402, -1.4216984 ], [ 36.818769, -1.4215429 ], [ 36.8191069, -1.4214035 ], [ 36.8193644, -1.4214089 ], [ 36.8195146, -1.4215483 ], [ 36.8195254, -1.4216609 ], [ 36.819638, -1.4219183 ], [ 36.8196273, -1.4220256 ], [ 36.8194342, -1.4221167 ], [ 36.8191713, -1.422047 ], [ 36.8189567, -1.4220148 ], [ 36.8186724, -1.4221704 ], [ 36.81849540000001, -1.4220738 ] ] ] } },
{ "type": "Feature", "properties": { "id": "way/562255154", "name": "", "name_en": "", "name_sw": "", "waterway": "", "covered": "", "width": "", "depth": "", "layer": "", "blockage": "", "tunnel": "", "natural_cl": "water", "water": "pond", "source": "", "adm0_pcode": "KEN", "adm0_name": "Kenya", "adm1_pcode": "KE047", "adm1_name": "Nairobi", "adm2_pcode": "KE047277", "adm2_name": "Langata", "adm3_pcode": "", "adm3_name": "", "adm4_pcode": "", "adm4_name": "", "name_latin": "", "display_name": "(unnamed dam or water body)", "waterbody_type": "pond", "osm_id": "way/562255154", "model_source": "dams.geojson" }, "geometry": { "type": "Polygon", "coordinates": [ [ [ 36.8427836, -1.3642189 ], [ 36.8429252, -1.36441 ], [ 36.8429323, -1.3645161 ], [ 36.8427765, -1.3646576 ], [ 36.8427341, -1.3647213 ], [ 36.8425854, -1.3645444 ], [ 36.8425571, -1.3643887 ], [ 36.8425642, -1.3642967 ], [ 36.8427836, -1.3642189 ] ] ] } },
{ "type": "Feature", "properties": { "id": "way/587389330", "name": "Upper Karen Dam", "name_en": "", "name_sw": "", "waterway": "", "covered": "", "width": "", "depth": "", "layer": "", "blockage": "", "tunnel": "", "natural_cl": "water", "water": "reservoir", "source": "", "adm0_pcode": "KEN", "adm0_name": "Kenya", "adm1_pcode": "KE047", "adm1_name": "Nairobi", "adm2_pcode": "KE047277", "adm2_name": "Langata", "adm3_pcode": "", "adm3_name": "", "adm4_pcode": "", "adm4_name": "", "name_latin": "Upper Karen Dam", "display_name": "Upper Karen Dam", "waterbody_type": "reservoir", "osm_id": "way/587389330", "model_source": "dams.geojson" }, "geometry": { "type": "Polygon", "coordinates": [ [ [ 36.8527458, -1.3582918 ], [ 36.8528444, -1.3583782 ], [ 36.8530319, -1.3584864 ], [ 36.8531948, -1.3585974 ], [ 36.8533331, -1.3586204 ], [ 36.8534471, -1.3585784 ], [ 36.8535731, -1.358558 ], [ 36.8536504, -1.3586271 ], [ 36.8537154, -1.3587572 ], [ 36.8537601, -1.3588629 ], [ 36.8538008, -1.3589604 ], [ 36.8538496, -1.359062 ], [ 36.8539309, -1.3592368 ], [ 36.853939, -1.3592856 ], [ 36.8539715, -1.359375 ], [ 36.853939, -1.3595457 ], [ 36.8539155, -1.3596125 ], [ 36.8538667, -1.3596489 ], [ 36.8537698, -1.3596326 ], [ 36.8537176, -1.3595908 ], [ 36.8537056, -1.3595044 ], [ 36.8536158, -1.3594154 ], [ 36.8534636, -1.3593441 ], [ 36.8533224, -1.3592279 ], [ 36.8532442, -1.3590644 ], [ 36.8532006, -1.3589729 ], [ 36.8531489, -1.3588721 ], [ 36.8530446, -1.3587653 ], [ 36.8528983, -1.35868 ], [ 36.8528129, -1.3586271 ], [ 36.8527072, -1.3585499 ], [ 36.852695, -1.3584605 ], [ 36.852695, -1.3584117 ], [ 36.8527458, -1.3582918 ] ] ] } },
{ "type": "Feature", "properties": { "id": "way/562248469", "name": "Eland Hollow", "name_en": "", "name_sw": "", "waterway": "", "covered": "", "width": "", "depth": "", "layer": "", "blockage": "", "tunnel": "", "natural_cl": "water", "water": "pond", "source": "", "adm0_pcode": "KEN", "adm0_name": "Kenya", "adm1_pcode": "KE047", "adm1_name": "Nairobi", "adm2_pcode": "KE047277", "adm2_name": "Langata", "adm3_pcode": "", "adm3_name": "", "adm4_pcode": "", "adm4_name": "", "name_latin": "Eland Hollow", "display_name": "Eland Hollow", "waterbody_type": "pond", "osm_id": "way/562248469", "model_source": "dams.geojson" }, "geometry": { "type": "Polygon", "coordinates": [ [ [ 36.8504088, -1.3465442 ], [ 36.8501847, -1.3464415 ], [ 36.8501053, -1.3464368 ], [ 36.8499605, -1.3463434 ], [ 36.8499371, -1.3462874 ], [ 36.8498811, -1.3461847 ], [ 36.8498531, -1.3460866 ], [ 36.849769, -1.3460213 ], [ 36.849713, -1.34604 ], [ 36.8496383, -1.3461193 ], [ 36.8495309, -1.3461053 ], [ 36.8496336, -1.346054 ], [ 36.8497363, -1.3459746 ], [ 36.8498297, -1.3459559 ], [ 36.8499605, -1.3460119 ], [ 36.8500399, -1.346166 ], [ 36.8501006, -1.346152 ], [ 36.850236, -1.3461287 ], [ 36.8503201, -1.3461287 ], [ 36.85033880000001, -1.3460493 ], [ 36.8503621, -1.3459326 ], [ 36.8504088, -1.3458719 ], [ 36.8504275, -1.3457785 ], [ 36.8504135, -1.3456758 ], [ 36.8503528, -1.3455497 ], [ 36.8503808, -1.3454984 ], [ 36.8504602, -1.3454564 ], [ 36.8505442, -1.3453583 ], [ 36.850689, -1.3452976 ], [ 36.8507637, -1.3452603 ], [ 36.8508852, -1.3452276 ], [ 36.8509505, -1.3451902 ], [ 36.8510159, -1.3451762 ], [ 36.8510813, -1.3452276 ], [ 36.8508198, -1.3461753 ], [ 36.850675, -1.3464368 ], [ 36.8506288, -1.3464652 ], [ 36.8505536, -1.3465115 ], [ 36.8504088, -1.3465442 ] ] ] } },
{ "type": "Feature", "properties": { "id": "way/1228202051", "name": "", "name_en": "", "name_sw": "", "waterway": "", "covered": "", "width": "", "depth": "", "layer": "", "blockage": "", "tunnel": "", "natural_cl": "water", "water": "pond", "source": "", "adm0_pcode": "KEN", "adm0_name": "Kenya", "adm1_pcode": "KE047", "adm1_name": "Nairobi", "adm2_pcode": "KE047277", "adm2_name": "Langata", "adm3_pcode": "", "adm3_name": "", "adm4_pcode": "", "adm4_name": "", "name_latin": "", "display_name": "(unnamed dam or water body)", "waterbody_type": "pond", "osm_id": "way/1228202051", "model_source": "dams.geojson" }, "geometry": { "type": "Polygon", "coordinates": [ [ [ 36.8456684, -1.3287722 ], [ 36.8457095, -1.3287036 ], [ 36.8457516, -1.3287036 ], [ 36.8458065, -1.3287237 ], [ 36.8458394, -1.3287823 ], [ 36.8458431, -1.3288573 ], [ 36.8457809, -1.3289085 ], [ 36.8457223, -1.3288865 ], [ 36.8456858, -1.3288225 ], [ 36.8456684, -1.3287722 ] ] ] } },
{ "type": "Feature", "properties": { "id": "way/369140627", "name": "", "name_en": "", "name_sw": "", "waterway": "", "covered": "", "width": "", "depth": "", "layer": "", "blockage": "", "tunnel": "", "natural_cl": "water", "water": "", "source": "", "adm0_pcode": "KEN", "adm0_name": "Kenya", "adm1_pcode": "KE047", "adm1_name": "Nairobi", "adm2_pcode": "KE047289", "adm2_name": "Starehe", "adm3_pcode": "", "adm3_name": "", "adm4_pcode": "", "adm4_name": "", "name_latin": "", "display_name": "(unnamed dam or water body)", "waterbody_type": "water", "osm_id": "way/369140627", "model_source": "dams.geojson" }, "geometry": { "type": "Polygon", "coordinates": [ [ [ 36.8407978, -1.3152535 ], [ 36.8407942, -1.315395 ], [ 36.8407376, -1.3153936 ], [ 36.8407412, -1.3152521 ], [ 36.8407978, -1.3152535 ] ] ] } },
{ "type": "Feature", "properties": { "id": "way/369136792", "name": "", "name_en": "", "name_sw": "", "waterway": "", "covered": "", "width": "", "depth": "", "layer": "", "blockage": "", "tunnel": "", "natural_cl": "water", "water": "", "source": "", "adm0_pcode": "KEN", "adm0_name": "Kenya", "adm1_pcode": "KE047", "adm1_name": "Nairobi", "adm2_pcode": "KE047289", "adm2_name": "Starehe", "adm3_pcode": "", "adm3_name": "", "adm4_pcode": "", "adm4_name": "", "name_latin": "", "display_name": "(unnamed dam or water body)", "waterbody_type": "water", "osm_id": "way/369136792", "model_source": "dams.geojson" }, "geometry": { "type": "Polygon", "coordinates": [ [ [ 36.8290083, -1.3127301 ], [ 36.8290754, -1.3127301 ], [ 36.8291116, -1.3127435 ], [ 36.8291425, -1.3127596 ], [ 36.8291733, -1.3127529 ], [ 36.8292363, -1.3127851 ], [ 36.8292551, -1.3128132 ], [ 36.8292243, -1.31284 ], [ 36.8290902, -1.3128239 ], [ 36.8290298, -1.3128172 ], [ 36.8289641, -1.3127931 ], [ 36.828956, -1.3127623 ], [ 36.8290083, -1.3127301 ] ] ] } },
{ "type": "Feature", "properties": { "id": "way/1330073401", "name": "", "name_en": "", "name_sw": "", "waterway": "", "covered": "", "width": "", "depth": "", "layer": "", "blockage": "", "tunnel": "", "natural_cl": "water", "water": "", "source": "", "adm0_pcode": "KEN", "adm0_name": "Kenya", "adm1_pcode": "KE047", "adm1_name": "Nairobi", "adm2_pcode": "KE047277", "adm2_name": "Langata", "adm3_pcode": "", "adm3_name": "", "adm4_pcode": "", "adm4_name": "", "name_latin": "", "display_name": "(unnamed dam or water body)", "waterbody_type": "water", "osm_id": "way/1330073401", "model_source": "dams.geojson" }, "geometry": { "type": "Polygon", "coordinates": [ [ [ 36.8205677, -1.2961398 ], [ 36.820594, -1.2961342 ], [ 36.820609, -1.2961135 ], [ 36.8206371, -1.2961117 ], [ 36.8206709, -1.2961098 ], [ 36.8206972, -1.2961342 ], [ 36.8207197, -1.296153 ], [ 36.8207197, -1.2961699 ], [ 36.8207404, -1.2962093 ], [ 36.8207554, -1.2962318 ], [ 36.8207779, -1.2962731 ], [ 36.820793, -1.2963088 ], [ 36.8208136, -1.2963519 ], [ 36.8208418, -1.296397 ], [ 36.8208681, -1.2964326 ], [ 36.8208737, -1.296472 ], [ 36.8208587, -1.2964908 ], [ 36.8208662, -1.2965227 ], [ 36.8208399, -1.2965471 ], [ 36.8208117, -1.2965565 ], [ 36.8207723, -1.2965696 ], [ 36.8207254, -1.2965321 ], [ 36.8206766, -1.2965133 ], [ 36.8206522, -1.2964664 ], [ 36.820639, -1.296442 ], [ 36.8206146, -1.2964026 ], [ 36.820594, -1.2963594 ], [ 36.8205714, -1.2963125 ], [ 36.8205527, -1.2962731 ], [ 36.820532, -1.296228 ], [ 36.8205151, -1.2961961 ], [ 36.8205057, -1.2961755 ], [ 36.8205207, -1.2961661 ], [ 36.8205677, -1.2961398 ] ] ] } },
{ "type": "Feature", "properties": { "id": "way/1330073402", "name": "", "name_en": "", "name_sw": "", "waterway": "", "covered": "", "width": "", "depth": "", "layer": "", "blockage": "", "tunnel": "", "natural_cl": "water", "water": "", "source": "", "adm0_pcode": "KEN", "adm0_name": "Kenya", "adm1_pcode": "KE047", "adm1_name": "Nairobi", "adm2_pcode": "KE047277", "adm2_name": "Langata", "adm3_pcode": "", "adm3_name": "", "adm4_pcode": "", "adm4_name": "", "name_latin": "", "display_name": "(unnamed dam or water body)", "waterbody_type": "water", "osm_id": "way/1330073402", "model_source": "dams.geojson" }, "geometry": { "type": "Polygon", "coordinates": [ [ [ 36.8207565, -1.2958166 ], [ 36.8208133, -1.2957977 ], [ 36.8209268, -1.2957528 ], [ 36.8209978, -1.2959467 ], [ 36.8210498, -1.2960791 ], [ 36.8210687, -1.2961595 ], [ 36.8209599, -1.2962683 ], [ 36.8208795, -1.296273 ], [ 36.8207943, -1.2961264 ], [ 36.8207044, -1.2959751 ], [ 36.8206713, -1.2959041 ], [ 36.820644, -1.295835 ], [ 36.8206571, -1.295819 ], [ 36.8207565, -1.2958166 ] ] ] } },
{ "type": "Feature", "properties": { "id": "way/100149227", "name": "", "name_en": "", "name_sw": "", "waterway": "", "covered": "", "width": "", "depth": "", "layer": "", "blockage": "", "tunnel": "", "natural_cl": "water", "water": "reservoir", "source": "", "adm0_pcode": "KEN", "adm0_name": "Kenya", "adm1_pcode": "KE047", "adm1_name": "Nairobi", "adm2_pcode": "KE047285", "adm2_name": "Embakasi East", "adm3_pcode": "", "adm3_name": "", "adm4_pcode": "", "adm4_name": "", "name_latin": "", "display_name": "(unnamed dam or water body)", "waterbody_type": "reservoir", "osm_id": "way/100149227", "model_source": "dams.geojson" }, "geometry": { "type": "Polygon", "coordinates": [ [ [ 36.9557974, -1.3251513 ], [ 36.9553039, -1.3254945 ], [ 36.9549177, -1.3258807 ], [ 36.9543812, -1.3262668 ], [ 36.95348, -1.3264813 ], [ 36.9530938, -1.3263312 ], [ 36.9526432, -1.32661 ], [ 36.9522365, -1.3269104 ], [ 36.9525573, -1.3263526 ], [ 36.9532011, -1.3260737 ], [ 36.9536731, -1.3260308 ], [ 36.9540594, -1.3257305 ], [ 36.9545958, -1.3251942 ], [ 36.9550893, -1.3247223 ], [ 36.9554112, -1.3244434 ], [ 36.9557974, -1.3251513 ] ] ] } },
{ "type": "Feature", "properties": { "id": "way/25592102", "name": "", "name_en": "", "name_sw": "", "waterway": "", "covered": "", "width": "", "depth": "", "layer": "", "blockage": "", "tunnel": "", "natural_cl": "water", "water": "", "source": "", "adm0_pcode": "KEN", "adm0_name": "Kenya", "adm1_pcode": "KE047", "adm1_name": "Nairobi", "adm2_pcode": "KE047285", "adm2_name": "Embakasi East", "adm3_pcode": "", "adm3_name": "", "adm4_pcode": "", "adm4_name": "", "name_latin": "", "display_name": "(unnamed dam or water body)", "waterbody_type": "water", "osm_id": "way/25592102", "model_source": "dams.geojson" }, "geometry": { "type": "Polygon", "coordinates": [ [ [ 36.95832450000001, -1.3210225 ], [ 36.958479, -1.3209538 ], [ 36.9586421, -1.3209624 ], [ 36.9588395, -1.3209881 ], [ 36.9590112, -1.3209452 ], [ 36.9592086, -1.3208423 ], [ 36.9594403, -1.3207565 ], [ 36.9595262, -1.320602 ], [ 36.9595605, -1.3204304 ], [ 36.9596721, -1.3202245 ], [ 36.9598609, -1.3200357 ], [ 36.9600755, -1.3198726 ], [ 36.9603072, -1.3197354 ], [ 36.9604789, -1.319641 ], [ 36.9606162, -1.3195294 ], [ 36.9607707, -1.3193578 ], [ 36.960848, -1.319272 ], [ 36.9614917, -1.3201043 ], [ 36.9613029, -1.3201816 ], [ 36.961114, -1.3202073 ], [ 36.9608823, -1.3202416 ], [ 36.9606763, -1.3202245 ], [ 36.9605132, -1.3202159 ], [ 36.9603416, -1.3202416 ], [ 36.9601699, -1.3203274 ], [ 36.9600755, -1.320439 ], [ 36.9599467, -1.3206535 ], [ 36.9598695, -1.3208423 ], [ 36.9597407, -1.3209967 ], [ 36.9595862, -1.321134 ], [ 36.9594146, -1.3211941 ], [ 36.9591914, -1.3211855 ], [ 36.9590112, -1.3211254 ], [ 36.9588395, -1.3211254 ], [ 36.9586764, -1.3210997 ], [ 36.9585219, -1.3211083 ], [ 36.9583674, -1.3211941 ], [ 36.95823870000001, -1.3212885 ], [ 36.9581529, -1.3213571 ], [ 36.9580928, -1.3212971 ], [ 36.9582215, -1.3211512 ], [ 36.95832450000001, -1.3210225 ] ] ] } },
{ "type": "Feature", "properties": { "id": "way/1280817832", "name": "", "name_en": "", "name_sw": "", "waterway": "", "covered": "", "width": "", "depth": "", "layer": "", "blockage": "", "tunnel": "", "natural_cl": "water", "water": "wastewater", "source": "", "adm0_pcode": "KEN", "adm0_name": "Kenya", "adm1_pcode": "KE047", "adm1_name": "Nairobi", "adm2_pcode": "KE047287", "adm2_name": "Makadara", "adm3_pcode": "", "adm3_name": "", "adm4_pcode": "", "adm4_name": "", "name_latin": "", "display_name": "(unnamed dam or water body)", "waterbody_type": "wastewater", "osm_id": "way/1280817832", "model_source": "dams.geojson" }, "geometry": { "type": "Polygon", "coordinates": [ [ [ 36.8701262, -1.3127446 ], [ 36.8701369, -1.3127927 ], [ 36.8701283, -1.3128188 ], [ 36.8701103, -1.3128426 ], [ 36.8700944, -1.3128314 ], [ 36.8700879, -1.3128132 ], [ 36.8700832, -1.3127493 ], [ 36.8700977, -1.3127268 ], [ 36.8701262, -1.3127446 ] ] ] } },
{ "type": "Feature", "properties": { "id": "way/77517747", "name": "", "name_en": "", "name_sw": "", "waterway": "", "covered": "", "width": "", "depth": "", "layer": "", "blockage": "", "tunnel": "", "natural_cl": "water", "water": "", "source": "", "adm0_pcode": "KEN", "adm0_name": "Kenya", "adm1_pcode": "KE047", "adm1_name": "Nairobi", "adm2_pcode": "KE047282", "adm2_name": "Embakasi South", "adm3_pcode": "", "adm3_name": "", "adm4_pcode": "", "adm4_name": "", "name_latin": "", "display_name": "(unnamed dam or water body)", "waterbody_type": "water", "osm_id": "way/77517747", "model_source": "dams.geojson" }, "geometry": { "type": "Polygon", "coordinates": [ [ [ 36.8834206, -1.3102157 ], [ 36.8836186, -1.3099748 ], [ 36.8837727, -1.309866 ], [ 36.8839149, -1.3098546 ], [ 36.884089, -1.3099224 ], [ 36.8842108, -1.3100664 ], [ 36.884133, -1.3102368 ], [ 36.8840029, -1.310356 ], [ 36.8835751, -1.3103901 ], [ 36.8834319, -1.3105521 ], [ 36.883258, -1.3109821 ], [ 36.8829784, -1.310862 ], [ 36.8829275, -1.3107472 ], [ 36.8827628, -1.310641 ], [ 36.8829346, -1.31042 ], [ 36.8834206, -1.3102157 ] ] ] } },
{ "type": "Feature", "properties": { "id": "way/1453282907", "name": "", "name_en": "", "name_sw": "", "waterway": "", "covered": "", "width": "", "depth": "", "layer": "", "blockage": "", "tunnel": "", "natural_cl": "water", "water": "", "source": "", "adm0_pcode": "KEN", "adm0_name": "Kenya", "adm1_pcode": "KE047", "adm1_name": "Nairobi", "adm2_pcode": "KE047285", "adm2_name": "Embakasi East", "adm3_pcode": "", "adm3_name": "", "adm4_pcode": "", "adm4_name": "", "name_latin": "", "display_name": "(unnamed dam or water body)", "waterbody_type": "water", "osm_id": "way/1453282907", "model_source": "dams.geojson" }, "geometry": { "type": "Polygon", "coordinates": [ [ [ 36.9138005, -1.2917655 ], [ 36.9139212, -1.2916949 ], [ 36.914083, -1.2915514 ], [ 36.9142219, -1.291401 ], [ 36.9142925, -1.2914739 ], [ 36.9143518, -1.2915286 ], [ 36.9144064, -1.2915104 ], [ 36.9144611, -1.2916379 ], [ 36.9145568, -1.2918111 ], [ 36.9145773, -1.2918862 ], [ 36.9144907, -1.2919705 ], [ 36.9143882, -1.2920092 ], [ 36.9143153, -1.2921004 ], [ 36.9142492, -1.2921482 ], [ 36.9141331, -1.2921323 ], [ 36.9140192, -1.2920275 ], [ 36.9139121, -1.2920297 ], [ 36.913805, -1.2920821 ], [ 36.9136023, -1.2920616 ], [ 36.913518, -1.2920753 ], [ 36.9133791, -1.2921231 ], [ 36.9132925, -1.2920821 ], [ 36.9134451, -1.292007 ], [ 36.9135294, -1.291925 ], [ 36.9136046, -1.2918771 ], [ 36.9138005, -1.2917655 ] ] ] } },
{ "type": "Feature", "properties": { "id": "way/1388148047", "name": "", "name_en": "", "name_sw": "", "waterway": "", "covered": "", "width": "", "depth": "", "layer": "", "blockage": "", "tunnel": "", "natural_cl": "water", "water": "", "source": "", "adm0_pcode": "KEN", "adm0_name": "Kenya", "adm1_pcode": "KE047", "adm1_name": "Nairobi", "adm2_pcode": "KE047285", "adm2_name": "Embakasi East", "adm3_pcode": "", "adm3_name": "", "adm4_pcode": "", "adm4_name": "", "name_latin": "", "display_name": "(unnamed dam or water body)", "waterbody_type": "water", "osm_id": "way/1388148047", "model_source": "dams.geojson" }, "geometry": { "type": "Polygon", "coordinates": [ [ [ 36.9169196, -1.2907515 ], [ 36.9169896, -1.2907398 ], [ 36.917055, -1.2907608 ], [ 36.9171204, -1.2907795 ], [ 36.9172628, -1.2908636 ], [ 36.9173795, -1.2909476 ], [ 36.9174543, -1.2910667 ], [ 36.91748, -1.2911484 ], [ 36.9174823, -1.2912511 ], [ 36.9174473, -1.2914378 ], [ 36.9174169, -1.2915756 ], [ 36.9173749, -1.2916689 ], [ 36.9173025, -1.2917343 ], [ 36.9171717, -1.2918814 ], [ 36.917125, -1.2919397 ], [ 36.9170993, -1.2919631 ], [ 36.9170153, -1.2919584 ], [ 36.9169452, -1.2919117 ], [ 36.9168799, -1.291865 ], [ 36.9167678, -1.291851 ], [ 36.9166907, -1.2918697 ], [ 36.9166323, -1.2919514 ], [ 36.9165623, -1.2920845 ], [ 36.9165133, -1.2922152 ], [ 36.9164619, -1.2923179 ], [ 36.9163942, -1.2924393 ], [ 36.9163825, -1.292542 ], [ 36.9164385, -1.2926564 ], [ 36.9164922, -1.2927171 ], [ 36.9164782, -1.2927544 ], [ 36.9164315, -1.2927964 ], [ 36.9163918, -1.2927848 ], [ 36.9163732, -1.2927614 ], [ 36.9163335, -1.2927077 ], [ 36.9162634, -1.2926634 ], [ 36.9161934, -1.2926074 ], [ 36.9160696, -1.2924883 ], [ 36.9160346, -1.2924089 ], [ 36.9159879, -1.2923389 ], [ 36.9159435, -1.2923156 ], [ 36.9159132, -1.2922759 ], [ 36.9159085, -1.2921965 ], [ 36.9159412, -1.2921615 ], [ 36.9159785, -1.2921498 ], [ 36.916018200000011, -1.2921381 ], [ 36.9160486, -1.2920938 ], [ 36.9160649, -1.2920284 ], [ 36.9161116, -1.2919514 ], [ 36.9161794, -1.2919257 ], [ 36.9162424, -1.2919397 ], [ 36.9163078, -1.2919561 ], [ 36.9163498, -1.2919327 ], [ 36.9165833, -1.2916643 ], [ 36.9167468, -1.2915102 ], [ 36.9167818, -1.2914705 ], [ 36.9167841, -1.2914285 ], [ 36.9167608, -1.2913748 ], [ 36.9167398, -1.2913164 ], [ 36.9167491, -1.2912604 ], [ 36.9167795, -1.2911974 ], [ 36.9167748, -1.2911203 ], [ 36.9167304, -1.2910456 ], [ 36.9167117, -1.2909756 ], [ 36.9167444, -1.2909102 ], [ 36.9168332, -1.2908052 ], [ 36.9169196, -1.2907515 ] ] ] } },
{ "type": "Feature", "properties": { "id": "way/1453282908", "name": "", "name_en": "", "name_sw": "", "waterway": "", "covered": "", "width": "", "depth": "", "layer": "", "blockage": "", "tunnel": "", "natural_cl": "water", "water": "", "source": "", "adm0_pcode": "KEN", "adm0_name": "Kenya", "adm1_pcode": "KE047", "adm1_name": "Nairobi", "adm2_pcode": "KE047285", "adm2_name": "Embakasi East", "adm3_pcode": "", "adm3_name": "", "adm4_pcode": "", "adm4_name": "", "name_latin": "", "display_name": "(unnamed dam or water body)", "waterbody_type": "water", "osm_id": "way/1453282908", "model_source": "dams.geojson" }, "geometry": { "type": "Polygon", "coordinates": [ [ [ 36.9163769, -1.2924056 ], [ 36.9164088, -1.292597 ], [ 36.9164635, -1.2927291 ], [ 36.9163997, -1.2928157 ], [ 36.9163268, -1.2926881 ], [ 36.9161947, -1.2926243 ], [ 36.9161081, -1.2924557 ], [ 36.9159851, -1.2922917 ], [ 36.9159304, -1.2922507 ], [ 36.9159987, -1.2921505 ], [ 36.9161218, -1.292073 ], [ 36.9161263, -1.2919546 ], [ 36.9162994, -1.2918999 ], [ 36.916345, -1.2919728 ], [ 36.9167642, -1.2914489 ], [ 36.9167277, -1.2912621 ], [ 36.9167915, -1.2910798 ], [ 36.9167186, -1.2909158 ], [ 36.916992, -1.2907017 ], [ 36.9173337, -1.2908976 ], [ 36.9174384, -1.2912575 ], [ 36.9173747, -1.2916539 ], [ 36.9172289, -1.2917906 ], [ 36.9170421, -1.2919637 ], [ 36.9169008, -1.2919409 ], [ 36.9167232, -1.2918452 ], [ 36.9165774, -1.2920639 ], [ 36.9164999, -1.2921459 ], [ 36.9163769, -1.2924056 ] ] ] } },
{ "type": "Feature", "properties": { "id": "way/1453282906", "name": "", "name_en": "", "name_sw": "", "waterway": "", "covered": "", "width": "", "depth": "", "layer": "", "blockage": "", "tunnel": "", "natural_cl": "water", "water": "", "source": "", "adm0_pcode": "KEN", "adm0_name": "Kenya", "adm1_pcode": "KE047", "adm1_name": "Nairobi", "adm2_pcode": "KE047285", "adm2_name": "Embakasi East", "adm3_pcode": "", "adm3_name": "", "adm4_pcode": "", "adm4_name": "", "name_latin": "", "display_name": "(unnamed dam or water body)", "waterbody_type": "water", "osm_id": "way/1453282906", "model_source": "dams.geojson" }, "geometry": { "type": "Polygon", "coordinates": [ [ [ 36.9152721, -1.2916675 ], [ 36.9150147, -1.2916767 ], [ 36.9149577, -1.2916357 ], [ 36.9150557, -1.2915445 ], [ 36.9151559, -1.2914807 ], [ 36.9151969, -1.291401 ], [ 36.9151149, -1.2913532 ], [ 36.9150853, -1.2914739 ], [ 36.9149623, -1.291565 ], [ 36.9148689, -1.2916197 ], [ 36.9148825, -1.2916926 ], [ 36.9147982, -1.2917792 ], [ 36.9147026, -1.2917814 ], [ 36.9146935, -1.2916744 ], [ 36.9146069, -1.2915855 ], [ 36.9145522, -1.2915605 ], [ 36.9146092, -1.2914694 ], [ 36.9146525, -1.29136 ], [ 36.9147322, -1.2913236 ], [ 36.9147982, -1.2912302 ], [ 36.9148028, -1.2911459 ], [ 36.9148711, -1.2910684 ], [ 36.9150511, -1.2909887 ], [ 36.9151468, -1.2909864 ], [ 36.9152994, -1.2912438 ], [ 36.9153951, -1.2913987 ], [ 36.9154748, -1.2915377 ], [ 36.9154019, -1.2916288 ], [ 36.9152721, -1.2916675 ] ] ] } },
{ "type": "Feature", "properties": { "id": "way/1453282920", "name": "", "name_en": "", "name_sw": "", "waterway": "", "covered": "", "width": "", "depth": "", "layer": "", "blockage": "", "tunnel": "", "natural_cl": "water", "water": "", "source": "", "adm0_pcode": "KEN", "adm0_name": "Kenya", "adm1_pcode": "KE047", "adm1_name": "Nairobi", "adm2_pcode": "KE047285", "adm2_name": "Embakasi East", "adm3_pcode": "", "adm3_name": "", "adm4_pcode": "", "adm4_name": "", "name_latin": "", "display_name": "(unnamed dam or water body)", "waterbody_type": "water", "osm_id": "way/1453282920", "model_source": "dams.geojson" }, "geometry": { "type": "Polygon", "coordinates": [ [ [ 36.9218988, -1.2767649 ], [ 36.9217439, -1.2765416 ], [ 36.9215525, -1.27625 ], [ 36.9214295, -1.2758537 ], [ 36.9214386, -1.2756532 ], [ 36.9216755, -1.2755666 ], [ 36.9218714, -1.2754892 ], [ 36.9220309, -1.2753844 ], [ 36.9222177, -1.275275 ], [ 36.9222131, -1.2751247 ], [ 36.9218077, -1.2751566 ], [ 36.9217165, -1.2750609 ], [ 36.9214568, -1.2748923 ], [ 36.9213612, -1.2747101 ], [ 36.9214796, -1.2745506 ], [ 36.9217211, -1.2743137 ], [ 36.921835, -1.2742226 ], [ 36.9220491, -1.2743638 ], [ 36.922286, -1.2743228 ], [ 36.9223134, -1.2744869 ], [ 36.9226232, -1.2748422 ], [ 36.9229877, -1.2751019 ], [ 36.9232656, -1.2752659 ], [ 36.9230469, -1.2756714 ], [ 36.9228738, -1.2760723 ], [ 36.922769, -1.2763093 ], [ 36.9225731, -1.2766327 ], [ 36.9223908, -1.2768742 ], [ 36.9222951, -1.2770473 ], [ 36.9218988, -1.2767649 ] ] ] } },
{ "type": "Feature", "properties": { "id": "way/123657576", "name": "", "name_en": "", "name_sw": "", "waterway": "", "covered": "", "width": "", "depth": "", "layer": "", "blockage": "", "tunnel": "", "natural_cl": "water", "water": "reservoir", "source": "", "adm0_pcode": "KEN", "adm0_name": "Kenya", "adm1_pcode": "KE047", "adm1_name": "Nairobi", "adm2_pcode": "KE047288", "adm2_name": "Kamukunji", "adm3_pcode": "", "adm3_name": "", "adm4_pcode": "", "adm4_name": "", "name_latin": "", "display_name": "(unnamed dam or water body)", "waterbody_type": "reservoir", "osm_id": "way/123657576", "model_source": "dams.geojson" }, "geometry": { "type": "Polygon", "coordinates": [ [ [ 36.8629694, -1.2712199 ], [ 36.8629607, -1.2714826 ], [ 36.8628183, -1.2714778 ], [ 36.862827, -1.2712152 ], [ 36.8629694, -1.2712199 ] ] ] } },
{ "type": "Feature", "properties": { "id": "way/1471885177", "name": "", "name_en": "", "name_sw": "", "waterway": "", "covered": "", "width": "", "depth": "", "layer": "", "blockage": "", "tunnel": "", "natural_cl": "water", "water": "", "source": "", "adm0_pcode": "KEN", "adm0_name": "Kenya", "adm1_pcode": "KE047", "adm1_name": "Nairobi", "adm2_pcode": "KE047278", "adm2_name": "Kibra", "adm3_pcode": "", "adm3_name": "", "adm4_pcode": "", "adm4_name": "", "name_latin": "", "display_name": "(unnamed dam or water body)", "waterbody_type": "water", "osm_id": "way/1471885177", "model_source": "dams.geojson" }, "geometry": { "type": "Polygon", "coordinates": [ [ [ 36.7989277, -1.3019732 ], [ 36.7988913, -1.3019277 ], [ 36.7988913, -1.301857 ], [ 36.79893, -1.3018069 ], [ 36.799012, -1.3018343 ], [ 36.7991009, -1.3019049 ], [ 36.799176, -1.3019618 ], [ 36.7991806, -1.3020165 ], [ 36.79911, -1.3020689 ], [ 36.7989277, -1.3019732 ] ] ] } },
{ "type": "Feature", "properties": { "id": "way/1471885179", "name": "", "name_en": "", "name_sw": "", "waterway": "", "covered": "", "width": "", "depth": "", "layer": "", "blockage": "", "tunnel": "", "natural_cl": "water", "water": "", "source": "", "adm0_pcode": "KEN", "adm0_name": "Kenya", "adm1_pcode": "KE047", "adm1_name": "Nairobi", "adm2_pcode": "KE047278", "adm2_name": "Kibra", "adm3_pcode": "", "adm3_name": "", "adm4_pcode": "", "adm4_name": "", "name_latin": "", "display_name": "(unnamed dam or water body)", "waterbody_type": "water", "osm_id": "way/1471885179", "model_source": "dams.geojson" }, "geometry": { "type": "Polygon", "coordinates": [ [ [ 36.7964356, -1.3017887 ], [ 36.7964219, -1.3017318 ], [ 36.796431, -1.3016725 ], [ 36.7964743, -1.3016771 ], [ 36.7965381, -1.3016406 ], [ 36.7965654, -1.3015951 ], [ 36.7966269, -1.3015404 ], [ 36.7966657, -1.3015632 ], [ 36.7967317, -1.3015951 ], [ 36.7967545, -1.3016497 ], [ 36.7967249, -1.3017067 ], [ 36.7966042, -1.3017682 ], [ 36.7964857, -1.3018365 ], [ 36.7964356, -1.3017887 ] ] ] } },
{ "type": "Feature", "properties": { "id": "way/1281837087", "name": "Fountain", "name_en": "", "name_sw": "", "waterway": "", "covered": "", "width": "", "depth": "", "layer": "", "blockage": "", "tunnel": "", "natural_cl": "water", "water": "pond", "source": "", "adm0_pcode": "KEN", "adm0_name": "Kenya", "adm1_pcode": "KE047", "adm1_name": "Nairobi", "adm2_pcode": "KE047275", "adm2_name": "Kilimani", "adm3_pcode": "", "adm3_name": "", "adm4_pcode": "", "adm4_name": "", "name_latin": "Fountain", "display_name": "Fountain", "waterbody_type": "pond", "osm_id": "way/1281837087", "model_source": "dams.geojson" }, "geometry": { "type": "Polygon", "coordinates": [ [ [ 36.8157364, -1.2902673 ], [ 36.8156798, -1.2902571 ], [ 36.81566, -1.2903413 ], [ 36.8156056, -1.2903611 ], [ 36.815566, -1.2903858 ], [ 36.8154942, -1.2904081 ], [ 36.8154001, -1.2904576 ], [ 36.8153634, -1.2905122 ], [ 36.8153184, -1.2905566 ], [ 36.8152615, -1.2905838 ], [ 36.8152442, -1.2906283 ], [ 36.8152516, -1.2907026 ], [ 36.8152764, -1.2907917 ], [ 36.815358, -1.2909327 ], [ 36.8154348, -1.2909773 ], [ 36.8155016, -1.2910193 ], [ 36.8155511, -1.2910589 ], [ 36.8156576, -1.2911158 ], [ 36.8157374, -1.2911463 ], [ 36.8158062, -1.2911418 ], [ 36.8158333, -1.2911302 ], [ 36.8159298, -1.2910787 ], [ 36.8160363, -1.291054 ], [ 36.8161109, -1.2910315 ], [ 36.8161353, -1.2910812 ], [ 36.8160982, -1.2910985 ], [ 36.816028, -1.2911125 ], [ 36.8159719, -1.2911356 ], [ 36.815868, -1.2911827 ], [ 36.815764, -1.2911975 ], [ 36.815719, -1.2911891 ], [ 36.8156328, -1.2911752 ], [ 36.8155412, -1.2911332 ], [ 36.8154744, -1.2910762 ], [ 36.8154051, -1.2910169 ], [ 36.815358, -1.2909921 ], [ 36.815275, -1.2909397 ], [ 36.8152293, -1.2908461 ], [ 36.8151622, -1.2906994 ], [ 36.8151724, -1.2906754 ], [ 36.8151897, -1.2906036 ], [ 36.815212, -1.2905516 ], [ 36.8152615, -1.290512 ], [ 36.8153036, -1.2904799 ], [ 36.8153036, -1.2904403 ], [ 36.8153605, -1.2904106 ], [ 36.8153877, -1.2904007 ], [ 36.8154793, -1.2903437 ], [ 36.8155239, -1.2903116 ], [ 36.8155932, -1.2902893 ], [ 36.8156452, -1.2902175 ], [ 36.8156823, -1.2901854 ], [ 36.8157516, -1.2901903 ], [ 36.8157364, -1.2902673 ] ] ] } },
{ "type": "Feature", "properties": { "id": "way/1281837086", "name": "", "name_en": "", "name_sw": "", "waterway": "", "covered": "", "width": "", "depth": "", "layer": "", "blockage": "", "tunnel": "", "natural_cl": "water", "water": "pond", "source": "", "adm0_pcode": "KEN", "adm0_name": "Kenya", "adm1_pcode": "KE047", "adm1_name": "Nairobi", "adm2_pcode": "KE047275", "adm2_name": "Kilimani", "adm3_pcode": "", "adm3_name": "", "adm4_pcode": "", "adm4_name": "", "name_latin": "", "display_name": "(unnamed dam or water body)", "waterbody_type": "pond", "osm_id": "way/1281837086", "model_source": "dams.geojson" }, "geometry": { "type": "Polygon", "coordinates": [ [ [ 36.8158209, -1.2901532 ], [ 36.8158556, -1.290225 ], [ 36.8157788, -1.2902646 ], [ 36.8159026, -1.2905368 ], [ 36.8159595, -1.2905021 ], [ 36.8159793, -1.2905516 ], [ 36.8159348, -1.2905838 ], [ 36.8161402, -1.2909872 ], [ 36.816217, -1.290955 ], [ 36.8162442, -1.2910193 ], [ 36.8161353, -1.2910812 ], [ 36.8161109, -1.2910315 ], [ 36.8157364, -1.2902673 ], [ 36.8157095, -1.2902126 ], [ 36.8157516, -1.2901903 ], [ 36.8158209, -1.2901532 ] ] ] } },
{ "type": "Feature", "properties": { "id": "way/1281837108", "name": "", "name_en": "", "name_sw": "", "waterway": "", "covered": "", "width": "", "depth": "", "layer": "", "blockage": "", "tunnel": "", "natural_cl": "water", "water": "river", "source": "", "adm0_pcode": "KEN", "adm0_name": "Kenya", "adm1_pcode": "KE047", "adm1_name": "Nairobi", "adm2_pcode": "KE047275", "adm2_name": "Kilimani", "adm3_pcode": "", "adm3_name": "", "adm4_pcode": "", "adm4_name": "", "name_latin": "", "display_name": "(unnamed dam or water body)", "waterbody_type": "river", "osm_id": "way/1281837108", "model_source": "dams.geojson" }, "geometry": { "type": "Polygon", "coordinates": [ [ [ 36.8169019, -1.2901372 ], [ 36.8168912, -1.2901928 ], [ 36.8166544, -1.2901448 ], [ 36.8166711, -1.2900872 ], [ 36.8169019, -1.2901372 ] ] ] } },
{ "type": "Feature", "properties": { "id": "relation/2315587", "name": "Boating Pond", "name_en": "", "name_sw": "", "waterway": "", "covered": "", "width": "", "depth": "", "layer": "", "blockage": "", "tunnel": "", "natural_cl": "water", "water": "pond", "source": "", "adm0_pcode": "KEN", "adm0_name": "Kenya", "adm1_pcode": "KE047", "adm1_name": "Nairobi", "adm2_pcode": "KE047289", "adm2_name": "Starehe", "adm3_pcode": "", "adm3_name": "", "adm4_pcode": "", "adm4_name": "", "name_latin": "Boating Pond", "display_name": "Boating Pond", "waterbody_type": "pond", "osm_id": "relation/2315587", "model_source": "dams.geojson" }, "geometry": { "type": "Polygon", "coordinates": [ [ [ 36.8174407, -1.2904722 ], [ 36.8174398, -1.2905637 ], [ 36.8174762, -1.2906554 ], [ 36.8174931, -1.290748 ], [ 36.8174459, -1.2908361 ], [ 36.8173409, -1.2908919 ], [ 36.8171916, -1.2909533 ], [ 36.8169884, -1.2909843 ], [ 36.8168564, -1.2909685 ], [ 36.8167594, -1.2908366 ], [ 36.8167768, -1.2906936 ], [ 36.8168264, -1.290528 ], [ 36.8168912, -1.2901928 ], [ 36.8169019, -1.2901372 ], [ 36.8169234, -1.290026 ], [ 36.8168373, -1.2899426 ], [ 36.816734, -1.2898794 ], [ 36.8166448, -1.2896738 ], [ 36.8165189, -1.289348 ], [ 36.8165387, -1.2892572 ], [ 36.8166185, -1.2891815 ], [ 36.8167638, -1.2891513 ], [ 36.8169635, -1.2891715 ], [ 36.8170958, -1.2892267 ], [ 36.8171662, -1.2893296 ], [ 36.817225, -1.2894771 ], [ 36.8173103, -1.2895989 ], [ 36.8174706, -1.2897157 ], [ 36.8175415, -1.2899177 ], [ 36.8175249, -1.2901293 ], [ 36.8174407, -1.2904722 ] ], [ [ 36.8168034, -1.2897591 ], [ 36.8168133, -1.2898267 ], [ 36.816883, -1.2898673 ], [ 36.8169687, -1.2898544 ], [ 36.8170736, -1.2897675 ], [ 36.8171624, -1.2897077 ], [ 36.8172014, -1.2896431 ], [ 36.8171555, -1.2895361 ], [ 36.8170658, -1.2894805 ], [ 36.8169833, -1.2894927 ], [ 36.8168905, -1.2895482 ], [ 36.8168413, -1.2895891 ], [ 36.8168353, -1.2896444 ], [ 36.8168034, -1.2897591 ] ] ] } },
{ "type": "Feature", "properties": { "id": "way/1281827274", "name": "Lily Lake", "name_en": "", "name_sw": "", "waterway": "", "covered": "", "width": "", "depth": "", "layer": "", "blockage": "", "tunnel": "", "natural_cl": "water", "water": "lake", "source": "", "adm0_pcode": "KEN", "adm0_name": "Kenya", "adm1_pcode": "KE047", "adm1_name": "Nairobi", "adm2_pcode": "KE047275", "adm2_name": "Kilimani", "adm3_pcode": "", "adm3_name": "", "adm4_pcode": "", "adm4_name": "", "name_latin": "Lily Lake", "display_name": "Lily Lake", "waterbody_type": "lake", "osm_id": "way/1281827274", "model_source": "dams.geojson" }, "geometry": { "type": "Polygon", "coordinates": [ [ [ 36.8166544, -1.2901448 ], [ 36.8166522, -1.2901522 ], [ 36.8166313, -1.2902236 ], [ 36.8165977, -1.290276 ], [ 36.8165284, -1.2902928 ], [ 36.8164319, -1.2902655 ], [ 36.8163564, -1.2902467 ], [ 36.8163102, -1.2902089 ], [ 36.816262, -1.2901564 ], [ 36.8162137, -1.2900809 ], [ 36.8161717, -1.2900054 ], [ 36.8161423, -1.2899551 ], [ 36.8161402, -1.2898858 ], [ 36.8161486, -1.2898313 ], [ 36.8161843, -1.2898061 ], [ 36.8162452, -1.2898061 ], [ 36.8163396, -1.2898271 ], [ 36.8164613, -1.2898565 ], [ 36.8165452, -1.2898795 ], [ 36.8166229, -1.2899089 ], [ 36.8166564, -1.2899362 ], [ 36.8166837, -1.2899676 ], [ 36.8166858, -1.2899991 ], [ 36.8166711, -1.2900872 ], [ 36.8166544, -1.2901448 ] ] ] } },
{ "type": "Feature", "properties": { "id": "relation/17649128", "name": "", "name_en": "", "name_sw": "", "waterway": "", "covered": "", "width": "", "depth": "", "layer": "", "blockage": "", "tunnel": "", "natural_cl": "water", "water": "pond", "source": "", "adm0_pcode": "KEN", "adm0_name": "Kenya", "adm1_pcode": "KE047", "adm1_name": "Nairobi", "adm2_pcode": "KE047289", "adm2_name": "Starehe", "adm3_pcode": "", "adm3_name": "", "adm4_pcode": "", "adm4_name": "", "name_latin": "", "display_name": "(unnamed dam or water body)", "waterbody_type": "pond", "osm_id": "relation/17649128", "model_source": "dams.geojson" }, "geometry": { "type": "Polygon", "coordinates": [ [ [ 36.8178552, -1.2898869 ], [ 36.817848, -1.2898932 ], [ 36.8178412, -1.2898964 ], [ 36.8178331, -1.2898956 ], [ 36.8178235, -1.289876 ], [ 36.8178115, -1.2898835 ], [ 36.8177977, -1.2898867 ], [ 36.8177836, -1.2898853 ], [ 36.8177706, -1.2898793 ], [ 36.8177602, -1.2898694 ], [ 36.8177429, -1.2898901 ], [ 36.8177319, -1.2898853 ], [ 36.8177265, -1.2898804 ], [ 36.8177225, -1.2898723 ], [ 36.8177204, -1.2898663 ], [ 36.8177221, -1.2898596 ], [ 36.8177526, -1.2898499 ], [ 36.8177516, -1.2898424 ], [ 36.8177543, -1.2898283 ], [ 36.8177615, -1.2898159 ], [ 36.8177723, -1.2898065 ], [ 36.8177785, -1.289804 ], [ 36.8177676, -1.2897751 ], [ 36.8177774, -1.2897681 ], [ 36.8177843, -1.289766 ], [ 36.8177933, -1.2897667 ], [ 36.8177996, -1.2897681 ], [ 36.8178045, -1.289773 ], [ 36.8178, -1.2898005 ], [ 36.8178136, -1.2898045 ], [ 36.8178252, -1.2898126 ], [ 36.8178336, -1.289824 ], [ 36.8178378, -1.2898375 ], [ 36.8178374, -1.2898517 ], [ 36.8178616, -1.289872 ], [ 36.8178602, -1.2898787 ], [ 36.8178552, -1.2898869 ] ] ] } },
{ "type": "Feature", "properties": { "id": "way/1281827282", "name": "", "name_en": "", "name_sw": "", "waterway": "", "covered": "", "width": "", "depth": "", "layer": "", "blockage": "", "tunnel": "", "natural_cl": "water", "water": "river", "source": "", "adm0_pcode": "KEN", "adm0_name": "Kenya", "adm1_pcode": "KE047", "adm1_name": "Nairobi", "adm2_pcode": "KE047275", "adm2_name": "Kilimani", "adm3_pcode": "", "adm3_name": "", "adm4_pcode": "", "adm4_name": "", "name_latin": "", "display_name": "(unnamed dam or water body)", "waterbody_type": "river", "osm_id": "way/1281827282", "model_source": "dams.geojson" }, "geometry": { "type": "Polygon", "coordinates": [ [ [ 36.814959, -1.2883565 ], [ 36.8151098, -1.2883292 ], [ 36.8153219, -1.2883292 ], [ 36.8155469, -1.2883453 ], [ 36.8157269, -1.2883774 ], [ 36.8160322, -1.288461 ], [ 36.8162893, -1.2885574 ], [ 36.816495, -1.2886248 ], [ 36.8165811, -1.2886846 ], [ 36.8165427, -1.2887508 ], [ 36.8164821, -1.288763 ], [ 36.816395300000011, -1.2887051 ], [ 36.8163061, -1.2886746 ], [ 36.8161414, -1.2886184 ], [ 36.8159358, -1.2885477 ], [ 36.8157301, -1.2884931 ], [ 36.8155726, -1.2884513 ], [ 36.8153766, -1.2884288 ], [ 36.8151613, -1.2884256 ], [ 36.8149963, -1.2884341 ], [ 36.814959, -1.2883565 ] ] ] } },
{ "type": "Feature", "properties": { "id": "way/619163045", "name": "Thoma's Njeru pool", "name_en": "", "name_sw": "", "waterway": "", "covered": "", "width": "", "depth": "", "layer": "", "blockage": "", "tunnel": "", "natural_cl": "water", "water": "pond", "source": "", "adm0_pcode": "KEN", "adm0_name": "Kenya", "adm1_pcode": "KE047", "adm1_name": "Nairobi", "adm2_pcode": "KE047275", "adm2_name": "Kilimani", "adm3_pcode": "", "adm3_name": "", "adm4_pcode": "", "adm4_name": "", "name_latin": "Thoma's Njeru pool", "display_name": "Thoma's Njeru pool", "waterbody_type": "pond", "osm_id": "way/619163045", "model_source": "dams.geojson" }, "geometry": { "type": "Polygon", "coordinates": [ [ [ 36.8068319, -1.2877677 ], [ 36.8068675, -1.2878377 ], [ 36.8067373, -1.2879038 ], [ 36.8067017, -1.2878337 ], [ 36.8068319, -1.2877677 ] ] ] } },
{ "type": "Feature", "properties": { "id": "way/1332632982", "name": "", "name_en": "", "name_sw": "", "waterway": "", "covered": "", "width": "", "depth": "", "layer": "", "blockage": "", "tunnel": "", "natural_cl": "water", "water": "", "source": "", "adm0_pcode": "KEN", "adm0_name": "Kenya", "adm1_pcode": "KE047", "adm1_name": "Nairobi", "adm2_pcode": "KE047277", "adm2_name": "Langata", "adm3_pcode": "", "adm3_name": "", "adm4_pcode": "", "adm4_name": "", "name_latin": "", "display_name": "(unnamed dam or water body)", "waterbody_type": "water", "osm_id": "way/1332632982", "model_source": "dams.geojson" }, "geometry": { "type": "Polygon", "coordinates": [ [ [ 36.8191372, -1.2950897 ], [ 36.819158, -1.2951082 ], [ 36.8192135, -1.2951475 ], [ 36.8192644, -1.2951822 ], [ 36.819276, -1.295203 ], [ 36.8193199, -1.2952331 ], [ 36.8193639, -1.2952771 ], [ 36.8193037, -1.2952817 ], [ 36.8192968, -1.2953279 ], [ 36.8193199, -1.2953395 ], [ 36.8193269, -1.2953603 ], [ 36.8193431, -1.2953719 ], [ 36.819313, -1.2953788 ], [ 36.8192882, -1.2953798 ], [ 36.8192633, -1.2953685 ], [ 36.8192154, -1.2953371 ], [ 36.8191478, -1.2952865 ], [ 36.8190951, -1.2952442 ], [ 36.8191071, -1.295203 ], [ 36.8190886, -1.2952077 ], [ 36.8190539, -1.2951869 ], [ 36.8190284, -1.2951545 ], [ 36.8190724, -1.295129 ], [ 36.8190955, -1.2950805 ], [ 36.8191372, -1.2950897 ] ] ] } },
{ "type": "Feature", "properties": { "id": "way/1281837094", "name": "", "name_en": "", "name_sw": "", "waterway": "", "covered": "", "width": "", "depth": "", "layer": "", "blockage": "", "tunnel": "", "natural_cl": "water", "water": "pond", "source": "", "adm0_pcode": "KEN", "adm0_name": "Kenya", "adm1_pcode": "KE047", "adm1_name": "Nairobi", "adm2_pcode": "KE047289", "adm2_name": "Starehe", "adm3_pcode": "", "adm3_name": "", "adm4_pcode": "", "adm4_name": "", "name_latin": "", "display_name": "(unnamed dam or water body)", "waterbody_type": "pond", "osm_id": "way/1281837094", "model_source": "dams.geojson" }, "geometry": { "type": "Polygon", "coordinates": [ [ [ 36.8185371, -1.2900702 ], [ 36.8185378, -1.290074 ], [ 36.8185373, -1.2900778 ], [ 36.8185356, -1.2900813 ], [ 36.8185328, -1.290084 ], [ 36.8185294, -1.2900857 ], [ 36.8185255, -1.2900861 ], [ 36.8185217, -1.2900853 ], [ 36.8185183, -1.2900833 ], [ 36.8185158, -1.2900803 ], [ 36.8185144, -1.2900766 ], [ 36.8185143, -1.2900726 ], [ 36.8185155, -1.2900689 ], [ 36.81851790000001, -1.2900658 ], [ 36.8185212, -1.2900636 ], [ 36.8185249, -1.2900626 ], [ 36.8185287, -1.2900628 ], [ 36.8185323, -1.2900643 ], [ 36.8185352, -1.2900669 ], [ 36.8185371, -1.2900702 ] ] ] } },
{ "type": "Feature", "properties": { "id": "way/1550834790", "name": "", "name_en": "", "name_sw": "", "waterway": "", "covered": "", "width": "", "depth": "", "layer": "", "blockage": "", "tunnel": "", "natural_cl": "water", "water": "pond", "source": "", "adm0_pcode": "KEN", "adm0_name": "Kenya", "adm1_pcode": "KE047", "adm1_name": "Nairobi", "adm2_pcode": "KE047289", "adm2_name": "Starehe", "adm3_pcode": "", "adm3_name": "", "adm4_pcode": "", "adm4_name": "", "name_latin": "", "display_name": "(unnamed dam or water body)", "waterbody_type": "pond", "osm_id": "way/1550834790", "model_source": "dams.geojson" }, "geometry": { "type": "Polygon", "coordinates": [ [ [ 36.8227328, -1.2885888 ], [ 36.8227467, -1.2886167 ], [ 36.8225143, -1.2887318 ], [ 36.8225005, -1.2887039 ], [ 36.8227328, -1.2885888 ] ] ] } },
{ "type": "Feature", "properties": { "id": "way/1550834789", "name": "", "name_en": "", "name_sw": "", "waterway": "", "covered": "", "width": "", "depth": "", "layer": "", "blockage": "", "tunnel": "", "natural_cl": "water", "water": "pond", "source": "", "adm0_pcode": "KEN", "adm0_name": "Kenya", "adm1_pcode": "KE047", "adm1_name": "Nairobi", "adm2_pcode": "KE047289", "adm2_name": "Starehe", "adm3_pcode": "", "adm3_name": "", "adm4_pcode": "", "adm4_name": "", "name_latin": "", "display_name": "(unnamed dam or water body)", "waterbody_type": "pond", "osm_id": "way/1550834789", "model_source": "dams.geojson" }, "geometry": { "type": "Polygon", "coordinates": [ [ [ 36.8230505, -1.2884399 ], [ 36.8230644, -1.2884678 ], [ 36.822832, -1.2885828 ], [ 36.8228182, -1.288555 ], [ 36.8230505, -1.2884399 ] ] ] } },
{ "type": "Feature", "properties": { "id": "way/123415408", "name": "", "name_en": "", "name_sw": "", "waterway": "", "covered": "", "width": "", "depth": "", "layer": "", "blockage": "", "tunnel": "", "natural_cl": "water", "water": "pond", "source": "", "adm0_pcode": "KEN", "adm0_name": "Kenya", "adm1_pcode": "KE047", "adm1_name": "Nairobi", "adm2_pcode": "KE047289", "adm2_name": "Starehe", "adm3_pcode": "", "adm3_name": "", "adm4_pcode": "", "adm4_name": "", "name_latin": "", "display_name": "(unnamed dam or water body)", "waterbody_type": "pond", "osm_id": "way/123415408", "model_source": "dams.geojson" }, "geometry": { "type": "Polygon", "coordinates": [ [ [ 36.8226936, -1.2885017 ], [ 36.8224655, -1.2886139 ], [ 36.8223744, -1.2884287 ], [ 36.8226025, -1.2883165 ], [ 36.8226936, -1.2885017 ] ] ] } },
{ "type": "Feature", "properties": { "id": "way/1553407164", "name": "", "name_en": "", "name_sw": "", "waterway": "", "covered": "", "width": "", "depth": "", "layer": "", "blockage": "", "tunnel": "", "natural_cl": "water", "water": "pond", "source": "", "adm0_pcode": "KEN", "adm0_name": "Kenya", "adm1_pcode": "KE047", "adm1_name": "Nairobi", "adm2_pcode": "KE047289", "adm2_name": "Starehe", "adm3_pcode": "", "adm3_name": "", "adm4_pcode": "", "adm4_name": "", "name_latin": "", "display_name": "(unnamed dam or water body)", "waterbody_type": "pond", "osm_id": "way/1553407164", "model_source": "dams.geojson" }, "geometry": { "type": "Polygon", "coordinates": [ [ [ 36.8231969, -1.2883615 ], [ 36.8232237, -1.2884157 ], [ 36.8231811, -1.2884368 ], [ 36.8231543, -1.2883827 ], [ 36.8231969, -1.2883615 ] ] ] } },
{ "type": "Feature", "properties": { "id": "way/123415407", "name": "", "name_en": "", "name_sw": "", "waterway": "", "covered": "", "width": "", "depth": "", "layer": "", "blockage": "", "tunnel": "", "natural_cl": "water", "water": "pond", "source": "", "adm0_pcode": "KEN", "adm0_name": "Kenya", "adm1_pcode": "KE047", "adm1_name": "Nairobi", "adm2_pcode": "KE047289", "adm2_name": "Starehe", "adm3_pcode": "", "adm3_name": "", "adm4_pcode": "", "adm4_name": "", "name_latin": "", "display_name": "(unnamed dam or water body)", "waterbody_type": "pond", "osm_id": "way/123415407", "model_source": "dams.geojson" }, "geometry": { "type": "Polygon", "coordinates": [ [ [ 36.822908, -1.2881746 ], [ 36.8229975, -1.2883526 ], [ 36.8227686, -1.2884676 ], [ 36.8226791, -1.2882896 ], [ 36.822908, -1.2881746 ] ] ] } },
{ "type": "Feature", "properties": { "id": "way/1553407165", "name": "", "name_en": "", "name_sw": "", "waterway": "", "covered": "", "width": "", "depth": "", "layer": "", "blockage": "", "tunnel": "", "natural_cl": "water", "water": "pond", "source": "", "adm0_pcode": "KEN", "adm0_name": "Kenya", "adm1_pcode": "KE047", "adm1_name": "Nairobi", "adm2_pcode": "KE047289", "adm2_name": "Starehe", "adm3_pcode": "", "adm3_name": "", "adm4_pcode": "", "adm4_name": "", "name_latin": "", "display_name": "(unnamed dam or water body)", "waterbody_type": "pond", "osm_id": "way/1553407165", "model_source": "dams.geojson" }, "geometry": { "type": "Polygon", "coordinates": [ [ [ 36.8230409, -1.2880495 ], [ 36.823136, -1.2882414 ], [ 36.8230911, -1.2882637 ], [ 36.8229959, -1.2880717 ], [ 36.8230409, -1.2880495 ] ] ] } },
{ "type": "Feature", "properties": { "id": "way/1550834785", "name": "", "name_en": "", "name_sw": "", "waterway": "", "covered": "", "width": "", "depth": "", "layer": "", "blockage": "", "tunnel": "", "natural_cl": "water", "water": "pond", "source": "", "adm0_pcode": "KEN", "adm0_name": "Kenya", "adm1_pcode": "KE047", "adm1_name": "Nairobi", "adm2_pcode": "KE047289", "adm2_name": "Starehe", "adm3_pcode": "", "adm3_name": "", "adm4_pcode": "", "adm4_name": "", "name_latin": "", "display_name": "(unnamed dam or water body)", "waterbody_type": "pond", "osm_id": "way/1550834785", "model_source": "dams.geojson" }, "geometry": { "type": "Polygon", "coordinates": [ [ [ 36.8224002, -1.287705 ], [ 36.8224777, -1.2877334 ], [ 36.8225096, -1.2878041 ], [ 36.8224823, -1.2878918 ], [ 36.8224185, -1.2879237 ], [ 36.8223319, -1.287902 ], [ 36.8222966, -1.2878405 ], [ 36.8223217, -1.2877426 ], [ 36.8224002, -1.287705 ] ] ] } },
{ "type": "Feature", "properties": { "id": "way/1281841229", "name": "", "name_en": "", "name_sw": "", "waterway": "", "covered": "", "width": "", "depth": "", "layer": "", "blockage": "", "tunnel": "", "natural_cl": "water", "water": "pond", "source": "", "adm0_pcode": "KEN", "adm0_name": "Kenya", "adm1_pcode": "KE047", "adm1_name": "Nairobi", "adm2_pcode": "KE047289", "adm2_name": "Starehe", "adm3_pcode": "", "adm3_name": "", "adm4_pcode": "", "adm4_name": "", "name_latin": "", "display_name": "(unnamed dam or water body)", "waterbody_type": "pond", "osm_id": "way/1281841229", "model_source": "dams.geojson" }, "geometry": { "type": "Polygon", "coordinates": [ [ [ 36.819805, -1.2812735 ], [ 36.8197806, -1.2813384 ], [ 36.819736, -1.2813914 ], [ 36.8196763, -1.2814267 ], [ 36.8196083, -1.2814401 ], [ 36.8195428, -1.2814312 ], [ 36.8194836, -1.2814021 ], [ 36.8194366, -1.2813557 ], [ 36.81940680000001, -1.2812968 ], [ 36.8193971, -1.2812315 ], [ 36.8194086, -1.2811665 ], [ 36.8194401, -1.2811085 ], [ 36.8194884, -1.2810634 ], [ 36.8195484, -1.281036 ], [ 36.8196174, -1.2810291 ], [ 36.8196847, -1.2810456 ], [ 36.8197428, -1.2810834 ], [ 36.819785, -1.2811384 ], [ 36.8198065, -1.2812043 ], [ 36.819805, -1.2812735 ] ] ] } },
{ "type": "Feature", "properties": { "id": "way/860344839", "name": "", "name_en": "", "name_sw": "", "waterway": "", "covered": "", "width": "", "depth": "", "layer": "", "blockage": "", "tunnel": "", "natural_cl": "water", "water": "", "source": "", "adm0_pcode": "KEN", "adm0_name": "Kenya", "adm1_pcode": "KE047", "adm1_name": "Nairobi", "adm2_pcode": "KE047275", "adm2_name": "Kilimani", "adm3_pcode": "", "adm3_name": "", "adm4_pcode": "", "adm4_name": "", "name_latin": "", "display_name": "(unnamed dam or water body)", "waterbody_type": "water", "osm_id": "way/860344839", "model_source": "dams.geojson" }, "geometry": { "type": "Polygon", "coordinates": [ [ [ 36.8121042, -1.2872287 ], [ 36.8120934, -1.2873124 ], [ 36.812065, -1.2873472 ], [ 36.8120194, -1.2873371 ], [ 36.8120436, -1.2872078 ], [ 36.8121042, -1.2872287 ] ] ] } },
{ "type": "Feature", "properties": { "id": "relation/21195184", "name": "", "name_en": "", "name_sw": "", "waterway": "", "covered": "", "width": "", "depth": "", "layer": "", "blockage": "", "tunnel": "", "natural_cl": "water", "water": "pond", "source": "", "adm0_pcode": "KEN", "adm0_name": "Kenya", "adm1_pcode": "KE047", "adm1_name": "Nairobi", "adm2_pcode": "KE047275", "adm2_name": "Kilimani", "adm3_pcode": "", "adm3_name": "", "adm4_pcode": "", "adm4_name": "", "name_latin": "", "display_name": "(unnamed dam or water body)", "waterbody_type": "pond", "osm_id": "relation/21195184", "model_source": "dams.geojson" }, "geometry": { "type": "Polygon", "coordinates": [ [ [ 36.815736, -1.2858131 ], [ 36.8156232, -1.2857903 ], [ 36.8155685, -1.2859703 ], [ 36.8155503, -1.2859817 ], [ 36.8153088, -1.2858518 ], [ 36.8152416, -1.285886 ], [ 36.815179, -1.2858905 ], [ 36.8151118, -1.2858826 ], [ 36.8150548, -1.2858541 ], [ 36.8150081, -1.2858119 ], [ 36.8149774, -1.2857664 ], [ 36.8149557, -1.2857151 ], [ 36.8149478, -1.2856684 ], [ 36.8149489, -1.2856195 ], [ 36.8149592, -1.2855716 ], [ 36.8149774, -1.2855283 ], [ 36.8150047, -1.2854907 ], [ 36.8150343, -1.2854611 ], [ 36.8150867, -1.2854292 ], [ 36.8151539, -1.285411 ], [ 36.8152211, -1.2854144 ], [ 36.8152815, -1.2854315 ], [ 36.8153453, -1.2854748 ], [ 36.8153772, -1.2855169 ], [ 36.8156494, -1.2855124 ], [ 36.8156357, -1.2857106 ], [ 36.8157485, -1.285739 ], [ 36.8157439, -1.2857618 ], [ 36.8152792, -1.2856479 ], [ 36.8152792, -1.2856308 ], [ 36.8152724, -1.2856103 ], [ 36.8152599, -1.2855887 ], [ 36.8152439, -1.2855739 ], [ 36.8152245, -1.2855614 ], [ 36.8151915, -1.2855488 ], [ 36.8151619, -1.28555 ], [ 36.8151323, -1.2855625 ], [ 36.815105, -1.2855853 ], [ 36.8150844, -1.285616 ], [ 36.8150788, -1.285657 ], [ 36.8150913, -1.2857003 ], [ 36.8151129, -1.2857277 ], [ 36.8151437, -1.2857459 ], [ 36.8151767, -1.2857539 ], [ 36.8152097, -1.2857482 ], [ 36.815245, -1.2857299 ], [ 36.8152656, -1.2857049 ], [ 36.8152724, -1.2856844 ], [ 36.8157405, -1.2857937 ], [ 36.815736, -1.2858131 ] ], [ [ 36.8154022, -1.2857396 ], [ 36.8153971, -1.2857578 ], [ 36.815388, -1.2857744 ], [ 36.8153703, -1.2857983 ], [ 36.815355, -1.2858182 ], [ 36.8155349, -1.2859127 ], [ 36.8155776, -1.2857761 ], [ 36.8154056, -1.2857339 ], [ 36.8154022, -1.2857396 ] ], [ [ 36.815589, -1.285698 ], [ 36.8156021, -1.2855568 ], [ 36.8154028, -1.2855625 ], [ 36.8154045, -1.2855716 ], [ 36.8154136, -1.285599 ], [ 36.8154199, -1.2856365 ], [ 36.8154187, -1.2856599 ], [ 36.815589, -1.285698 ] ] ] } },
{ "type": "Feature", "properties": { "id": "way/1547639640", "name": "", "name_en": "", "name_sw": "", "waterway": "", "covered": "", "width": "", "depth": "", "layer": "", "blockage": "", "tunnel": "", "natural_cl": "water", "water": "pond", "source": "", "adm0_pcode": "KEN", "adm0_name": "Kenya", "adm1_pcode": "KE047", "adm1_name": "Nairobi", "adm2_pcode": "KE047275", "adm2_name": "Kilimani", "adm3_pcode": "", "adm3_name": "", "adm4_pcode": "", "adm4_name": "", "name_latin": "", "display_name": "(unnamed dam or water body)", "waterbody_type": "pond", "osm_id": "way/1547639640", "model_source": "dams.geojson" }, "geometry": { "type": "Polygon", "coordinates": [ [ [ 36.8149915, -1.284266 ], [ 36.8149779, -1.2842537 ], [ 36.8149722, -1.2842363 ], [ 36.8149761, -1.2842183 ], [ 36.8149884, -1.2842047 ], [ 36.8150059, -1.2841991 ], [ 36.8150238, -1.284203 ], [ 36.8150374, -1.2842153 ], [ 36.815043, -1.2842327 ], [ 36.8150392, -1.2842507 ], [ 36.8150268, -1.2842643 ], [ 36.8150094, -1.2842699 ], [ 36.8149915, -1.284266 ] ] ] } },
{ "type": "Feature", "properties": { "id": "way/1547639641", "name": "", "name_en": "", "name_sw": "", "waterway": "", "covered": "", "width": "", "depth": "", "layer": "", "blockage": "", "tunnel": "", "natural_cl": "water", "water": "pond", "source": "", "adm0_pcode": "KEN", "adm0_name": "Kenya", "adm1_pcode": "KE047", "adm1_name": "Nairobi", "adm2_pcode": "KE047275", "adm2_name": "Kilimani", "adm3_pcode": "", "adm3_name": "", "adm4_pcode": "", "adm4_name": "", "name_latin": "", "display_name": "(unnamed dam or water body)", "waterbody_type": "pond", "osm_id": "way/1547639641", "model_source": "dams.geojson" }, "geometry": { "type": "Polygon", "coordinates": [ [ [ 36.8151414, -1.2842601 ], [ 36.8151306, -1.2842492 ], [ 36.8151266, -1.2842344 ], [ 36.8151306, -1.2842196 ], [ 36.8151414, -1.2842088 ], [ 36.8151562, -1.2842048 ], [ 36.815171, -1.2842088 ], [ 36.8151819, -1.2842196 ], [ 36.8151858, -1.2842344 ], [ 36.8151819, -1.2842492 ], [ 36.815171, -1.2842601 ], [ 36.8151562, -1.284264 ], [ 36.8151414, -1.2842601 ] ] ] } },
{ "type": "Feature", "properties": { "id": "way/1547639642", "name": "", "name_en": "", "name_sw": "", "waterway": "", "covered": "", "width": "", "depth": "", "layer": "", "blockage": "", "tunnel": "", "natural_cl": "water", "water": "pond", "source": "", "adm0_pcode": "KEN", "adm0_name": "Kenya", "adm1_pcode": "KE047", "adm1_name": "Nairobi", "adm2_pcode": "KE047275", "adm2_name": "Kilimani", "adm3_pcode": "", "adm3_name": "", "adm4_pcode": "", "adm4_name": "", "name_latin": "", "display_name": "(unnamed dam or water body)", "waterbody_type": "pond", "osm_id": "way/1547639642", "model_source": "dams.geojson" }, "geometry": { "type": "Polygon", "coordinates": [ [ [ 36.8152138, -1.2841956 ], [ 36.8152072, -1.2841865 ], [ 36.8152072, -1.2841753 ], [ 36.8152138, -1.2841662 ], [ 36.8152245, -1.2841627 ], [ 36.8152353, -1.2841662 ], [ 36.8152419, -1.2841753 ], [ 36.8152419, -1.2841865 ], [ 36.8152353, -1.2841956 ], [ 36.8152245, -1.2841991 ], [ 36.8152138, -1.2841956 ] ] ] } },
{ "type": "Feature", "properties": { "id": "way/1547639639", "name": "", "name_en": "", "name_sw": "", "waterway": "", "covered": "", "width": "", "depth": "", "layer": "", "blockage": "", "tunnel": "", "natural_cl": "water", "water": "pond", "source": "", "adm0_pcode": "KEN", "adm0_name": "Kenya", "adm1_pcode": "KE047", "adm1_name": "Nairobi", "adm2_pcode": "KE047275", "adm2_name": "Kilimani", "adm3_pcode": "", "adm3_name": "", "adm4_pcode": "", "adm4_name": "", "name_latin": "", "display_name": "(unnamed dam or water body)", "waterbody_type": "pond", "osm_id": "way/1547639639", "model_source": "dams.geojson" }, "geometry": { "type": "Polygon", "coordinates": [ [ [ 36.8149062, -1.2841825 ], [ 36.8148907, -1.2841744 ], [ 36.8148813, -1.2841596 ], [ 36.8148805, -1.2841421 ], [ 36.8148886, -1.2841265 ], [ 36.8149033, -1.2841171 ], [ 36.8149209, -1.2841163 ], [ 36.8149364, -1.2841244 ], [ 36.8149458, -1.2841392 ], [ 36.8149466, -1.2841567 ], [ 36.8149385, -1.2841723 ], [ 36.8149238, -1.2841817 ], [ 36.8149062, -1.2841825 ] ] ] } },
{ "type": "Feature", "properties": { "id": "way/1547639638", "name": "", "name_en": "", "name_sw": "", "waterway": "", "covered": "", "width": "", "depth": "", "layer": "", "blockage": "", "tunnel": "", "natural_cl": "water", "water": "pond", "source": "", "adm0_pcode": "KEN", "adm0_name": "Kenya", "adm1_pcode": "KE047", "adm1_name": "Nairobi", "adm2_pcode": "KE047275", "adm2_name": "Kilimani", "adm3_pcode": "", "adm3_name": "", "adm4_pcode": "", "adm4_name": "", "name_latin": "", "display_name": "(unnamed dam or water body)", "waterbody_type": "pond", "osm_id": "way/1547639638", "model_source": "dams.geojson" }, "geometry": { "type": "Polygon", "coordinates": [ [ [ 36.8150869, -1.2841792 ], [ 36.8150737, -1.2841697 ], [ 36.8150659, -1.2841555 ], [ 36.8150651, -1.2841392 ], [ 36.8150714, -1.2841243 ], [ 36.8150836, -1.2841135 ], [ 36.8150993, -1.2841091 ], [ 36.8151152, -1.284112 ], [ 36.8151284, -1.2841214 ], [ 36.8151362, -1.2841357 ], [ 36.815137, -1.2841519 ], [ 36.8151307, -1.2841669 ], [ 36.8151185, -1.2841776 ], [ 36.8151029, -1.284182 ], [ 36.8150869, -1.2841792 ] ] ] } },
{ "type": "Feature", "properties": { "id": "way/1547639643", "name": "", "name_en": "", "name_sw": "", "waterway": "", "covered": "", "width": "", "depth": "", "layer": "", "blockage": "", "tunnel": "", "natural_cl": "water", "water": "pond", "source": "", "adm0_pcode": "KEN", "adm0_name": "Kenya", "adm1_pcode": "KE047", "adm1_name": "Nairobi", "adm2_pcode": "KE047275", "adm2_name": "Kilimani", "adm3_pcode": "", "adm3_name": "", "adm4_pcode": "", "adm4_name": "", "name_latin": "", "display_name": "(unnamed dam or water body)", "waterbody_type": "pond", "osm_id": "way/1547639643", "model_source": "dams.geojson" }, "geometry": { "type": "Polygon", "coordinates": [ [ [ 36.8151866, -1.284123 ], [ 36.8151698, -1.2841101 ], [ 36.8151593, -1.2840917 ], [ 36.8151566, -1.2840708 ], [ 36.8151621, -1.2840503 ], [ 36.815175, -1.2840336 ], [ 36.8151933, -1.284023 ], [ 36.8152143, -1.2840203 ], [ 36.8152347, -1.2840258 ], [ 36.8152515, -1.2840387 ], [ 36.815262, -1.284057 ], [ 36.8152648, -1.284078 ], [ 36.8152592, -1.2840984 ], [ 36.8152463, -1.2841152 ], [ 36.815228, -1.2841257 ], [ 36.815207, -1.2841285 ], [ 36.8151866, -1.284123 ] ] ] } },
{ "type": "Feature", "properties": { "id": "way/1547639637", "name": "", "name_en": "", "name_sw": "", "waterway": "", "covered": "", "width": "", "depth": "", "layer": "", "blockage": "", "tunnel": "", "natural_cl": "water", "water": "pond", "source": "", "adm0_pcode": "KEN", "adm0_name": "Kenya", "adm1_pcode": "KE047", "adm1_name": "Nairobi", "adm2_pcode": "KE047275", "adm2_name": "Kilimani", "adm3_pcode": "", "adm3_name": "", "adm4_pcode": "", "adm4_name": "", "name_latin": "", "display_name": "(unnamed dam or water body)", "waterbody_type": "pond", "osm_id": "way/1547639637", "model_source": "dams.geojson" }, "geometry": { "type": "Polygon", "coordinates": [ [ [ 36.815009, -1.2840904 ], [ 36.8149979, -1.2840825 ], [ 36.8149922, -1.2840701 ], [ 36.8149935, -1.2840565 ], [ 36.8150014, -1.2840453 ], [ 36.8150138, -1.2840397 ], [ 36.8150274, -1.2840409 ], [ 36.8150386, -1.2840489 ], [ 36.8150443, -1.2840613 ], [ 36.815043, -1.2840749 ], [ 36.8150351, -1.284086 ], [ 36.8150226, -1.2840917 ], [ 36.815009, -1.2840904 ] ] ] } },
{ "type": "Feature", "properties": { "id": "way/1547639636", "name": "", "name_en": "", "name_sw": "", "waterway": "", "covered": "", "width": "", "depth": "", "layer": "", "blockage": "", "tunnel": "", "natural_cl": "water", "water": "pond", "source": "", "adm0_pcode": "KEN", "adm0_name": "Kenya", "adm1_pcode": "KE047", "adm1_name": "Nairobi", "adm2_pcode": "KE047275", "adm2_name": "Kilimani", "adm3_pcode": "", "adm3_name": "", "adm4_pcode": "", "adm4_name": "", "name_latin": "", "display_name": "(unnamed dam or water body)", "waterbody_type": "pond", "osm_id": "way/1547639636", "model_source": "dams.geojson" }, "geometry": { "type": "Polygon", "coordinates": [ [ [ 36.8149157, -1.2840356 ], [ 36.8149, -1.2840275 ], [ 36.8148905, -1.2840126 ], [ 36.8148898, -1.283995 ], [ 36.8148979, -1.2839794 ], [ 36.8149127, -1.2839699 ], [ 36.8149303, -1.2839691 ], [ 36.814946, -1.2839772 ], [ 36.8149555, -1.2839921 ], [ 36.8149562, -1.2840097 ], [ 36.8149481, -1.2840253 ], [ 36.8149333, -1.2840348 ], [ 36.8149157, -1.2840356 ] ] ] } },
{ "type": "Feature", "properties": { "id": "way/1275299194", "name": "", "name_en": "", "name_sw": "", "waterway": "", "covered": "", "width": "", "depth": "", "layer": "", "blockage": "", "tunnel": "", "natural_cl": "water", "water": "river", "source": "", "adm0_pcode": "KEN", "adm0_name": "Kenya", "adm1_pcode": "KE047", "adm1_name": "Nairobi", "adm2_pcode": "KE047289", "adm2_name": "Starehe", "adm3_pcode": "", "adm3_name": "", "adm4_pcode": "", "adm4_name": "", "name_latin": "", "display_name": "(unnamed dam or water body)", "waterbody_type": "river", "osm_id": "way/1275299194", "model_source": "dams.geojson" }, "geometry": { "type": "Polygon", "coordinates": [ [ [ 36.8207108, -1.278063 ], [ 36.8207926, -1.2781508 ], [ 36.8210218, -1.2783506 ], [ 36.8213118, -1.2785814 ], [ 36.8215951, -1.2787142 ], [ 36.8219156, -1.2788412 ], [ 36.821837, -1.2789561 ], [ 36.8215685, -1.2788853 ], [ 36.8212794, -1.2787466 ], [ 36.8210581, -1.2786044 ], [ 36.8208486, -1.2784369 ], [ 36.8206309, -1.2782025 ], [ 36.820697, -1.2780804 ], [ 36.8207108, -1.278063 ] ] ] } },
{ "type": "Feature", "properties": { "id": "way/113032114", "name": "", "name_en": "", "name_sw": "", "waterway": "", "covered": "", "width": "", "depth": "", "layer": "", "blockage": "", "tunnel": "", "natural_cl": "water", "water": "", "source": "", "adm0_pcode": "KEN", "adm0_name": "Kenya", "adm1_pcode": "KE047", "adm1_name": "Nairobi", "adm2_pcode": "KE047289", "adm2_name": "Starehe", "adm3_pcode": "", "adm3_name": "", "adm4_pcode": "", "adm4_name": "", "name_latin": "", "display_name": "(unnamed dam or water body)", "waterbody_type": "water", "osm_id": "way/113032114", "model_source": "dams.geojson" }, "geometry": { "type": "Polygon", "coordinates": [ [ [ 36.8401354, -1.2609333 ], [ 36.8401354, -1.2608582 ], [ 36.8401515, -1.2607885 ], [ 36.8401408, -1.2607295 ], [ 36.8401623, -1.2606651 ], [ 36.8402159, -1.2606168 ], [ 36.8403071, -1.26059 ], [ 36.8403983, -1.26059 ], [ 36.8404895, -1.2605954 ], [ 36.8405324, -1.2606329 ], [ 36.8405324, -1.2607241 ], [ 36.8405163, -1.2608314 ], [ 36.8405163, -1.2609011 ], [ 36.8405056, -1.2609547 ], [ 36.8404949, -1.2610084 ], [ 36.8404573, -1.2610566 ], [ 36.8404251, -1.2610888 ], [ 36.8403929, -1.2611263 ], [ 36.8403339, -1.2611317 ], [ 36.8402695, -1.261121 ], [ 36.8402159, -1.2610834 ], [ 36.840173, -1.2610352 ], [ 36.8401569, -1.2609923 ], [ 36.8401354, -1.2609333 ] ] ] } },
{ "type": "Feature", "properties": { "id": "way/524758033", "name": "", "name_en": "", "name_sw": "", "waterway": "", "covered": "", "width": "", "depth": "", "layer": "", "blockage": "", "tunnel": "", "natural_cl": "water", "water": "", "source": "", "adm0_pcode": "KEN", "adm0_name": "Kenya", "adm1_pcode": "KE047", "adm1_name": "Nairobi", "adm2_pcode": "KE047289", "adm2_name": "Starehe", "adm3_pcode": "", "adm3_name": "", "adm4_pcode": "", "adm4_name": "", "name_latin": "", "display_name": "(unnamed dam or water body)", "waterbody_type": "water", "osm_id": "way/524758033", "model_source": "dams.geojson" }, "geometry": { "type": "Polygon", "coordinates": [ [ [ 36.8401702, -1.259776 ], [ 36.8404751, -1.2595525 ], [ 36.840532, -1.2598979 ], [ 36.8393896, -1.2604019 ], [ 36.8391538, -1.2597923 ], [ 36.8401702, -1.259776 ] ] ] } },
{ "type": "Feature", "properties": { "id": "way/113032118", "name": "", "name_en": "", "name_sw": "", "waterway": "", "covered": "", "width": "", "depth": "", "layer": "", "blockage": "", "tunnel": "", "natural_cl": "water", "water": "pond", "source": "", "adm0_pcode": "KEN", "adm0_name": "Kenya", "adm1_pcode": "KE047", "adm1_name": "Nairobi", "adm2_pcode": "KE047289", "adm2_name": "Starehe", "adm3_pcode": "", "adm3_name": "", "adm4_pcode": "", "adm4_name": "", "name_latin": "", "display_name": "(unnamed dam or water body)", "waterbody_type": "pond", "osm_id": "way/113032118", "model_source": "dams.geojson" }, "geometry": { "type": "Polygon", "coordinates": [ [ [ 36.8409401, -1.2580586 ], [ 36.8409669, -1.2579728 ], [ 36.8409991, -1.2578924 ], [ 36.8410581, -1.2578656 ], [ 36.8410635, -1.2577905 ], [ 36.8410635, -1.2577208 ], [ 36.8411064, -1.2576779 ], [ 36.8411547, -1.2576457 ], [ 36.8411869, -1.2575813 ], [ 36.8412083, -1.2575062 ], [ 36.8412512, -1.2574097 ], [ 36.8413049, -1.2573561 ], [ 36.8413693, -1.2573185 ], [ 36.8414551, -1.2573132 ], [ 36.8415355, -1.2573453 ], [ 36.841616, -1.2573936 ], [ 36.8416589, -1.2574472 ], [ 36.8417233, -1.2574794 ], [ 36.8417716, -1.257517 ], [ 36.8417769, -1.2575545 ], [ 36.8417716, -1.2576135 ], [ 36.8417394, -1.2576671 ], [ 36.8417233, -1.2577368 ], [ 36.8417072, -1.2577905 ], [ 36.8416965, -1.2578656 ], [ 36.8416643, -1.2579299 ], [ 36.8416375, -1.2579728 ], [ 36.8415892, -1.2580157 ], [ 36.8415248, -1.2580533 ], [ 36.8414229, -1.2580694 ], [ 36.8413585, -1.2580694 ], [ 36.8412727, -1.2581069 ], [ 36.8412298, -1.2581605 ], [ 36.841203, -1.2582088 ], [ 36.8411708, -1.2582517 ], [ 36.8411171, -1.2582732 ], [ 36.8410527, -1.2582356 ], [ 36.8409884, -1.2581873 ], [ 36.8409455, -1.2581284 ], [ 36.8409401, -1.2580586 ] ] ] } },
{ "type": "Feature", "properties": { "id": "way/113032125", "name": "", "name_en": "", "name_sw": "", "waterway": "", "covered": "", "width": "", "depth": "", "layer": "", "blockage": "", "tunnel": "", "natural_cl": "water", "water": "", "source": "", "adm0_pcode": "KEN", "adm0_name": "Kenya", "adm1_pcode": "KE047", "adm1_name": "Nairobi", "adm2_pcode": "KE047289", "adm2_name": "Starehe", "adm3_pcode": "", "adm3_name": "", "adm4_pcode": "", "adm4_name": "", "name_latin": "", "display_name": "(unnamed dam or water body)", "waterbody_type": "water", "osm_id": "way/113032125", "model_source": "dams.geojson" }, "geometry": { "type": "Polygon", "coordinates": [ [ [ 36.8380326, -1.2562244 ], [ 36.8380111, -1.256144 ], [ 36.8380487, -1.2559777 ], [ 36.838054, -1.2558866 ], [ 36.8380594, -1.25579 ], [ 36.8381023, -1.2557364 ], [ 36.8381721, -1.2557149 ], [ 36.8382364, -1.2557096 ], [ 36.838274, -1.2557793 ], [ 36.8383223, -1.2558598 ], [ 36.8383169, -1.2559402 ], [ 36.8382847, -1.2560206 ], [ 36.8382525, -1.2561279 ], [ 36.8382579, -1.2561815 ], [ 36.8382418, -1.256262 ], [ 36.8382203, -1.256321 ], [ 36.8382364, -1.2563961 ], [ 36.8382901, -1.2564551 ], [ 36.8383652, -1.2565087 ], [ 36.8384456, -1.2564926 ], [ 36.8385207, -1.2564872 ], [ 36.8385958, -1.2565087 ], [ 36.8386441, -1.256557 ], [ 36.838628, -1.2566052 ], [ 36.838569, -1.2566481 ], [ 36.8384778, -1.2566589 ], [ 36.8383974, -1.2566428 ], [ 36.8383169, -1.2565945 ], [ 36.8382579, -1.2565784 ], [ 36.8381935, -1.2565194 ], [ 36.8381291, -1.256439 ], [ 36.8381023, -1.2563532 ], [ 36.8380809, -1.2563103 ], [ 36.8380326, -1.2562244 ] ] ] } },
{ "type": "Feature", "properties": { "id": "way/24951286", "name": "", "name_en": "", "name_sw": "", "waterway": "", "covered": "", "width": "", "depth": "", "layer": "", "blockage": "", "tunnel": "", "natural_cl": "water", "water": "", "source": "", "adm0_pcode": "KEN", "adm0_name": "Kenya", "adm1_pcode": "KE047", "adm1_name": "Nairobi", "adm2_pcode": "KE047279", "adm2_name": "Roysambu", "adm3_pcode": "", "adm3_name": "", "adm4_pcode": "", "adm4_name": "", "name_latin": "", "display_name": "(unnamed dam or water body)", "waterbody_type": "water", "osm_id": "way/24951286", "model_source": "dams.geojson" }, "geometry": { "type": "Polygon", "coordinates": [ [ [ 36.8444696, -1.2557385 ], [ 36.8446312, -1.2554741 ], [ 36.844867, -1.2556667 ], [ 36.845073, -1.2557011 ], [ 36.8452104, -1.2555638 ], [ 36.8453734, -1.2555638 ], [ 36.8455537, -1.2555981 ], [ 36.8456824, -1.2556324 ], [ 36.8458283, -1.2556324 ], [ 36.8459657, -1.2556667 ], [ 36.8460858, -1.2555723 ], [ 36.8461459, -1.2555123 ], [ 36.8464978, -1.2556839 ], [ 36.8467382, -1.2558727 ], [ 36.8469184, -1.2559413 ], [ 36.8470042, -1.2560615 ], [ 36.8471931, -1.2560786 ], [ 36.8473561, -1.2561558 ], [ 36.8473905, -1.2564304 ], [ 36.8473475, -1.2565077 ], [ 36.8472789, -1.2566106 ], [ 36.8471673, -1.2566106 ], [ 36.8470986, -1.2566707 ], [ 36.8468497, -1.2566793 ], [ 36.846412, -1.2566106 ], [ 36.8462575, -1.2565077 ], [ 36.8461459, -1.2563189 ], [ 36.8460343, -1.2561816 ], [ 36.8458798, -1.2561129 ], [ 36.84576830000001, -1.2560357 ], [ 36.8456481, -1.255907 ], [ 36.8455022, -1.2558555 ], [ 36.8453391, -1.2558212 ], [ 36.8452104, -1.2557525 ], [ 36.845073, -1.2557783 ], [ 36.8449185, -1.255744 ], [ 36.8448054, -1.2557138 ], [ 36.8446641, -1.2557738 ], [ 36.8444696, -1.2557385 ] ] ] } },
{ "type": "Feature", "properties": { "id": "way/113032122", "name": "", "name_en": "", "name_sw": "", "waterway": "", "covered": "", "width": "", "depth": "", "layer": "", "blockage": "", "tunnel": "", "natural_cl": "water", "water": "", "source": "", "adm0_pcode": "KEN", "adm0_name": "Kenya", "adm1_pcode": "KE047", "adm1_name": "Nairobi", "adm2_pcode": "KE047289", "adm2_name": "Starehe", "adm3_pcode": "", "adm3_name": "", "adm4_pcode": "", "adm4_name": "", "name_latin": "", "display_name": "(unnamed dam or water body)", "waterbody_type": "water", "osm_id": "way/113032122", "model_source": "dams.geojson" }, "geometry": { "type": "Polygon", "coordinates": [ [ [ 36.8383384, -1.2556345 ], [ 36.8383544, -1.2555648 ], [ 36.83840270000001, -1.2555004 ], [ 36.8384295, -1.2554092 ], [ 36.8384939, -1.2553824 ], [ 36.8385958, -1.2553932 ], [ 36.8386441, -1.2554629 ], [ 36.8386817, -1.2555219 ], [ 36.8386978, -1.2555809 ], [ 36.838687, -1.2556345 ], [ 36.8386763, -1.2556935 ], [ 36.8386978, -1.2557579 ], [ 36.8387461, -1.2558115 ], [ 36.8387407, -1.2558812 ], [ 36.8386924, -1.2559348 ], [ 36.8386334, -1.255967 ], [ 36.8385851, -1.255967 ], [ 36.8385047, -1.2559241 ], [ 36.838451, -1.2558705 ], [ 36.8383974, -1.2558008 ], [ 36.8383598, -1.2557203 ], [ 36.8383384, -1.2556345 ] ] ] } },
{ "type": "Feature", "properties": { "id": "way/524757984", "name": "", "name_en": "", "name_sw": "", "waterway": "", "covered": "", "width": "", "depth": "", "layer": "", "blockage": "", "tunnel": "", "natural_cl": "water", "water": "", "source": "", "adm0_pcode": "KEN", "adm0_name": "Kenya", "adm1_pcode": "KE047", "adm1_name": "Nairobi", "adm2_pcode": "KE047279", "adm2_name": "Roysambu", "adm3_pcode": "", "adm3_name": "", "adm4_pcode": "", "adm4_name": "", "name_latin": "", "display_name": "(unnamed dam or water body)", "waterbody_type": "water", "osm_id": "way/524757984", "model_source": "dams.geojson" }, "geometry": { "type": "Polygon", "coordinates": [ [ [ 36.8488855, -1.253884 ], [ 36.8489952, -1.2538698 ], [ 36.8492465, -1.2539512 ], [ 36.8491899, -1.2541069 ], [ 36.8490624, -1.25416 ], [ 36.8488749, -1.2541635 ], [ 36.8485563, -1.254022 ], [ 36.8485705, -1.2538628 ], [ 36.8487475, -1.2537814 ], [ 36.8488855, -1.253884 ] ] ] } },
{ "type": "Feature", "properties": { "id": "way/524757983", "name": "", "name_en": "", "name_sw": "", "waterway": "", "covered": "", "width": "", "depth": "", "layer": "", "blockage": "", "tunnel": "", "natural_cl": "water", "water": "", "source": "", "adm0_pcode": "KEN", "adm0_name": "Kenya", "adm1_pcode": "KE047", "adm1_name": "Nairobi", "adm2_pcode": "KE047279", "adm2_name": "Roysambu", "adm3_pcode": "", "adm3_name": "", "adm4_pcode": "", "adm4_name": "", "name_latin": "", "display_name": "(unnamed dam or water body)", "waterbody_type": "water", "osm_id": "way/524757983", "model_source": "dams.geojson" }, "geometry": { "type": "Polygon", "coordinates": [ [ [ 36.8495579, -1.2531091 ], [ 36.8496641, -1.2530843 ], [ 36.8497526, -1.2532966 ], [ 36.8496747, -1.2534736 ], [ 36.8492642, -1.2538946 ], [ 36.849066, -1.2537955 ], [ 36.8488926, -1.2537955 ], [ 36.8488218, -1.2537283 ], [ 36.8495579, -1.2531091 ] ] ] } },
{ "type": "Feature", "properties": { "id": "way/1308265232", "name": "", "name_en": "", "name_sw": "", "waterway": "", "covered": "", "width": "", "depth": "", "layer": "", "blockage": "", "tunnel": "", "natural_cl": "water", "water": "", "source": "", "adm0_pcode": "KEN", "adm0_name": "Kenya", "adm1_pcode": "KE047", "adm1_name": "Nairobi", "adm2_pcode": "KE047274", "adm2_name": "Westlands", "adm3_pcode": "", "adm3_name": "", "adm4_pcode": "", "adm4_name": "", "name_latin": "", "display_name": "(unnamed dam or water body)", "waterbody_type": "water", "osm_id": "way/1308265232", "model_source": "dams.geojson" }, "geometry": { "type": "Polygon", "coordinates": [ [ [ 36.8394917, -1.2532923 ], [ 36.839536, -1.2533191 ], [ 36.8395078, -1.2533593 ], [ 36.839418, -1.2533285 ], [ 36.8394059, -1.253307 ], [ 36.8394327, -1.253291 ], [ 36.8394917, -1.2532923 ] ] ] } },
{ "type": "Feature", "properties": { "id": "way/1547639634", "name": "", "name_en": "", "name_sw": "", "waterway": "", "covered": "", "width": "", "depth": "", "layer": "", "blockage": "", "tunnel": "", "natural_cl": "water", "water": "pond", "source": "", "adm0_pcode": "KEN", "adm0_name": "Kenya", "adm1_pcode": "KE047", "adm1_name": "Nairobi", "adm2_pcode": "KE047275", "adm2_name": "Kilimani", "adm3_pcode": "", "adm3_name": "", "adm4_pcode": "", "adm4_name": "", "name_latin": "", "display_name": "(unnamed dam or water body)", "waterbody_type": "pond", "osm_id": "way/1547639634", "model_source": "dams.geojson" }, "geometry": { "type": "Polygon", "coordinates": [ [ [ 36.8152031, -1.2839846 ], [ 36.8151963, -1.2839743 ], [ 36.8151969, -1.2839619 ], [ 36.8152047, -1.2839523 ], [ 36.8152166, -1.2839491 ], [ 36.8152281, -1.2839535 ], [ 36.8152348, -1.2839638 ], [ 36.8152342, -1.2839762 ], [ 36.8152265, -1.2839858 ], [ 36.8152146, -1.283989 ], [ 36.8152031, -1.2839846 ] ] ] } },
{ "type": "Feature", "properties": { "id": "way/1547639644", "name": "", "name_en": "", "name_sw": "", "waterway": "", "covered": "", "width": "", "depth": "", "layer": "", "blockage": "", "tunnel": "", "natural_cl": "water", "water": "pond", "source": "", "adm0_pcode": "KEN", "adm0_name": "Kenya", "adm1_pcode": "KE047", "adm1_name": "Nairobi", "adm2_pcode": "KE047275", "adm2_name": "Kilimani", "adm3_pcode": "", "adm3_name": "", "adm4_pcode": "", "adm4_name": "", "name_latin": "", "display_name": "(unnamed dam or water body)", "waterbody_type": "pond", "osm_id": "way/1547639644", "model_source": "dams.geojson" }, "geometry": { "type": "Polygon", "coordinates": [ [ [ 36.8150755, -1.2840097 ], [ 36.8150559, -1.2839951 ], [ 36.8150434, -1.2839741 ], [ 36.8150398, -1.2839499 ], [ 36.8150458, -1.2839262 ], [ 36.8150603, -1.2839066 ], [ 36.8150813, -1.283894 ], [ 36.8151055, -1.2838905 ], [ 36.8151292, -1.2838964 ], [ 36.8151489, -1.283911 ], [ 36.8151614, -1.283932 ], [ 36.815165, -1.2839562 ], [ 36.815159, -1.2839799 ], [ 36.8151444, -1.2839995 ], [ 36.8151235, -1.2840121 ], [ 36.8150993, -1.2840157 ], [ 36.8150755, -1.2840097 ] ] ] } },
{ "type": "Feature", "properties": { "id": "way/1547639635", "name": "", "name_en": "", "name_sw": "", "waterway": "", "covered": "", "width": "", "depth": "", "layer": "", "blockage": "", "tunnel": "", "natural_cl": "water", "water": "pond", "source": "", "adm0_pcode": "KEN", "adm0_name": "Kenya", "adm1_pcode": "KE047", "adm1_name": "Nairobi", "adm2_pcode": "KE047275", "adm2_name": "Kilimani", "adm3_pcode": "", "adm3_name": "", "adm4_pcode": "", "adm4_name": "", "name_latin": "", "display_name": "(unnamed dam or water body)", "waterbody_type": "pond", "osm_id": "way/1547639635", "model_source": "dams.geojson" }, "geometry": { "type": "Polygon", "coordinates": [ [ [ 36.8149705, -1.283921 ], [ 36.8149701, -1.283913 ], [ 36.8149768, -1.2839087 ], [ 36.8149839, -1.2839123 ], [ 36.8149843, -1.2839203 ], [ 36.8149776, -1.2839246 ], [ 36.8149705, -1.283921 ] ] ] } },
{ "type": "Feature", "properties": { "id": "way/1275299195", "name": "", "name_en": "", "name_sw": "", "waterway": "", "covered": "", "width": "", "depth": "", "layer": "", "blockage": "", "tunnel": "", "natural_cl": "water", "water": "river", "source": "", "adm0_pcode": "KEN", "adm0_name": "Kenya", "adm1_pcode": "KE047", "adm1_name": "Nairobi", "adm2_pcode": "KE047274", "adm2_name": "Westlands", "adm3_pcode": "", "adm3_name": "", "adm4_pcode": "", "adm4_name": "", "name_latin": "", "display_name": "(unnamed dam or water body)", "waterbody_type": "river", "osm_id": "way/1275299195", "model_source": "dams.geojson" }, "geometry": { "type": "Polygon", "coordinates": [ [ [ 36.8205339, -1.2781198 ], [ 36.8204168, -1.2779469 ], [ 36.8202871, -1.2777308 ], [ 36.8202087, -1.2775849 ], [ 36.8201168, -1.2774985 ], [ 36.8199628, -1.2774525 ], [ 36.8198493, -1.2774768 ], [ 36.8196682, -1.2775768 ], [ 36.8195683, -1.27762 ], [ 36.8194872, -1.2776227 ], [ 36.8193548, -1.277566 ], [ 36.8192867, -1.2774741 ], [ 36.8192565, -1.2773646 ], [ 36.8192413, -1.2772391 ], [ 36.8191908, -1.2770981 ], [ 36.8190564, -1.2770253 ], [ 36.8189127, -1.2769964 ], [ 36.818817, -1.2769474 ], [ 36.8187289, -1.2768613 ], [ 36.8186765, -1.2768014 ], [ 36.8186148, -1.2767135 ], [ 36.8185434, -1.2766718 ], [ 36.8184684, -1.2766636 ], [ 36.8183549, -1.2767258 ], [ 36.8182603, -1.2767906 ], [ 36.8181035, -1.2768717 ], [ 36.8179441, -1.2768446 ], [ 36.8177738, -1.2768257 ], [ 36.8176225, -1.2767285 ], [ 36.8175279, -1.2766123 ], [ 36.8174496, -1.2764853 ], [ 36.8174074, -1.276372 ], [ 36.8173765, -1.2762335 ], [ 36.8174384, -1.276163 ], [ 36.8175036, -1.2761368 ], [ 36.8176279, -1.2761773 ], [ 36.8177333, -1.2762421 ], [ 36.8178387, -1.2762773 ], [ 36.8178928, -1.2762421 ], [ 36.8178955, -1.2761827 ], [ 36.8177765, -1.2761055 ], [ 36.8176775, -1.2760444 ], [ 36.8175772, -1.275987 ], [ 36.8174739, -1.2759314 ], [ 36.8173929, -1.2758503 ], [ 36.8172847, -1.2757774 ], [ 36.8171653, -1.2757284 ], [ 36.8170442, -1.2757261 ], [ 36.8168983, -1.2758288 ], [ 36.8168118, -1.2759098 ], [ 36.8166658, -1.2760179 ], [ 36.8165415, -1.2760287 ], [ 36.8163497, -1.2760152 ], [ 36.8162091, -1.2759666 ], [ 36.8161092, -1.2759125 ], [ 36.816007, -1.2758915 ], [ 36.8158524, -1.2759071 ], [ 36.8155393, -1.2757899 ], [ 36.8152082, -1.275721 ], [ 36.8148712, -1.2756336 ], [ 36.8143894, -1.2754237 ], [ 36.8141428, -1.2752587 ], [ 36.8138678, -1.2750518 ], [ 36.8134489, -1.2746729 ], [ 36.8132566, -1.2745174 ], [ 36.8130823, -1.274465 ], [ 36.8129917, -1.2744922 ], [ 36.8129151, -1.2745353 ], [ 36.8127906, -1.274586 ], [ 36.8127744, -1.2744833 ], [ 36.8128419, -1.2743995 ], [ 36.8129095, -1.2743266 ], [ 36.8131359, -1.2743632 ], [ 36.8133466, -1.2744441 ], [ 36.8135355, -1.2745945 ], [ 36.8136973, -1.2747391 ], [ 36.8139804, -1.2749965 ], [ 36.8141932, -1.2751543 ], [ 36.8144493, -1.2752916 ], [ 36.8149173, -1.2755112 ], [ 36.8152765, -1.2755693 ], [ 36.8155416, -1.2756315 ], [ 36.8157659, -1.2756873 ], [ 36.8159038, -1.2756748 ], [ 36.8160065, -1.2756505 ], [ 36.8160902, -1.2756505 ], [ 36.8161858, -1.2756904 ], [ 36.8162416, -1.2757693 ], [ 36.8163686, -1.2758153 ], [ 36.8164902, -1.2758342 ], [ 36.8166199, -1.2758288 ], [ 36.8168172, -1.2756586 ], [ 36.8169226, -1.2755775 ], [ 36.8170793, -1.2755343 ], [ 36.8172995, -1.275576 ], [ 36.817483, -1.2756946 ], [ 36.8176092, -1.2757784 ], [ 36.8177594, -1.2758721 ], [ 36.8178873, -1.2759477 ], [ 36.8180576, -1.2761017 ], [ 36.81810620000001, -1.2762529 ], [ 36.818009, -1.2763772 ], [ 36.817909, -1.276434 ], [ 36.8177684, -1.276434 ], [ 36.8176662, -1.2763935 ], [ 36.8176441, -1.2764934 ], [ 36.8177549, -1.2765853 ], [ 36.8180333, -1.2766609 ], [ 36.8181333, -1.2766285 ], [ 36.8182765, -1.2765366 ], [ 36.81848, -1.2764692 ], [ 36.8186472, -1.276507 ], [ 36.8187745, -1.2765906 ], [ 36.8188467, -1.276669 ], [ 36.8188742, -1.2767372 ], [ 36.8189332, -1.2767798 ], [ 36.8190953, -1.2768257 ], [ 36.8192494, -1.2768852 ], [ 36.819352, -1.276996 ], [ 36.8194061, -1.2770878 ], [ 36.8194439, -1.2772337 ], [ 36.8194737, -1.277385 ], [ 36.8195088, -1.2774363 ], [ 36.8195764, -1.2774309 ], [ 36.8196929, -1.2773361 ], [ 36.8198142, -1.2772816 ], [ 36.8199736, -1.2772499 ], [ 36.8201358, -1.2772715 ], [ 36.8202358, -1.2773391 ], [ 36.820306, -1.277412 ], [ 36.8204114, -1.2775633 ], [ 36.8205249, -1.2777443 ], [ 36.8206432, -1.2779417 ], [ 36.8205339, -1.2781198 ] ] ] } },
{ "type": "Feature", "properties": { "id": "way/1120664981", "name": "", "name_en": "", "name_sw": "", "waterway": "", "covered": "", "width": "", "depth": "", "layer": "", "blockage": "", "tunnel": "", "natural_cl": "water", "water": "pond", "source": "", "adm0_pcode": "KEN", "adm0_name": "Kenya", "adm1_pcode": "KE047", "adm1_name": "Nairobi", "adm2_pcode": "KE047274", "adm2_name": "Westlands", "adm3_pcode": "", "adm3_name": "", "adm4_pcode": "", "adm4_name": "", "name_latin": "", "display_name": "(unnamed dam or water body)", "waterbody_type": "pond", "osm_id": "way/1120664981", "model_source": "dams.geojson" }, "geometry": { "type": "Polygon", "coordinates": [ [ [ 36.8163108, -1.2750589 ], [ 36.8162491, -1.2749626 ], [ 36.8162106, -1.2748739 ], [ 36.8162418, -1.2748007 ], [ 36.8162872, -1.2747682 ], [ 36.8163378, -1.2747776 ], [ 36.8163802, -1.2748007 ], [ 36.8164054, -1.2748213 ], [ 36.8164342, -1.2747776 ], [ 36.8164843, -1.2747429 ], [ 36.8165498, -1.2747429 ], [ 36.8165999, -1.2747737 ], [ 36.8166076, -1.2748238 ], [ 36.8165631, -1.2749387 ], [ 36.8165071, -1.2750777 ], [ 36.816438, -1.2752131 ], [ 36.8163108, -1.2750589 ] ] ] } },
{ "type": "Feature", "properties": { "id": "way/1336477457", "name": "", "name_en": "", "name_sw": "", "waterway": "", "covered": "", "width": "", "depth": "", "layer": "", "blockage": "", "tunnel": "", "natural_cl": "water", "water": "", "source": "", "adm0_pcode": "KEN", "adm0_name": "Kenya", "adm1_pcode": "KE047", "adm1_name": "Nairobi", "adm2_pcode": "KE047274", "adm2_name": "Westlands", "adm3_pcode": "", "adm3_name": "", "adm4_pcode": "", "adm4_name": "", "name_latin": "", "display_name": "(unnamed dam or water body)", "waterbody_type": "water", "osm_id": "way/1336477457", "model_source": "dams.geojson" }, "geometry": { "type": "Polygon", "coordinates": [ [ [ 36.8065396, -1.2624077 ], [ 36.8065174, -1.2624585 ], [ 36.8064196, -1.2623986 ], [ 36.8064457, -1.2623555 ], [ 36.8065396, -1.2624077 ] ] ] } },
{ "type": "Feature", "properties": { "id": "way/24968681", "name": "Lily Lake", "name_en": "", "name_sw": "", "waterway": "", "covered": "", "width": "", "depth": "", "layer": "", "blockage": "", "tunnel": "", "natural_cl": "water", "water": "lake", "source": "", "adm0_pcode": "KEN", "adm0_name": "Kenya", "adm1_pcode": "KE047", "adm1_name": "Nairobi", "adm2_pcode": "KE047274", "adm2_name": "Westlands", "adm3_pcode": "", "adm3_name": "", "adm4_pcode": "", "adm4_name": "", "name_latin": "Lily Lake", "display_name": "Lily Lake", "waterbody_type": "lake", "osm_id": "way/24968681", "model_source": "dams.geojson" }, "geometry": { "type": "Polygon", "coordinates": [ [ [ 36.8178026, -1.2422624 ], [ 36.8178108, -1.2421932 ], [ 36.8177425, -1.2420598 ], [ 36.8178168, -1.2419562 ], [ 36.8178949, -1.2418932 ], [ 36.8180198, -1.2418216 ], [ 36.8181151, -1.2417662 ], [ 36.8181971, -1.2418586 ], [ 36.8181627, -1.2419358 ], [ 36.8181971, -1.2420302 ], [ 36.8182915, -1.242116 ], [ 36.8182915, -1.2422018 ], [ 36.8182314, -1.2422704 ], [ 36.81824, -1.2423563 ], [ 36.8181541, -1.2423563 ], [ 36.8181112, -1.2424592 ], [ 36.8182056, -1.2425107 ], [ 36.8182314, -1.2426223 ], [ 36.8181026, -1.2426309 ], [ 36.8181112, -1.2426823 ], [ 36.818172, -1.2427869 ], [ 36.8182329, -1.2429694 ], [ 36.8184003, -1.2431368 ], [ 36.8182329, -1.2432737 ], [ 36.8180275, -1.2433954 ], [ 36.8179071, -1.2434238 ], [ 36.8178248, -1.2433908 ], [ 36.8176878, -1.2433746 ], [ 36.8175329, -1.2431976 ], [ 36.8174985, -1.2430438 ], [ 36.8175101, -1.2428858 ], [ 36.8177155, -1.2427945 ], [ 36.8178623, -1.2426738 ], [ 36.8179052, -1.2425965 ], [ 36.8179481, -1.2425279 ], [ 36.8178709, -1.2424678 ], [ 36.8178491, -1.2424053 ], [ 36.8178275, -1.2423396 ], [ 36.8178026, -1.2422624 ] ] ] } },
{ "type": "Feature", "properties": { "id": "way/388365966", "name": "", "name_en": "", "name_sw": "", "waterway": "", "covered": "", "width": "", "depth": "", "layer": "", "blockage": "", "tunnel": "", "natural_cl": "", "water": "wastewater", "source": "", "adm0_pcode": "KEN", "adm0_name": "Kenya", "adm1_pcode": "KE047", "adm1_name": "Nairobi", "adm2_pcode": "KE047274", "adm2_name": "Westlands", "adm3_pcode": "", "adm3_name": "", "adm4_pcode": "", "adm4_name": "", "name_latin": "", "display_name": "(unnamed dam or water body)", "waterbody_type": "wastewater", "osm_id": "way/388365966", "model_source": "dams.geojson" }, "geometry": { "type": "Polygon", "coordinates": [ [ [ 36.817919, -1.2360453 ], [ 36.8183311, -1.2362077 ], [ 36.818253, -1.2364058 ], [ 36.8178296, -1.236239 ], [ 36.81786, -1.236162 ], [ 36.8182149, -1.2363019 ], [ 36.8182377, -1.236244 ], [ 36.8178941, -1.2361086 ], [ 36.817919, -1.2360453 ] ] ] } },
{ "type": "Feature", "properties": { "id": "way/388365968", "name": "", "name_en": "", "name_sw": "", "waterway": "", "covered": "", "width": "", "depth": "", "layer": "", "blockage": "", "tunnel": "", "natural_cl": "", "water": "wastewater", "source": "", "adm0_pcode": "KEN", "adm0_name": "Kenya", "adm1_pcode": "KE047", "adm1_name": "Nairobi", "adm2_pcode": "KE047274", "adm2_name": "Westlands", "adm3_pcode": "", "adm3_name": "", "adm4_pcode": "", "adm4_name": "", "name_latin": "", "display_name": "(unnamed dam or water body)", "waterbody_type": "wastewater", "osm_id": "way/388365968", "model_source": "dams.geojson" }, "geometry": { "type": "Polygon", "coordinates": [ [ [ 36.8177851, -1.2359628 ], [ 36.8178651, -1.2359874 ], [ 36.8177759, -1.2362058 ], [ 36.8175913, -1.2361135 ], [ 36.8177851, -1.2359628 ] ] ] } },
{ "type": "Feature", "properties": { "id": "way/388365967", "name": "", "name_en": "", "name_sw": "", "waterway": "", "covered": "", "width": "", "depth": "", "layer": "", "blockage": "", "tunnel": "", "natural_cl": "", "water": "wastewater", "source": "", "adm0_pcode": "KEN", "adm0_name": "Kenya", "adm1_pcode": "KE047", "adm1_name": "Nairobi", "adm2_pcode": "KE047274", "adm2_name": "Westlands", "adm3_pcode": "", "adm3_name": "", "adm4_pcode": "", "adm4_name": "", "name_latin": "", "display_name": "(unnamed dam or water body)", "waterbody_type": "wastewater", "osm_id": "way/388365967", "model_source": "dams.geojson" }, "geometry": { "type": "Polygon", "coordinates": [ [ [ 36.8180063, -1.2357949 ], [ 36.8184325, -1.2359663 ], [ 36.8183639, -1.2361369 ], [ 36.8179377, -1.2359656 ], [ 36.8180063, -1.2357949 ] ] ] } },
{ "type": "Feature", "properties": { "id": "way/1453282917", "name": "", "name_en": "", "name_sw": "", "waterway": "", "covered": "", "width": "", "depth": "", "layer": "", "blockage": "", "tunnel": "", "natural_cl": "water", "water": "", "source": "", "adm0_pcode": "KEN", "adm0_name": "Kenya", "adm1_pcode": "KE047", "adm1_name": "Nairobi", "adm2_pcode": "KE047285", "adm2_name": "Embakasi East", "adm3_pcode": "", "adm3_name": "", "adm4_pcode": "", "adm4_name": "", "name_latin": "", "display_name": "(unnamed dam or water body)", "waterbody_type": "water", "osm_id": "way/1453282917", "model_source": "dams.geojson" }, "geometry": { "type": "Polygon", "coordinates": [ [ [ 36.9278762, -1.2680675 ], [ 36.9277077, -1.2679991 ], [ 36.9275847, -1.2678852 ], [ 36.9276758, -1.2677485 ], [ 36.9278034, -1.2675754 ], [ 36.9277259, -1.267302 ], [ 36.9275892, -1.2671426 ], [ 36.9273751, -1.2669695 ], [ 36.9273204, -1.2667918 ], [ 36.927489, -1.2666323 ], [ 36.9277715, -1.2666733 ], [ 36.9280813, -1.2667781 ], [ 36.9282179, -1.2668966 ], [ 36.9283364, -1.2669376 ], [ 36.9281496, -1.2669558 ], [ 36.9284275, -1.267179 ], [ 36.9286007, -1.2672975 ], [ 36.9285369, -1.2674068 ], [ 36.9286827, -1.2675617 ], [ 36.9289105, -1.2675845 ], [ 36.92912, -1.267826 ], [ 36.9290335, -1.2680447 ], [ 36.9291109, -1.2682907 ], [ 36.9293797, -1.268318 ], [ 36.9294253, -1.2685185 ], [ 36.9295301, -1.2685003 ], [ 36.9295119, -1.2683317 ], [ 36.9296759, -1.2682998 ], [ 36.9298217, -1.2681176 ], [ 36.9298308, -1.2679991 ], [ 36.9299447, -1.26799 ], [ 36.9299857, -1.268113 ], [ 36.9297123, -1.2683864 ], [ 36.9300814, -1.2680857 ], [ 36.9301998, -1.2681312 ], [ 36.9303957, -1.268277 ], [ 36.930578, -1.2684684 ], [ 36.9306007, -1.2687645 ], [ 36.9305506, -1.2689058 ], [ 36.9304549, -1.2689331 ], [ 36.9305233, -1.2687463 ], [ 36.9304048, -1.268883 ], [ 36.9303183, -1.2690379 ], [ 36.9302317, -1.2691837 ], [ 36.9299356, -1.2692247 ], [ 36.9298672, -1.2689695 ], [ 36.9297579, -1.2688739 ], [ 36.9293569, -1.2688739 ], [ 36.9291838, -1.2688192 ], [ 36.9291018, -1.2686916 ], [ 36.9288011, -1.2685003 ], [ 36.9286234, -1.2682998 ], [ 36.928259, -1.2682634 ], [ 36.9281132, -1.2681312 ], [ 36.9278762, -1.2680675 ] ] ] } },
{ "type": "Feature", "properties": { "id": "way/25909982", "name": "", "name_en": "", "name_sw": "", "waterway": "", "covered": "", "width": "", "depth": "", "layer": "", "blockage": "", "tunnel": "", "natural_cl": "water", "water": "", "source": "", "adm0_pcode": "KEN", "adm0_name": "Kenya", "adm1_pcode": "KE047", "adm1_name": "Nairobi", "adm2_pcode": "KE047286", "adm2_name": "Embakasi West", "adm3_pcode": "", "adm3_name": "", "adm4_pcode": "", "adm4_name": "", "name_latin": "", "display_name": "(unnamed dam or water body)", "waterbody_type": "water", "osm_id": "way/25909982", "model_source": "dams.geojson" }, "geometry": { "type": "Polygon", "coordinates": [ [ [ 36.8878282, -1.2565199 ], [ 36.8877767, -1.2564941 ], [ 36.8877081, -1.256477 ], [ 36.8876823, -1.2564169 ], [ 36.8876222, -1.256374 ], [ 36.8877081, -1.2563311 ], [ 36.8877767, -1.2563225 ], [ 36.887854, -1.256271 ], [ 36.8879484, -1.2562367 ], [ 36.8880257, -1.2562625 ], [ 36.8880772, -1.2562196 ], [ 36.8881372, -1.2561595 ], [ 36.8882231, -1.2561681 ], [ 36.8882231, -1.2562453 ], [ 36.8882402, -1.2563311 ], [ 36.8882831, -1.2564083 ], [ 36.8881973, -1.2564255 ], [ 36.8881029, -1.2564598 ], [ 36.8880171, -1.256477 ], [ 36.887957, -1.2565113 ], [ 36.887854, -1.2565971 ], [ 36.8878282, -1.2565199 ] ] ] } },
{ "type": "Feature", "properties": { "id": "way/559767626", "name": "", "name_en": "", "name_sw": "", "waterway": "", "covered": "", "width": "", "depth": "", "layer": "", "blockage": "", "tunnel": "", "natural_cl": "water", "water": "reservoir", "source": "", "adm0_pcode": "KEN", "adm0_name": "Kenya", "adm1_pcode": "KE047", "adm1_name": "Nairobi", "adm2_pcode": "KE047283", "adm2_name": "Embakasi North", "adm3_pcode": "", "adm3_name": "", "adm4_pcode": "", "adm4_name": "", "name_latin": "", "display_name": "(unnamed dam or water body)", "waterbody_type": "reservoir", "osm_id": "way/559767626", "model_source": "dams.geojson" }, "geometry": { "type": "Polygon", "coordinates": [ [ [ 36.8879606, -1.2496519 ], [ 36.8879623, -1.2496433 ], [ 36.8879668, -1.2496357 ], [ 36.8879736, -1.24963 ], [ 36.8879818, -1.2496269 ], [ 36.8879907, -1.2496267 ], [ 36.8879988, -1.2496292 ], [ 36.8880057, -1.2496342 ], [ 36.8880106, -1.2496412 ], [ 36.8880131, -1.2496493 ], [ 36.8880128, -1.2496578 ], [ 36.8880098, -1.2496658 ], [ 36.8880045, -1.2496724 ], [ 36.8879973, -1.249677 ], [ 36.887989, -1.249679 ], [ 36.8879802, -1.2496783 ], [ 36.8879722, -1.2496746 ], [ 36.8879658, -1.2496685 ], [ 36.8879618, -1.2496607 ], [ 36.8879606, -1.2496519 ] ] ] } },
{ "type": "Feature", "properties": { "id": "way/1069834632", "name": "", "name_en": "", "name_sw": "", "waterway": "", "covered": "", "width": "", "depth": "", "layer": "", "blockage": "", "tunnel": "", "natural_cl": "water", "water": "", "source": "", "adm0_pcode": "KEN", "adm0_name": "Kenya", "adm1_pcode": "KE047", "adm1_name": "Nairobi", "adm2_pcode": "KE047283", "adm2_name": "Embakasi North", "adm3_pcode": "", "adm3_name": "", "adm4_pcode": "", "adm4_name": "", "name_latin": "", "display_name": "(unnamed dam or water body)", "waterbody_type": "water", "osm_id": "way/1069834632", "model_source": "dams.geojson" }, "geometry": { "type": "Polygon", "coordinates": [ [ [ 36.8984088, -1.2437972 ], [ 36.8984115, -1.2437875 ], [ 36.8984923, -1.2437563 ], [ 36.8985192, -1.243755 ], [ 36.8985386, -1.2437874 ], [ 36.8983494, -1.2438597 ], [ 36.8983285, -1.2438258 ], [ 36.8984088, -1.2437972 ] ] ] } },
{ "type": "Feature", "properties": { "id": "way/1301065382", "name": "", "name_en": "", "name_sw": "", "waterway": "", "covered": "", "width": "", "depth": "", "layer": "", "blockage": "", "tunnel": "", "natural_cl": "water", "water": "lake", "source": "", "adm0_pcode": "KEN", "adm0_name": "Kenya", "adm1_pcode": "KE047", "adm1_name": "Nairobi", "adm2_pcode": "KE047280", "adm2_name": "Kasarani", "adm3_pcode": "", "adm3_name": "", "adm4_pcode": "", "adm4_name": "", "name_latin": "", "display_name": "(unnamed dam or water body)", "waterbody_type": "lake", "osm_id": "way/1301065382", "model_source": "dams.geojson" }, "geometry": { "type": "Polygon", "coordinates": [ [ [ 36.9329976, -1.2430018 ], [ 36.9329694, -1.2429723 ], [ 36.9329359, -1.2429763 ], [ 36.932909, -1.2429615 ], [ 36.9329412, -1.242869 ], [ 36.9329439, -1.2428288 ], [ 36.9329184, -1.2427778 ], [ 36.9329587, -1.2427296 ], [ 36.9330646, -1.2426853 ], [ 36.9330834, -1.2426183 ], [ 36.9331129, -1.2425647 ], [ 36.9331411, -1.2425352 ], [ 36.9331464, -1.2424775 ], [ 36.9331692, -1.2424185 ], [ 36.933137, -1.2423729 ], [ 36.9330847, -1.2423421 ], [ 36.9329734, -1.2422938 ], [ 36.9329251, -1.242271 ], [ 36.9329654, -1.2422348 ], [ 36.9329184, -1.242204 ], [ 36.932787, -1.2421088 ], [ 36.9327334, -1.2420431 ], [ 36.9327173, -1.2419774 ], [ 36.9326663, -1.241913 ], [ 36.9326113, -1.2419117 ], [ 36.9325322, -1.2418849 ], [ 36.9325174, -1.2418661 ], [ 36.9324316, -1.2418487 ], [ 36.9323377, -1.241854 ], [ 36.9322801, -1.2418936 ], [ 36.9322097, -1.2419144 ], [ 36.9321688, -1.2419043 ], [ 36.9321547, -1.2418829 ], [ 36.9321138, -1.2418782 ], [ 36.9321111, -1.24185 ], [ 36.9321419, -1.2418306 ], [ 36.9321654, -1.2417977 ], [ 36.9321862, -1.2417689 ], [ 36.9321996, -1.241722 ], [ 36.932205, -1.2416811 ], [ 36.9322371, -1.2416469 ], [ 36.9322713, -1.2416254 ], [ 36.9323102, -1.2416228 ], [ 36.9323431, -1.241665 ], [ 36.9323813, -1.241726 ], [ 36.9324008, -1.241783 ], [ 36.9324269, -1.2418078 ], [ 36.9324598, -1.2417924 ], [ 36.9324772, -1.2417307 ], [ 36.9325054, -1.2416824 ], [ 36.932549, -1.2416616 ], [ 36.9326167, -1.2416455 ], [ 36.9327199, -1.2416543 ], [ 36.9327857, -1.2416858 ], [ 36.9328473, -1.2417763 ], [ 36.9329453, -1.2418165 ], [ 36.9330056, -1.2418527 ], [ 36.933082, -1.2419385 ], [ 36.9331008, -1.2420015 ], [ 36.9331437, -1.2420981 ], [ 36.9332215, -1.2421718 ], [ 36.933251, -1.2422415 ], [ 36.9332899, -1.2422925 ], [ 36.933365, -1.2423045 ], [ 36.9334495, -1.2423394 ], [ 36.9334763, -1.242385 ], [ 36.9335031, -1.2424708 ], [ 36.9335635, -1.2424842 ], [ 36.9336171, -1.2424708 ], [ 36.9336775, -1.242511 ], [ 36.9336949, -1.2425486 ], [ 36.9337566, -1.2425754 ], [ 36.9338116, -1.2426049 ], [ 36.9338787, -1.2426076 ], [ 36.9339336, -1.2425901 ], [ 36.9339953, -1.2425673 ], [ 36.9340101, -1.2425513 ], [ 36.9340651, -1.2425687 ], [ 36.934116, -1.2425982 ], [ 36.934175, -1.2426304 ], [ 36.934289, -1.2426585 ], [ 36.9343749, -1.2426987 ], [ 36.9344299, -1.242739 ], [ 36.9344647, -1.2427644 ], [ 36.9345331, -1.2427792 ], [ 36.9345894, -1.2428087 ], [ 36.9345881, -1.2428342 ], [ 36.9345237, -1.2428663 ], [ 36.9344567, -1.2428704 ], [ 36.934391, -1.2428824 ], [ 36.9343534, -1.242932 ], [ 36.9343293, -1.2429669 ], [ 36.934289, -1.2430031 ], [ 36.9342837, -1.2430768 ], [ 36.9342193, -1.2432163 ], [ 36.9341603, -1.2432645 ], [ 36.9340047, -1.2433182 ], [ 36.9338411, -1.243353 ], [ 36.9336453, -1.2433477 ], [ 36.9334817, -1.2433289 ], [ 36.933369, -1.2432806 ], [ 36.9332591, -1.2432324 ], [ 36.9331732, -1.2431841 ], [ 36.9330686, -1.2431546 ], [ 36.9330043, -1.2431251 ], [ 36.9329774, -1.243054 ], [ 36.9329976, -1.2430018 ] ] ] } },
{ "type": "Feature", "properties": { "id": "way/25785491", "name": "", "name_en": "", "name_sw": "", "waterway": "", "covered": "", "width": "", "depth": "", "layer": "", "blockage": "", "tunnel": "", "natural_cl": "water", "water": "", "source": "", "adm0_pcode": "KEN", "adm0_name": "Kenya", "adm1_pcode": "KE047", "adm1_name": "Nairobi", "adm2_pcode": "KE047280", "adm2_name": "Kasarani", "adm3_pcode": "", "adm3_name": "", "adm4_pcode": "", "adm4_name": "", "name_latin": "", "display_name": "(unnamed dam or water body)", "waterbody_type": "water", "osm_id": "way/25785491", "model_source": "dams.geojson" }, "geometry": { "type": "Polygon", "coordinates": [ [ [ 36.9250763, -1.2422726 ], [ 36.9251364, -1.2422383 ], [ 36.9252222, -1.2422468 ], [ 36.9253166, -1.2423069 ], [ 36.9253853, -1.2423241 ], [ 36.9253853, -1.2424185 ], [ 36.9253595, -1.2425128 ], [ 36.9252995, -1.2424785 ], [ 36.9252651, -1.2423755 ], [ 36.9252222, -1.2423326 ], [ 36.9251278, -1.2423155 ], [ 36.9250763, -1.2422726 ] ] ] } },
{ "type": "Feature", "properties": { "id": "way/1212822218", "name": "", "name_en": "", "name_sw": "", "waterway": "", "covered": "", "width": "", "depth": "", "layer": "", "blockage": "", "tunnel": "", "natural_cl": "water", "water": "pond", "source": "", "adm0_pcode": "KEN", "adm0_name": "Kenya", "adm1_pcode": "KE047", "adm1_name": "Nairobi", "adm2_pcode": "KE047280", "adm2_name": "Kasarani", "adm3_pcode": "", "adm3_name": "", "adm4_pcode": "", "adm4_name": "", "name_latin": "", "display_name": "(unnamed dam or water body)", "waterbody_type": "pond", "osm_id": "way/1212822218", "model_source": "dams.geojson" }, "geometry": { "type": "Polygon", "coordinates": [ [ [ 36.8791741, -1.2321338 ], [ 36.8791765, -1.2321082 ], [ 36.8791925, -1.2320784 ], [ 36.879223, -1.2320666 ], [ 36.879239, -1.2320718 ], [ 36.8792352, -1.2321125 ], [ 36.8792209, -1.232145 ], [ 36.8792017, -1.2321583 ], [ 36.8791833, -1.2321546 ], [ 36.8791741, -1.2321338 ] ] ] } },
{ "type": "Feature", "properties": { "id": "way/1212822219", "name": "", "name_en": "", "name_sw": "", "waterway": "", "covered": "", "width": "", "depth": "", "layer": "", "blockage": "", "tunnel": "", "natural_cl": "water", "water": "pond", "source": "", "adm0_pcode": "KEN", "adm0_name": "Kenya", "adm1_pcode": "KE047", "adm1_name": "Nairobi", "adm2_pcode": "KE047280", "adm2_name": "Kasarani", "adm3_pcode": "", "adm3_name": "", "adm4_pcode": "", "adm4_name": "", "name_latin": "", "display_name": "(unnamed dam or water body)", "waterbody_type": "pond", "osm_id": "way/1212822219", "model_source": "dams.geojson" }, "geometry": { "type": "Polygon", "coordinates": [ [ [ 36.8791202, -1.2320973 ], [ 36.8791379, -1.2320694 ], [ 36.8791504, -1.2320404 ], [ 36.879159, -1.2320199 ], [ 36.8791706, -1.2320171 ], [ 36.8791779, -1.2320297 ], [ 36.8791824, -1.2320538 ], [ 36.8791675, -1.2321016 ], [ 36.8791377, -1.2321171 ], [ 36.8791087, -1.2321251 ], [ 36.879106, -1.2321138 ], [ 36.8791202, -1.2320973 ] ] ] } },
{ "type": "Feature", "properties": { "id": "way/520010308", "name": "icipe Water", "name_en": "", "name_sw": "", "waterway": "", "covered": "", "width": "", "depth": "", "layer": "", "blockage": "", "tunnel": "", "natural_cl": "water", "water": "reservoir", "source": "", "adm0_pcode": "KEN", "adm0_name": "Kenya", "adm1_pcode": "KE047", "adm1_name": "Nairobi", "adm2_pcode": "KE047279", "adm2_name": "Roysambu", "adm3_pcode": "", "adm3_name": "", "adm4_pcode": "", "adm4_name": "", "name_latin": "icipe Water", "display_name": "icipe Water", "waterbody_type": "reservoir", "osm_id": "way/520010308", "model_source": "dams.geojson" }, "geometry": { "type": "Polygon", "coordinates": [ [ [ 36.8970417, -1.2194818 ], [ 36.8970472, -1.2195478 ], [ 36.8969245, -1.219558 ], [ 36.89694, -1.2194903 ], [ 36.8970417, -1.2194818 ] ] ] } },
{ "type": "Feature", "properties": { "id": "way/597015769", "name": "", "name_en": "", "name_sw": "", "waterway": "", "covered": "", "width": "", "depth": "", "layer": "", "blockage": "", "tunnel": "", "natural_cl": "wetland", "water": "", "source": "", "adm0_pcode": "KEN", "adm0_name": "Kenya", "adm1_pcode": "KE047", "adm1_name": "Nairobi", "adm2_pcode": "KE047279", "adm2_name": "Roysambu", "adm3_pcode": "", "adm3_name": "", "adm4_pcode": "", "adm4_name": "", "name_latin": "", "display_name": "(unnamed dam or water body)", "waterbody_type": "wetland", "osm_id": "way/597015769", "model_source": "dams.geojson" }, "geometry": { "type": "Polygon", "coordinates": [ [ [ 36.8797491, -1.2149483 ], [ 36.8798183, -1.2149209 ], [ 36.8799116, -1.2149547 ], [ 36.8799775, -1.2149869 ], [ 36.8800081, -1.215048 ], [ 36.8799984, -1.2151091 ], [ 36.879963, -1.2151557 ], [ 36.8799132, -1.2152055 ], [ 36.8798955, -1.215249 ], [ 36.8798971, -1.2153004 ], [ 36.8799003, -1.2153326 ], [ 36.8798955, -1.2153873 ], [ 36.8798762, -1.2154226 ], [ 36.8798167, -1.2154869 ], [ 36.8797491, -1.215503 ], [ 36.8796816, -1.2154821 ], [ 36.8796253, -1.2154644 ], [ 36.8795915, -1.2154451 ], [ 36.879561, -1.2154001 ], [ 36.8795497, -1.215376 ], [ 36.87951910000001, -1.2153229 ], [ 36.8795288, -1.215257 ], [ 36.8795384, -1.2152216 ], [ 36.8795626, -1.2151654 ], [ 36.8795722, -1.2151171 ], [ 36.8796285, -1.2150319 ], [ 36.8796703, -1.2150062 ], [ 36.8797491, -1.2149483 ] ] ] } },
{ "type": "Feature", "properties": { "id": "way/113032116", "name": "", "name_en": "", "name_sw": "", "waterway": "", "covered": "", "width": "", "depth": "", "layer": "", "blockage": "", "tunnel": "", "natural_cl": "water", "water": "", "source": "", "adm0_pcode": "KEN", "adm0_name": "Kenya", "adm1_pcode": "KE047", "adm1_name": "Nairobi", "adm2_pcode": "KE047279", "adm2_name": "Roysambu", "adm3_pcode": "", "adm3_name": "", "adm4_pcode": "", "adm4_name": "", "name_latin": "", "display_name": "(unnamed dam or water body)", "waterbody_type": "water", "osm_id": "way/113032116", "model_source": "dams.geojson" }, "geometry": { "type": "Polygon", "coordinates": [ [ [ 36.8468242, -1.2533269 ], [ 36.8469198, -1.2531928 ], [ 36.8470859, -1.2531375 ], [ 36.847186, -1.25315 ], [ 36.8475706, -1.2530637 ], [ 36.8476952, -1.2530788 ], [ 36.8478639, -1.2529998 ], [ 36.8480024, -1.2531273 ], [ 36.8475686, -1.2535826 ], [ 36.8472495, -1.2535866 ], [ 36.8469751, -1.2535937 ], [ 36.8468734, -1.2534989 ], [ 36.8468242, -1.2533269 ] ] ] } },
{ "type": "Feature", "properties": { "id": "way/524758023", "name": "", "name_en": "", "name_sw": "", "waterway": "", "covered": "", "width": "", "depth": "", "layer": "", "blockage": "", "tunnel": "", "natural_cl": "water", "water": "", "source": "", "adm0_pcode": "KEN", "adm0_name": "Kenya", "adm1_pcode": "KE047", "adm1_name": "Nairobi", "adm2_pcode": "KE047279", "adm2_name": "Roysambu", "adm3_pcode": "", "adm3_name": "", "adm4_pcode": "", "adm4_name": "", "name_latin": "", "display_name": "(unnamed dam or water body)", "waterbody_type": "water", "osm_id": "way/524758023", "model_source": "dams.geojson" }, "geometry": { "type": "Polygon", "coordinates": [ [ [ 36.8473833, -1.2521387 ], [ 36.8474673, -1.2520406 ], [ 36.8478176, -1.25212 ], [ 36.8477569, -1.2523208 ], [ 36.8470517, -1.2524001 ], [ 36.8469817, -1.2523768 ], [ 36.8469957, -1.2522928 ], [ 36.8471171, -1.2522274 ], [ 36.8473833, -1.2521387 ] ] ] } },
{ "type": "Feature", "properties": { "id": "way/113032110", "name": "", "name_en": "", "name_sw": "", "waterway": "", "covered": "", "width": "", "depth": "", "layer": "", "blockage": "", "tunnel": "", "natural_cl": "water", "water": "", "source": "", "adm0_pcode": "KEN", "adm0_name": "Kenya", "adm1_pcode": "KE047", "adm1_name": "Nairobi", "adm2_pcode": "KE047279", "adm2_name": "Roysambu", "adm3_pcode": "", "adm3_name": "", "adm4_pcode": "", "adm4_name": "", "name_latin": "", "display_name": "(unnamed dam or water body)", "waterbody_type": "water", "osm_id": "way/113032110", "model_source": "dams.geojson" }, "geometry": { "type": "Polygon", "coordinates": [ [ [ 36.8493783, -1.2513494 ], [ 36.8493622, -1.2513065 ], [ 36.8493837, -1.2512367 ], [ 36.8494373, -1.2511885 ], [ 36.8495208, -1.2511649 ], [ 36.8496144, -1.2511938 ], [ 36.8497002, -1.2512206 ], [ 36.8498021, -1.2512421 ], [ 36.8499148, -1.2512635 ], [ 36.8500167, -1.2512635 ], [ 36.8500918, -1.2511938 ], [ 36.8501776, -1.2511616 ], [ 36.8502635, -1.2511724 ], [ 36.8503386, -1.2512099 ], [ 36.8503654, -1.2512743 ], [ 36.8503332, -1.2513279 ], [ 36.8502527, -1.2513976 ], [ 36.8501991, -1.2514834 ], [ 36.8501401, -1.2515156 ], [ 36.8500596, -1.2515317 ], [ 36.849947, -1.2514781 ], [ 36.8498719, -1.2514298 ], [ 36.8498021, -1.2514244 ], [ 36.8496734, -1.2514244 ], [ 36.8495929, -1.2514137 ], [ 36.8495178, -1.2513923 ], [ 36.8494373, -1.2513762 ], [ 36.8493783, -1.2513494 ] ] ] } },
{ "type": "Feature", "properties": { "id": "way/692748287", "name": "Butterfly Pond", "name_en": "", "name_sw": "", "waterway": "", "covered": "", "width": "", "depth": "", "layer": "", "blockage": "", "tunnel": "", "natural_cl": "wetland", "water": "", "source": "", "adm0_pcode": "KEN", "adm0_name": "Kenya", "adm1_pcode": "KE047", "adm1_name": "Nairobi", "adm2_pcode": "KE047274", "adm2_name": "Westlands", "adm3_pcode": "", "adm3_name": "", "adm4_pcode": "", "adm4_name": "", "name_latin": "Butterfly Pond", "display_name": "Butterfly Pond", "waterbody_type": "wetland", "osm_id": "way/692748287", "model_source": "dams.geojson" }, "geometry": { "type": "Polygon", "coordinates": [ [ [ 36.8378557, -1.2424475 ], [ 36.8376478, -1.2426206 ], [ 36.8374342, -1.2425514 ], [ 36.8369954, -1.2425975 ], [ 36.8367068, -1.2423436 ], [ 36.8364643, -1.2422916 ], [ 36.8370589, -1.2418587 ], [ 36.8377691, -1.2422685 ], [ 36.8378557, -1.2424475 ] ] ] } },
{ "type": "Feature", "properties": { "id": "way/1017555912", "name": "", "name_en": "", "name_sw": "", "waterway": "", "covered": "", "width": "", "depth": "", "layer": "", "blockage": "", "tunnel": "", "natural_cl": "wetland", "water": "", "source": "", "adm0_pcode": "KEN", "adm0_name": "Kenya", "adm1_pcode": "KE047", "adm1_name": "Nairobi", "adm2_pcode": "KE047274", "adm2_name": "Westlands", "adm3_pcode": "", "adm3_name": "", "adm4_pcode": "", "adm4_name": "", "name_latin": "", "display_name": "(unnamed dam or water body)", "waterbody_type": "wetland", "osm_id": "way/1017555912", "model_source": "dams.geojson" }, "geometry": { "type": "Polygon", "coordinates": [ [ [ 36.8286183, -1.2411326 ], [ 36.8289659, -1.2411674 ], [ 36.8290441, -1.2413151 ], [ 36.8290311, -1.2413889 ], [ 36.8289355, -1.2414975 ], [ 36.8288529, -1.2415106 ], [ 36.8287877, -1.2416278 ], [ 36.8285922, -1.2416365 ], [ 36.8285009, -1.2417408 ], [ 36.8283532, -1.2417929 ], [ 36.8282402, -1.2416278 ], [ 36.8283749, -1.2414584 ], [ 36.8283141, -1.241302 ], [ 36.8283749, -1.2411891 ], [ 36.8286183, -1.2411326 ] ] ] } },
{ "type": "Feature", "properties": { "id": "way/388365965", "name": "", "name_en": "", "name_sw": "", "waterway": "", "covered": "", "width": "", "depth": "", "layer": "", "blockage": "", "tunnel": "", "natural_cl": "", "water": "wastewater", "source": "", "adm0_pcode": "KEN", "adm0_name": "Kenya", "adm1_pcode": "KE047", "adm1_name": "Nairobi", "adm2_pcode": "KE047274", "adm2_name": "Westlands", "adm3_pcode": "", "adm3_name": "", "adm4_pcode": "", "adm4_name": "", "name_latin": "", "display_name": "(unnamed dam or water body)", "waterbody_type": "wastewater", "osm_id": "way/388365965", "model_source": "dams.geojson" }, "geometry": { "type": "Polygon", "coordinates": [ [ [ 36.8184418, -1.2354042 ], [ 36.8186317, -1.2354824 ], [ 36.8184622, -1.2358939 ], [ 36.8182723, -1.2358157 ], [ 36.8184418, -1.2354042 ] ] ] } },
{ "type": "Feature", "properties": { "id": "way/1136914477", "name": "", "name_en": "", "name_sw": "", "waterway": "", "covered": "", "width": "", "depth": "", "layer": "", "blockage": "", "tunnel": "", "natural_cl": "water", "water": "pond", "source": "", "adm0_pcode": "KEN", "adm0_name": "Kenya", "adm1_pcode": "KE047", "adm1_name": "Nairobi", "adm2_pcode": "KE047274", "adm2_name": "Westlands", "adm3_pcode": "", "adm3_name": "", "adm4_pcode": "", "adm4_name": "", "name_latin": "", "display_name": "(unnamed dam or water body)", "waterbody_type": "pond", "osm_id": "way/1136914477", "model_source": "dams.geojson" }, "geometry": { "type": "Polygon", "coordinates": [ [ [ 36.8196348, -1.2319654 ], [ 36.8195495, -1.2319523 ], [ 36.819485, -1.2319022 ], [ 36.8194784, -1.2318216 ], [ 36.8195043, -1.231789 ], [ 36.8196262, -1.2317646 ], [ 36.8197623, -1.2317512 ], [ 36.8198569, -1.2317742 ], [ 36.8199183, -1.2318189 ], [ 36.8199116, -1.231873 ], [ 36.8198775, -1.231937 ], [ 36.8197687, -1.2319549 ], [ 36.8196348, -1.2319654 ] ] ] } },
{ "type": "Feature", "properties": { "id": "way/1039136404", "name": "", "name_en": "", "name_sw": "", "waterway": "", "covered": "", "width": "", "depth": "", "layer": "", "blockage": "", "tunnel": "", "natural_cl": "water", "water": "pond", "source": "", "adm0_pcode": "KEN", "adm0_name": "Kenya", "adm1_pcode": "KE047", "adm1_name": "Nairobi", "adm2_pcode": "KE047279", "adm2_name": "Roysambu", "adm3_pcode": "", "adm3_name": "", "adm4_pcode": "", "adm4_name": "", "name_latin": "", "display_name": "(unnamed dam or water body)", "waterbody_type": "pond", "osm_id": "way/1039136404", "model_source": "dams.geojson" }, "geometry": { "type": "Polygon", "coordinates": [ [ [ 36.8463622, -1.225788 ], [ 36.8463622, -1.2258121 ], [ 36.8463998, -1.2258094 ], [ 36.8464011, -1.2258497 ], [ 36.8463609, -1.2258644 ], [ 36.8463233, -1.225851 ], [ 36.8463166, -1.2258148 ], [ 36.8463622, -1.225788 ] ] ] } },
{ "type": "Feature", "properties": { "id": "way/25704646", "name": "", "name_en": "", "name_sw": "", "waterway": "", "covered": "", "width": "", "depth": "", "layer": "", "blockage": "", "tunnel": "", "natural_cl": "water", "water": "", "source": "", "adm0_pcode": "KEN", "adm0_name": "Kenya", "adm1_pcode": "KE047", "adm1_name": "Nairobi", "adm2_pcode": "KE047279", "adm2_name": "Roysambu", "adm3_pcode": "", "adm3_name": "", "adm4_pcode": "", "adm4_name": "", "name_latin": "", "display_name": "(unnamed dam or water body)", "waterbody_type": "water", "osm_id": "way/25704646", "model_source": "dams.geojson" }, "geometry": { "type": "Polygon", "coordinates": [ [ [ 36.8376906, -1.2259925 ], [ 36.8376759, -1.2259361 ], [ 36.8376705, -1.2258114 ], [ 36.8376672, -1.2257592 ], [ 36.8376625, -1.2256894 ], [ 36.8376638, -1.2256506 ], [ 36.8376678, -1.225605 ], [ 36.8376839, -1.2255621 ], [ 36.8377081, -1.2255272 ], [ 36.8377322, -1.2255057 ], [ 36.8377751, -1.2254883 ], [ 36.8377996, -1.2254816 ], [ 36.8378247, -1.2254716 ], [ 36.8378445, -1.2254635 ], [ 36.837873, -1.2254494 ], [ 36.8379119, -1.2254327 ], [ 36.837932, -1.225431 ], [ 36.8379495, -1.22544 ], [ 36.8379639, -1.2254531 ], [ 36.837979, -1.2254736 ], [ 36.8379897, -1.2255486 ], [ 36.8380018, -1.2256224 ], [ 36.8380239, -1.2257236 ], [ 36.8380628, -1.2258959 ], [ 36.8380601, -1.2259482 ], [ 36.838042, -1.2259817 ], [ 36.8380157, -1.2260012 ], [ 36.8379556, -1.2260098 ], [ 36.8379106, -1.2260327 ], [ 36.8378757, -1.2260622 ], [ 36.8378381, -1.2260769 ], [ 36.8377939, -1.2260903 ], [ 36.837763, -1.2260924 ], [ 36.8377389, -1.226083 ], [ 36.8377268, -1.2260635 ], [ 36.8376906, -1.2259925 ] ] ] } },
{ "type": "Feature", "properties": { "id": "way/25704628", "name": "", "name_en": "", "name_sw": "", "waterway": "", "covered": "", "width": "", "depth": "", "layer": "", "blockage": "", "tunnel": "", "natural_cl": "water", "water": "", "source": "", "adm0_pcode": "KEN", "adm0_name": "Kenya", "adm1_pcode": "KE047", "adm1_name": "Nairobi", "adm2_pcode": "KE047279", "adm2_name": "Roysambu", "adm3_pcode": "", "adm3_name": "", "adm4_pcode": "", "adm4_name": "", "name_latin": "", "display_name": "(unnamed dam or water body)", "waterbody_type": "water", "osm_id": "way/25704628", "model_source": "dams.geojson" }, "geometry": { "type": "Polygon", "coordinates": [ [ [ 36.8397752, -1.2178062 ], [ 36.8398267, -1.2177376 ], [ 36.8398954, -1.2177204 ], [ 36.8400499, -1.2177376 ], [ 36.8401615, -1.2177032 ], [ 36.8402559, -1.2176432 ], [ 36.840479, -1.2176346 ], [ 36.8406679, -1.2175573 ], [ 36.8408395, -1.2175144 ], [ 36.8410026, -1.217463 ], [ 36.8411056, -1.2174715 ], [ 36.8412258, -1.2173857 ], [ 36.8413545, -1.2173257 ], [ 36.841509, -1.2173085 ], [ 36.8416292, -1.2173857 ], [ 36.8417408, -1.2175144 ], [ 36.8419038, -1.2178148 ], [ 36.8420927, -1.2182353 ], [ 36.8420927, -1.218364 ], [ 36.842024, -1.2184069 ], [ 36.8417322, -1.2184584 ], [ 36.8413974, -1.2184927 ], [ 36.8411743, -1.2184841 ], [ 36.8410198, -1.2184927 ], [ 36.840891, -1.2184584 ], [ 36.8407194, -1.218364 ], [ 36.8406507, -1.2183039 ], [ 36.8405649, -1.2183039 ], [ 36.8404962, -1.2182524 ], [ 36.8404104, -1.2182353 ], [ 36.8402044, -1.2182524 ], [ 36.8401615, -1.2181409 ], [ 36.8402301, -1.2180808 ], [ 36.8401529, -1.2179864 ], [ 36.8400671, -1.2179692 ], [ 36.8399383, -1.2179006 ], [ 36.8398439, -1.217892 ], [ 36.8397151, -1.2178577 ], [ 36.8397752, -1.2178062 ] ] ] } },
{ "type": "Feature", "properties": { "id": "way/388365964", "name": "", "name_en": "", "name_sw": "", "waterway": "", "covered": "", "width": "", "depth": "", "layer": "", "blockage": "", "tunnel": "", "natural_cl": "", "water": "wastewater", "source": "", "adm0_pcode": "KEN", "adm0_name": "Kenya", "adm1_pcode": "KE047", "adm1_name": "Nairobi", "adm2_pcode": "KE047274", "adm2_name": "Westlands", "adm3_pcode": "", "adm3_name": "", "adm4_pcode": "", "adm4_name": "", "name_latin": "", "display_name": "(unnamed dam or water body)", "waterbody_type": "wastewater", "osm_id": "way/388365964", "model_source": "dams.geojson" }, "geometry": { "type": "Polygon", "coordinates": [ [ [ 36.8182028, -1.2353129 ], [ 36.8184012, -1.2353915 ], [ 36.8182397, -1.2357991 ], [ 36.8180413, -1.2357205 ], [ 36.8182028, -1.2353129 ] ] ] } },
{ "type": "Feature", "properties": { "id": "way/24968710", "name": "", "name_en": "", "name_sw": "", "waterway": "", "covered": "", "width": "", "depth": "", "layer": "", "blockage": "", "tunnel": "", "natural_cl": "wetland", "water": "", "source": "", "adm0_pcode": "KEN", "adm0_name": "Kenya", "adm1_pcode": "KE047", "adm1_name": "Nairobi", "adm2_pcode": "KE047274", "adm2_name": "Westlands", "adm3_pcode": "", "adm3_name": "", "adm4_pcode": "", "adm4_name": "", "name_latin": "", "display_name": "(unnamed dam or water body)", "waterbody_type": "wetland", "osm_id": "way/24968710", "model_source": "dams.geojson" }, "geometry": { "type": "Polygon", "coordinates": [ [ [ 36.8173731, -1.2356888 ], [ 36.8171843, -1.235663 ], [ 36.817004, -1.235663 ], [ 36.8168409, -1.2355686 ], [ 36.8166693, -1.2355601 ], [ 36.8165491, -1.2354056 ], [ 36.8164375, -1.235294 ], [ 36.8164633, -1.2351224 ], [ 36.8165577, -1.2349251 ], [ 36.816695, -1.2348822 ], [ 36.8169096, -1.2347449 ], [ 36.8170383, -1.2347449 ], [ 36.8171499, -1.234762 ], [ 36.8173216, -1.234762 ], [ 36.8174675, -1.2349165 ], [ 36.8176048, -1.234968 ], [ 36.8176821, -1.235131 ], [ 36.8177336, -1.2352683 ], [ 36.8176735, -1.2353541 ], [ 36.8176735, -1.2354914 ], [ 36.817519, -1.2356373 ], [ 36.8173731, -1.2356888 ] ] ] } },
{ "type": "Feature", "properties": { "id": "way/1393821646", "name": "", "name_en": "", "name_sw": "", "waterway": "", "covered": "", "width": "", "depth": "", "layer": "", "blockage": "", "tunnel": "", "natural_cl": "wetland", "water": "", "source": "", "adm0_pcode": "KEN", "adm0_name": "Kenya", "adm1_pcode": "KE047", "adm1_name": "Nairobi", "adm2_pcode": "KE047274", "adm2_name": "Westlands", "adm3_pcode": "", "adm3_name": "", "adm4_pcode": "", "adm4_name": "", "name_latin": "", "display_name": "(unnamed dam or water body)", "waterbody_type": "wetland", "osm_id": "way/1393821646", "model_source": "dams.geojson" }, "geometry": { "type": "Polygon", "coordinates": [ [ [ 36.7991303, -1.2314174 ], [ 36.7990343, -1.23127 ], [ 36.7992331, -1.2305024 ], [ 36.7993942, -1.229985 ], [ 36.7995039, -1.2295944 ], [ 36.7999289, -1.2293374 ], [ 36.8000694, -1.2294539 ], [ 36.8001619, -1.2294642 ], [ 36.8001894, -1.2295567 ], [ 36.8001859, -1.2297075 ], [ 36.8003504, -1.2297417 ], [ 36.8005252, -1.2297109 ], [ 36.8006452, -1.229752 ], [ 36.8005115, -1.2304168 ], [ 36.8003642, -1.2313043 ], [ 36.8002065, -1.2315202 ], [ 36.8001477, -1.2316519 ], [ 36.8001556, -1.2318183 ], [ 36.7998776, -1.2318085 ], [ 36.7997777, -1.2319631 ], [ 36.7994606, -1.2318966 ], [ 36.7992355, -1.2317595 ], [ 36.7991954, -1.2316264 ], [ 36.7991303, -1.2314174 ] ] ] } },
{ "type": "Feature", "properties": { "id": "way/24968702", "name": "", "name_en": "", "name_sw": "", "waterway": "", "covered": "", "width": "", "depth": "", "layer": "", "blockage": "", "tunnel": "", "natural_cl": "wetland", "water": "", "source": "", "adm0_pcode": "KEN", "adm0_name": "Kenya", "adm1_pcode": "KE047", "adm1_name": "Nairobi", "adm2_pcode": "KE047274", "adm2_name": "Westlands", "adm3_pcode": "", "adm3_name": "", "adm4_pcode": "", "adm4_name": "", "name_latin": "", "display_name": "(unnamed dam or water body)", "waterbody_type": "wetland", "osm_id": "way/24968702", "model_source": "dams.geojson" }, "geometry": { "type": "Polygon", "coordinates": [ [ [ 36.8152702, -1.230154 ], [ 36.8152016, -1.2300596 ], [ 36.8150986, -1.229948 ], [ 36.8150042, -1.2299137 ], [ 36.814884, -1.2298365 ], [ 36.8148534, -1.229765 ], [ 36.8147745, -1.2297141 ], [ 36.8146406, -1.2296669 ], [ 36.8146317, -1.2295003 ], [ 36.8148668, -1.2294589 ], [ 36.8150557, -1.2295104 ], [ 36.8151758, -1.2296563 ], [ 36.815296, -1.2297507 ], [ 36.8154076, -1.2298107 ], [ 36.8154333, -1.2299137 ], [ 36.8155621, -1.2299824 ], [ 36.8157166, -1.2301197 ], [ 36.815914, -1.230214 ], [ 36.8160376, -1.2302523 ], [ 36.8161972, -1.2302655 ], [ 36.8163431, -1.2302655 ], [ 36.8165234, -1.2303513 ], [ 36.8166607, -1.2303513 ], [ 36.8167465, -1.2304543 ], [ 36.8167122, -1.2305916 ], [ 36.8166607, -1.2306688 ], [ 36.8164954, -1.2307128 ], [ 36.8163431, -1.2307289 ], [ 36.8162058, -1.2306946 ], [ 36.8161625, -1.2306076 ], [ 36.8159693, -1.2306103 ], [ 36.8157591, -1.2305722 ], [ 36.815605, -1.2304972 ], [ 36.8154762, -1.2304028 ], [ 36.8153131, -1.2302913 ], [ 36.8153217, -1.2302484 ], [ 36.8152702, -1.230154 ] ] ] } },
{ "type": "Feature", "properties": { "id": "way/25341880", "name": "", "name_en": "", "name_sw": "", "waterway": "", "covered": "", "width": "", "depth": "", "layer": "", "blockage": "", "tunnel": "", "natural_cl": "wetland", "water": "", "source": "", "adm0_pcode": "KEN", "adm0_name": "Kenya", "adm1_pcode": "KE047", "adm1_name": "Nairobi", "adm2_pcode": "KE047274", "adm2_name": "Westlands", "adm3_pcode": "", "adm3_name": "", "adm4_pcode": "", "adm4_name": "", "name_latin": "", "display_name": "(unnamed dam or water body)", "waterbody_type": "wetland", "osm_id": "way/25341880", "model_source": "dams.geojson" }, "geometry": { "type": "Polygon", "coordinates": [ [ [ 36.7945863, -1.224001 ], [ 36.7946807, -1.224001 ], [ 36.7948352, -1.2240268 ], [ 36.7949125, -1.2240611 ], [ 36.7949468, -1.2240096 ], [ 36.7951356, -1.2240525 ], [ 36.7952215, -1.2240525 ], [ 36.7952901, -1.2241126 ], [ 36.795436, -1.2240869 ], [ 36.795539, -1.2240869 ], [ 36.7956077, -1.2240268 ], [ 36.7957021, -1.2240783 ], [ 36.7958223, -1.224044 ], [ 36.795891, -1.2240783 ], [ 36.7960369, -1.2240869 ], [ 36.7961399, -1.2240268 ], [ 36.7962343, -1.2240268 ], [ 36.7963716, -1.224044 ], [ 36.7965175, -1.2240268 ], [ 36.7966171, -1.2240215 ], [ 36.7966291, -1.2240611 ], [ 36.7966634, -1.2240869 ], [ 36.7967664, -1.2240869 ], [ 36.7967235, -1.2246017 ], [ 36.7966806, -1.2246446 ], [ 36.7966033, -1.224679 ], [ 36.7963201, -1.224679 ], [ 36.7962257, -1.2246532 ], [ 36.7960369, -1.224679 ], [ 36.7959081, -1.224679 ], [ 36.7955476, -1.2246275 ], [ 36.7953588, -1.2245588 ], [ 36.7952215, -1.2245674 ], [ 36.7951185, -1.2245159 ], [ 36.7950241, -1.2245073 ], [ 36.7949468, -1.2244387 ], [ 36.7948438, -1.2243958 ], [ 36.7947408, -1.2243357 ], [ 36.794655, -1.22431 ], [ 36.7945692, -1.224207 ], [ 36.7944318, -1.2241812 ], [ 36.7944662, -1.224044 ], [ 36.7945863, -1.224001 ] ] ] } },
{ "type": "Feature", "properties": { "id": "way/1211410005", "name": "", "name_en": "", "name_sw": "", "waterway": "", "covered": "", "width": "", "depth": "", "layer": "", "blockage": "", "tunnel": "", "natural_cl": "water", "water": "", "source": "", "adm0_pcode": "KEN", "adm0_name": "Kenya", "adm1_pcode": "KE047", "adm1_name": "Nairobi", "adm2_pcode": "KE047274", "adm2_name": "Westlands", "adm3_pcode": "", "adm3_name": "", "adm4_pcode": "", "adm4_name": "", "name_latin": "", "display_name": "(unnamed dam or water body)", "waterbody_type": "water", "osm_id": "way/1211410005", "model_source": "dams.geojson" }, "geometry": { "type": "Polygon", "coordinates": [ [ [ 36.8133093, -1.2221373 ], [ 36.8133395, -1.2221594 ], [ 36.8133794, -1.2221708 ], [ 36.813381, -1.2221594 ], [ 36.8134041, -1.2221645 ], [ 36.8134185, -1.2221436 ], [ 36.8134278, -1.2221408 ], [ 36.8134968, -1.222145 ], [ 36.8135074, -1.2221589 ], [ 36.8135171, -1.2221672 ], [ 36.8135261, -1.2221897 ], [ 36.8135433, -1.2221936 ], [ 36.8135635, -1.2221959 ], [ 36.8135626, -1.2222013 ], [ 36.8135658, -1.2222141 ], [ 36.8135771, -1.2222183 ], [ 36.8135773, -1.2222217 ], [ 36.8135747, -1.2222246 ], [ 36.8135624, -1.222231 ], [ 36.813517, -1.2222382 ], [ 36.8134876, -1.2222413 ], [ 36.8134573, -1.2222364 ], [ 36.8134341, -1.2222282 ], [ 36.8133871, -1.2222072 ], [ 36.813357, -1.2222021 ], [ 36.8133346, -1.2221945 ], [ 36.8133194, -1.2221863 ], [ 36.8133091, -1.2221816 ], [ 36.8132966, -1.2221618 ], [ 36.8132853, -1.2221382 ], [ 36.8133093, -1.2221373 ] ] ] } },
{ "type": "Feature", "properties": { "id": "way/493736716", "name": "", "name_en": "", "name_sw": "", "waterway": "", "covered": "", "width": "", "depth": "", "layer": "", "blockage": "", "tunnel": "", "natural_cl": "water", "water": "", "source": "", "adm0_pcode": "KEN", "adm0_name": "Kenya", "adm1_pcode": "KE047", "adm1_name": "Nairobi", "adm2_pcode": "KE047274", "adm2_name": "Westlands", "adm3_pcode": "", "adm3_name": "", "adm4_pcode": "", "adm4_name": "", "name_latin": "", "display_name": "(unnamed dam or water body)", "waterbody_type": "water", "osm_id": "way/493736716", "model_source": "dams.geojson" }, "geometry": { "type": "Polygon", "coordinates": [ [ [ 36.7978031, -1.2121291 ], [ 36.797908, -1.2121232 ], [ 36.7980887, -1.2121757 ], [ 36.7982403, -1.2121786 ], [ 36.7983802, -1.212164 ], [ 36.7984968, -1.2121407 ], [ 36.7985551, -1.2121961 ], [ 36.7987154, -1.2124584 ], [ 36.7987999, -1.2126157 ], [ 36.7988378, -1.2126973 ], [ 36.7988378, -1.2127381 ], [ 36.7987656, -1.2127619 ], [ 36.7987008, -1.2127207 ], [ 36.798593, -1.2126361 ], [ 36.7984647, -1.2125167 ], [ 36.7983656, -1.2124176 ], [ 36.7982475, -1.2123653 ], [ 36.7981004, -1.2123039 ], [ 36.797975, -1.2122748 ], [ 36.7978526, -1.2122573 ], [ 36.7977739, -1.2122223 ], [ 36.7977127, -1.2121553 ], [ 36.7978031, -1.2121291 ] ] ] } },
{ "type": "Feature", "properties": { "id": "way/963923386", "name": "", "name_en": "", "name_sw": "", "waterway": "", "covered": "", "width": "", "depth": "", "layer": "", "blockage": "", "tunnel": "", "natural_cl": "water", "water": "", "source": "", "adm0_pcode": "KEN", "adm0_name": "Kenya", "adm1_pcode": "KE047", "adm1_name": "Nairobi", "adm2_pcode": "KE047274", "adm2_name": "Westlands", "adm3_pcode": "", "adm3_name": "", "adm4_pcode": "", "adm4_name": "", "name_latin": "", "display_name": "(unnamed dam or water body)", "waterbody_type": "water", "osm_id": "way/963923386", "model_source": "dams.geojson" }, "geometry": { "type": "Polygon", "coordinates": [ [ [ 36.7954266, -1.2114877 ], [ 36.7954256, -1.2114688 ], [ 36.7954307, -1.2114505 ], [ 36.7954416, -1.2114349 ], [ 36.795457, -1.2114237 ], [ 36.7954751, -1.2114182 ], [ 36.7954941, -1.2114188 ], [ 36.7955118, -1.2114257 ], [ 36.7955262, -1.2114378 ], [ 36.7955359, -1.2114539 ], [ 36.7955398, -1.2114723 ], [ 36.7955376, -1.2114909 ], [ 36.7955295, -1.2115079 ], [ 36.7955164, -1.2115213 ], [ 36.7954996, -1.2115297 ], [ 36.795481, -1.2115323 ], [ 36.7954626, -1.2115287 ], [ 36.7954463, -1.2115194 ], [ 36.7954339, -1.2115053 ], [ 36.7954266, -1.2114877 ] ] ] } },
{ "type": "Feature", "properties": { "id": "way/963923387", "name": "Two Rivers Lake", "name_en": "", "name_sw": "", "waterway": "", "covered": "", "width": "", "depth": "", "layer": "", "blockage": "", "tunnel": "", "natural_cl": "water", "water": "lake", "source": "", "adm0_pcode": "KEN", "adm0_name": "Kenya", "adm1_pcode": "KE047", "adm1_name": "Nairobi", "adm2_pcode": "KE047274", "adm2_name": "Westlands", "adm3_pcode": "", "adm3_name": "", "adm4_pcode": "", "adm4_name": "", "name_latin": "Two Rivers Lake", "display_name": "Two Rivers Lake", "waterbody_type": "lake", "osm_id": "way/963923387", "model_source": "dams.geojson" }, "geometry": { "type": "Polygon", "coordinates": [ [ [ 36.7958484, -1.2095175 ], [ 36.7958131, -1.2094682 ], [ 36.795804, -1.2094514 ], [ 36.7957413, -1.209415 ], [ 36.7956907, -1.2093826 ], [ 36.7957838, -1.2091884 ], [ 36.7958323, -1.2092066 ], [ 36.7959234, -1.2092714 ], [ 36.7959901, -1.2093563 ], [ 36.7960002, -1.2093866 ], [ 36.7960124, -1.2094231 ], [ 36.7960245, -1.2095019 ], [ 36.7960427, -1.2095788 ], [ 36.7960366, -1.2096354 ], [ 36.7960205, -1.2096981 ], [ 36.7960164, -1.2097366 ], [ 36.7960124, -1.209773 ], [ 36.7960144, -1.2098276 ], [ 36.7960245, -1.2098619 ], [ 36.7960629, -1.2099287 ], [ 36.7960973, -1.2099732 ], [ 36.7961479, -1.2100399 ], [ 36.7961843, -1.2100682 ], [ 36.7962511, -1.2101127 ], [ 36.796328, -1.2102098 ], [ 36.7963583, -1.2102786 ], [ 36.7964008, -1.2103817 ], [ 36.7964089, -1.2104768 ], [ 36.7964149, -1.2105355 ], [ 36.7964352, -1.2106042 ], [ 36.7964675, -1.2106932 ], [ 36.7965141, -1.210764 ], [ 36.7966294, -1.2108894 ], [ 36.7966617, -1.2109096 ], [ 36.7967042, -1.2109501 ], [ 36.796775, -1.2110209 ], [ 36.7968438, -1.2111078 ], [ 36.7969086, -1.2111806 ], [ 36.7969692, -1.2112615 ], [ 36.7970077, -1.2113344 ], [ 36.7970562, -1.2114132 ], [ 36.7970805, -1.2114517 ], [ 36.797125, -1.2115103 ], [ 36.7970724, -1.2115649 ], [ 36.7970259, -1.2116054 ], [ 36.7969794, -1.2116398 ], [ 36.7969571, -1.2116519 ], [ 36.7969389, -1.2116317 ], [ 36.7969207, -1.2115993 ], [ 36.7968903, -1.2115447 ], [ 36.7968519, -1.2114699 ], [ 36.7968297, -1.2114213 ], [ 36.7968115, -1.2113667 ], [ 36.7967912, -1.2113283 ], [ 36.7967548, -1.2112696 ], [ 36.7967326, -1.2112231 ], [ 36.796688, -1.2111786 ], [ 36.7966537, -1.2111099 ], [ 36.7966294, -1.2110431 ], [ 36.7966253, -1.2109683 ], [ 36.7966011, -1.2109258 ], [ 36.7965242, -1.2108854 ], [ 36.7964554, -1.2108469 ], [ 36.7963947, -1.2108247 ], [ 36.7963623, -1.2108065 ], [ 36.7963138, -1.2107883 ], [ 36.7962875, -1.210762 ], [ 36.7962652, -1.2107296 ], [ 36.796243, -1.2107074 ], [ 36.7962248, -1.2106689 ], [ 36.7962207, -1.2106285 ], [ 36.7962228, -1.2105759 ], [ 36.7962288, -1.2105557 ], [ 36.7962349, -1.2105193 ], [ 36.7962531, -1.2104849 ], [ 36.7962652, -1.2104323 ], [ 36.7962632, -1.2103817 ], [ 36.7962612, -1.2103352 ], [ 36.796247, -1.2102948 ], [ 36.7962147, -1.210226 ], [ 36.7961863, -1.2101856 ], [ 36.7961257, -1.210137 ], [ 36.7961014, -1.2101148 ], [ 36.7960549, -1.2100844 ], [ 36.7960409, -1.2100705 ], [ 36.7960083, -1.2100379 ], [ 36.7959739, -1.2099975 ], [ 36.7959456, -1.2099267 ], [ 36.7959416, -1.2098721 ], [ 36.7959335, -1.2097992 ], [ 36.7959274, -1.2097305 ], [ 36.7959132, -1.2096799 ], [ 36.795895, -1.2096273 ], [ 36.7958773, -1.2095733 ], [ 36.7958484, -1.2095175 ] ] ] } },
{ "type": "Feature", "properties": { "id": "way/963925213", "name": "", "name_en": "", "name_sw": "", "waterway": "", "covered": "", "width": "", "depth": "", "layer": "", "blockage": "", "tunnel": "", "natural_cl": "water", "water": "", "source": "", "adm0_pcode": "KEN", "adm0_name": "Kenya", "adm1_pcode": "KE047", "adm1_name": "Nairobi", "adm2_pcode": "KE047274", "adm2_name": "Westlands", "adm3_pcode": "", "adm3_name": "", "adm4_pcode": "", "adm4_name": "", "name_latin": "", "display_name": "(unnamed dam or water body)", "waterbody_type": "water", "osm_id": "way/963925213", "model_source": "dams.geojson" }, "geometry": { "type": "Polygon", "coordinates": [ [ [ 36.7961824, -1.2092785 ], [ 36.796217, -1.2092946 ], [ 36.7962331, -1.20926 ], [ 36.7962343, -1.2092266 ], [ 36.7962405, -1.2091858 ], [ 36.7962541, -1.2091648 ], [ 36.7962677, -1.2091413 ], [ 36.7963023, -1.2091203 ], [ 36.7963283, -1.2091153 ], [ 36.7963592, -1.209119 ], [ 36.7963889, -1.2091264 ], [ 36.7964124, -1.20914 ], [ 36.7964347, -1.2091648 ], [ 36.7964384, -1.2091907 ], [ 36.7964136, -1.2092884 ], [ 36.7962516, -1.2096173 ], [ 36.7961069, -1.2095431 ], [ 36.7960896, -1.2095221 ], [ 36.7960896, -1.2095048 ], [ 36.7960995, -1.2094479 ], [ 36.7961824, -1.2092785 ] ] ] } },
{ "type": "Feature", "properties": { "id": "way/1060547283", "name": "", "name_en": "", "name_sw": "", "waterway": "", "covered": "", "width": "", "depth": "", "layer": "", "blockage": "", "tunnel": "", "natural_cl": "water", "water": "wastewater", "source": "", "adm0_pcode": "KEN", "adm0_name": "Kenya", "adm1_pcode": "KE047", "adm1_name": "Nairobi", "adm2_pcode": "KE047274", "adm2_name": "Westlands", "adm3_pcode": "", "adm3_name": "", "adm4_pcode": "", "adm4_name": "", "name_latin": "", "display_name": "(unnamed dam or water body)", "waterbody_type": "wastewater", "osm_id": "way/1060547283", "model_source": "dams.geojson" }, "geometry": { "type": "Polygon", "coordinates": [ [ [ 36.7211712, -1.2705512 ], [ 36.7212375, -1.2703822 ], [ 36.7215713, -1.270513 ], [ 36.721505, -1.270682 ], [ 36.7211712, -1.2705512 ] ] ] } },
{ "type": "Feature", "properties": { "id": "way/1060547284", "name": "", "name_en": "", "name_sw": "", "waterway": "", "covered": "", "width": "", "depth": "", "layer": "", "blockage": "", "tunnel": "", "natural_cl": "water", "water": "wastewater", "source": "", "adm0_pcode": "KEN", "adm0_name": "Kenya", "adm1_pcode": "KE047", "adm1_name": "Nairobi", "adm2_pcode": "KE047274", "adm2_name": "Westlands", "adm3_pcode": "", "adm3_name": "", "adm4_pcode": "", "adm4_name": "", "name_latin": "", "display_name": "(unnamed dam or water body)", "waterbody_type": "wastewater", "osm_id": "way/1060547284", "model_source": "dams.geojson" }, "geometry": { "type": "Polygon", "coordinates": [ [ [ 36.7207231, -1.2703773 ], [ 36.7207685, -1.270259 ], [ 36.7210591, -1.2703704 ], [ 36.7210137, -1.2704887 ], [ 36.7207231, -1.2703773 ] ] ] } },
{ "type": "Feature", "properties": { "id": "way/530983641", "name": "Ondiri Swamp", "name_en": "", "name_sw": "", "waterway": "", "covered": "", "width": "", "depth": "", "layer": "", "blockage": "", "tunnel": "", "natural_cl": "wetland", "water": "", "source": "", "adm0_pcode": "KEN", "adm0_name": "Kenya", "adm1_pcode": "KE022", "adm1_name": "Kiambu", "adm2_pcode": "KE022120", "adm2_name": "Kikuyu", "adm3_pcode": "", "adm3_name": "", "adm4_pcode": "", "adm4_name": "", "name_latin": "Ondiri Swamp", "display_name": "Ondiri Swamp", "waterbody_type": "wetland", "osm_id": "way/530983641", "model_source": "dams.geojson" }, "geometry": { "type": "Polygon", "coordinates": [ [ [ 36.6555191, -1.2465961 ], [ 36.6559804, -1.2462743 ], [ 36.6567421, -1.2457594 ], [ 36.6573322, -1.2456093 ], [ 36.6579545, -1.2457058 ], [ 36.6582871, -1.2461456 ], [ 36.6583837, -1.2466283 ], [ 36.6583086, -1.2475507 ], [ 36.6582549, -1.2485161 ], [ 36.6586626, -1.2489559 ], [ 36.6595209, -1.2493742 ], [ 36.6602076, -1.24946 ], [ 36.6607655, -1.2495887 ], [ 36.6615487, -1.2506613 ], [ 36.6619993, -1.2519807 ], [ 36.6625572, -1.2524634 ], [ 36.6624499, -1.2526739 ], [ 36.6622675, -1.2530319 ], [ 36.6615487, -1.2527315 ], [ 36.6614521, -1.2523668 ], [ 36.6602183, -1.2518949 ], [ 36.6595424, -1.2518305 ], [ 36.6589308, -1.2513371 ], [ 36.6579116, -1.2513907 ], [ 36.6576648, -1.2511762 ], [ 36.6573751, -1.2508437 ], [ 36.6558087, -1.2512727 ], [ 36.6554654, -1.2503503 ], [ 36.6558195, -1.2491489 ], [ 36.655047, -1.2484196 ], [ 36.6551097, -1.2477163 ], [ 36.6550667, -1.2465954 ], [ 36.6555191, -1.2465961 ] ] ] } },
{ "type": "Feature", "properties": { "id": "way/431215063", "name": "", "name_en": "", "name_sw": "", "waterway": "", "covered": "", "width": "", "depth": "", "layer": "", "blockage": "", "tunnel": "", "natural_cl": "water", "water": "reservoir", "source": "", "adm0_pcode": "KEN", "adm0_name": "Kenya", "adm1_pcode": "KE022", "adm1_name": "Kiambu", "adm2_pcode": "KE022119", "adm2_name": "Kabete", "adm3_pcode": "", "adm3_name": "", "adm4_pcode": "", "adm4_name": "", "name_latin": "", "display_name": "(unnamed dam or water body)", "waterbody_type": "reservoir", "osm_id": "way/431215063", "model_source": "dams.geojson" }, "geometry": { "type": "Polygon", "coordinates": [ [ [ 36.6696972, -1.2493384 ], [ 36.6696221, -1.2493304 ], [ 36.6695094, -1.2493116 ], [ 36.6693324, -1.2494135 ], [ 36.6691527, -1.2495154 ], [ 36.6689944, -1.2495262 ], [ 36.668863, -1.2494618 ], [ 36.6687316, -1.2493197 ], [ 36.6685814, -1.2493116 ], [ 36.6684204, -1.2493948 ], [ 36.6682997, -1.2495154 ], [ 36.6681495, -1.2495154 ], [ 36.6679242, -1.2494698 ], [ 36.6678384, -1.249376 ], [ 36.6679215, -1.2492741 ], [ 36.6684086, -1.2491794 ], [ 36.6686645, -1.2490006 ], [ 36.6688979, -1.2490006 ], [ 36.6691527, -1.2490837 ], [ 36.6692278, -1.24914 ], [ 36.6693941, -1.2491132 ], [ 36.6696408, -1.2490462 ], [ 36.6696972, -1.2493384 ] ] ] } },
{ "type": "Feature", "properties": { "id": "way/151067625", "name": "", "name_en": "", "name_sw": "", "waterway": "", "covered": "", "width": "", "depth": "", "layer": "", "blockage": "", "tunnel": "", "natural_cl": "water", "water": "reservoir", "source": "", "adm0_pcode": "KEN", "adm0_name": "Kenya", "adm1_pcode": "KE022", "adm1_name": "Kiambu", "adm2_pcode": "KE022119", "adm2_name": "Kabete", "adm3_pcode": "", "adm3_name": "", "adm4_pcode": "", "adm4_name": "", "name_latin": "", "display_name": "(unnamed dam or water body)", "waterbody_type": "reservoir", "osm_id": "way/151067625", "model_source": "dams.geojson" }, "geometry": { "type": "Polygon", "coordinates": [ [ [ 36.6704051, -1.2421225 ], [ 36.6704123, -1.2421138 ], [ 36.6704631, -1.2421352 ], [ 36.6704845, -1.2421406 ], [ 36.6705194, -1.2421325 ], [ 36.6705677, -1.2421325 ], [ 36.6705877, -1.2421088 ], [ 36.6706267, -1.2421352 ], [ 36.6706816, -1.2421303 ], [ 36.6707057, -1.24209 ], [ 36.6707781, -1.2420739 ], [ 36.6708627, -1.2420414 ], [ 36.6709659, -1.2420284 ], [ 36.6710237, -1.2420333 ], [ 36.6711068, -1.2419931 ], [ 36.6712034, -1.2419797 ], [ 36.6712356, -1.2419931 ], [ 36.6712395, -1.2420203 ], [ 36.6712636, -1.2420579 ], [ 36.6712904, -1.2420981 ], [ 36.6713911, -1.2420896 ], [ 36.671454, -1.2421061 ], [ 36.6714943, -1.2421624 ], [ 36.6715291, -1.2422429 ], [ 36.6714809, -1.2423019 ], [ 36.6714165, -1.2423475 ], [ 36.6713682, -1.2424735 ], [ 36.6712904, -1.2426022 ], [ 36.6712636, -1.2427175 ], [ 36.6712287, -1.2427792 ], [ 36.6711858, -1.2428999 ], [ 36.6711429, -1.2429106 ], [ 36.6710919, -1.2429589 ], [ 36.6710919, -1.2430903 ], [ 36.6710785, -1.2431975 ], [ 36.6710571, -1.2432699 ], [ 36.6709954, -1.2433611 ], [ 36.6709417, -1.2433557 ], [ 36.6709149, -1.243337 ], [ 36.67088, -1.2434094 ], [ 36.6708774, -1.2435113 ], [ 36.6708881, -1.2435622 ], [ 36.6709095, -1.2436105 ], [ 36.6708559, -1.2436936 ], [ 36.6708559, -1.2437607 ], [ 36.6708049, -1.2438438 ], [ 36.6707191, -1.2438492 ], [ 36.6706145, -1.2438197 ], [ 36.670498, -1.2437898 ], [ 36.6704509, -1.2437231 ], [ 36.6704321, -1.24364 ], [ 36.6704348, -1.243581 ], [ 36.670475, -1.243514 ], [ 36.6704804, -1.2434335 ], [ 36.6704804, -1.2433745 ], [ 36.6704309, -1.2433017 ], [ 36.6703531, -1.2432722 ], [ 36.6702995, -1.2432347 ], [ 36.6703022, -1.2431167 ], [ 36.6703183, -1.2430014 ], [ 36.6703424, -1.2428727 ], [ 36.6702753, -1.2427225 ], [ 36.6702283, -1.2426451 ], [ 36.6702163, -1.242575 ], [ 36.6701841, -1.2425482 ], [ 36.6701573, -1.2424919 ], [ 36.6701224, -1.2424409 ], [ 36.6701392, -1.2424089 ], [ 36.670152, -1.2423846 ], [ 36.670247, -1.2423716 ], [ 36.6703209, -1.2423471 ], [ 36.6703946, -1.2423233 ], [ 36.6704214, -1.2422643 ], [ 36.6704509, -1.2422241 ], [ 36.6704242, -1.2421795 ], [ 36.6704066, -1.2421246 ], [ 36.6704051, -1.2421225 ] ] ] } },
{ "type": "Feature", "properties": { "id": "way/1549993233", "name": "Zambezi swamp", "name_en": "", "name_sw": "", "waterway": "", "covered": "", "width": "", "depth": "", "layer": "", "blockage": "", "tunnel": "", "natural_cl": "water", "water": "swamp", "source": "", "adm0_pcode": "KEN", "adm0_name": "Kenya", "adm1_pcode": "KE022", "adm1_name": "Kiambu", "adm2_pcode": "KE022120", "adm2_name": "Kikuyu", "adm3_pcode": "", "adm3_name": "", "adm4_pcode": "", "adm4_name": "", "name_latin": "Zambezi swamp", "display_name": "Zambezi swamp", "waterbody_type": "swamp", "osm_id": "way/1549993233", "model_source": "dams.geojson" }, "geometry": { "type": "Polygon", "coordinates": [ [ [ 36.6505416, -1.2346434 ], [ 36.6509048, -1.2347734 ], [ 36.6510512, -1.2352124 ], [ 36.6509319, -1.2354563 ], [ 36.6510292, -1.2357834 ], [ 36.6510945, -1.2361391 ], [ 36.6509699, -1.2366702 ], [ 36.6506988, -1.2372176 ], [ 36.6508669, -1.2374831 ], [ 36.6510783, -1.2377812 ], [ 36.651165, -1.2382093 ], [ 36.6507151, -1.23796 ], [ 36.6505199, -1.2377432 ], [ 36.6503844, -1.2375265 ], [ 36.6503356, -1.2371634 ], [ 36.6501513, -1.2367949 ], [ 36.6500971, -1.2365835 ], [ 36.65000656764029, -1.236459021733771 ], [ 36.650006483995689, -1.234634993018158 ], [ 36.6505416, -1.2346434 ] ] ] } },
{ "type": "Feature", "properties": { "id": "way/530984575", "name": "", "name_en": "", "name_sw": "", "waterway": "", "covered": "", "width": "", "depth": "", "layer": "", "blockage": "", "tunnel": "", "natural_cl": "wetland", "water": "", "source": "", "adm0_pcode": "KEN", "adm0_name": "Kenya", "adm1_pcode": "KE022", "adm1_name": "Kiambu", "adm2_pcode": "KE022120", "adm2_name": "Kikuyu", "adm3_pcode": "", "adm3_name": "", "adm4_pcode": "", "adm4_name": "", "name_latin": "", "display_name": "(unnamed dam or water body)", "waterbody_type": "wetland", "osm_id": "way/530984575", "model_source": "dams.geojson" }, "geometry": { "type": "Polygon", "coordinates": [ [ [ 36.6510344, -1.2339605 ], [ 36.6511524, -1.2346791 ], [ 36.6510666, -1.2356016 ], [ 36.6510292, -1.2357834 ], [ 36.6508413, -1.2366957 ], [ 36.6501439, -1.2369638 ], [ 36.650006578228137, -1.236693656777334 ], [ 36.650006445227604, -1.233806625206084 ], [ 36.6510344, -1.2339605 ] ] ] } },
{ "type": "Feature", "properties": { "id": "way/1248693101", "name": "", "name_en": "", "name_sw": "", "waterway": "", "covered": "", "width": "", "depth": "", "layer": "", "blockage": "", "tunnel": "", "natural_cl": "water", "water": "", "source": "", "adm0_pcode": "KEN", "adm0_name": "Kenya", "adm1_pcode": "KE022", "adm1_name": "Kiambu", "adm2_pcode": "KE022120", "adm2_name": "Kikuyu", "adm3_pcode": "", "adm3_name": "", "adm4_pcode": "", "adm4_name": "", "name_latin": "", "display_name": "(unnamed dam or water body)", "waterbody_type": "water", "osm_id": "way/1248693101", "model_source": "dams.geojson" }, "geometry": { "type": "Polygon", "coordinates": [ [ [ 36.6577519, -1.2203181 ], [ 36.6578101, -1.2202767 ], [ 36.6578279, -1.2202843 ], [ 36.6578321, -1.2202993 ], [ 36.6578063, -1.2203338 ], [ 36.6577944, -1.2203689 ], [ 36.6578232, -1.2204083 ], [ 36.6578549, -1.220427 ], [ 36.6578734, -1.2204534 ], [ 36.6578624, -1.2204789 ], [ 36.6578605, -1.2205025 ], [ 36.6578406, -1.2205154 ], [ 36.6577933, -1.2205118 ], [ 36.6577654, -1.2204895 ], [ 36.6577356, -1.2204409 ], [ 36.6577138, -1.2203968 ], [ 36.6577137, -1.2203435 ], [ 36.6577322, -1.2203306 ], [ 36.6577519, -1.2203181 ] ] ] } },
{ "type": "Feature", "properties": { "id": "way/1090733468", "name": "", "name_en": "", "name_sw": "", "waterway": "", "covered": "", "width": "", "depth": "", "layer": "", "blockage": "", "tunnel": "", "natural_cl": "water", "water": "", "source": "", "adm0_pcode": "KEN", "adm0_name": "Kenya", "adm1_pcode": "KE022", "adm1_name": "Kiambu", "adm2_pcode": "KE022121", "adm2_name": "Limuru", "adm3_pcode": "", "adm3_name": "", "adm4_pcode": "", "adm4_name": "", "name_latin": "", "display_name": "(unnamed dam or water body)", "waterbody_type": "water", "osm_id": "way/1090733468", "model_source": "dams.geojson" }, "geometry": { "type": "Polygon", "coordinates": [ [ [ 36.7074403, -1.1760338 ], [ 36.7070941, -1.1759923 ], [ 36.7075095, -1.1758123 ], [ 36.7077103, -1.1754801 ], [ 36.7079595, -1.1752586 ], [ 36.7079595, -1.1750855 ], [ 36.708098, -1.1749471 ], [ 36.7080287, -1.1747879 ], [ 36.7081049, -1.1746979 ], [ 36.7084649, -1.1750302 ], [ 36.7085687, -1.1754385 ], [ 36.7088941, -1.1758954 ], [ 36.7088664, -1.1764353 ], [ 36.7089287, -1.1767536 ], [ 36.7091018, -1.1769128 ], [ 36.7089426, -1.1778127 ], [ 36.7091434, -1.1780272 ], [ 36.709718, -1.1783249 ], [ 36.7096903, -1.1785602 ], [ 36.7093026, -1.1785048 ], [ 36.7088872, -1.1782833 ], [ 36.7086587, -1.1780964 ], [ 36.7085964, -1.1777504 ], [ 36.70873490000001, -1.1771689 ], [ 36.7088526, -1.1768713 ], [ 36.7087003, -1.1766844 ], [ 36.7086518, -1.1765252 ], [ 36.708631, -1.1760753 ], [ 36.7083057, -1.1757638 ], [ 36.7081118, -1.1756254 ], [ 36.707911, -1.1756254 ], [ 36.707641, -1.175923 ], [ 36.7074403, -1.1760338 ] ] ] } },
{ "type": "Feature", "properties": { "id": "way/1279192268", "name": "", "name_en": "", "name_sw": "", "waterway": "", "covered": "", "width": "", "depth": "", "layer": "", "blockage": "", "tunnel": "", "natural_cl": "water", "water": "", "source": "", "adm0_pcode": "KEN", "adm0_name": "Kenya", "adm1_pcode": "KE022", "adm1_name": "Kiambu", "adm2_pcode": "KE022118", "adm2_name": "Kiambaa", "adm3_pcode": "", "adm3_name": "", "adm4_pcode": "", "adm4_name": "", "name_latin": "", "display_name": "(unnamed dam or water body)", "waterbody_type": "water", "osm_id": "way/1279192268", "model_source": "dams.geojson" }, "geometry": { "type": "Polygon", "coordinates": [ [ [ 36.7217005, -1.1742584 ], [ 36.7217203, -1.1743108 ], [ 36.7216367, -1.1746367 ], [ 36.7215914, -1.1747146 ], [ 36.7215432, -1.1747571 ], [ 36.7214355, -1.174716 ], [ 36.721427, -1.1746735 ], [ 36.7215177, -1.1742995 ], [ 36.7215659, -1.1742273 ], [ 36.7217005, -1.1742584 ] ] ] } },
{ "type": "Feature", "properties": { "id": "way/1071597520", "name": "", "name_en": "", "name_sw": "", "waterway": "", "covered": "", "width": "", "depth": "", "layer": "", "blockage": "", "tunnel": "", "natural_cl": "water", "water": "", "source": "", "adm0_pcode": "KEN", "adm0_name": "Kenya", "adm1_pcode": "KE022", "adm1_name": "Kiambu", "adm2_pcode": "KE022118", "adm2_name": "Kiambaa", "adm3_pcode": "", "adm3_name": "", "adm4_pcode": "", "adm4_name": "", "name_latin": "", "display_name": "(unnamed dam or water body)", "waterbody_type": "water", "osm_id": "way/1071597520", "model_source": "dams.geojson" }, "geometry": { "type": "Polygon", "coordinates": [ [ [ 36.7950408, -1.2084172 ], [ 36.795073, -1.2083971 ], [ 36.7951146, -1.2083931 ], [ 36.7951991, -1.208436 ], [ 36.7952715, -1.2085097 ], [ 36.7953224, -1.2085821 ], [ 36.7953372, -1.2086358 ], [ 36.795305, -1.2087162 ], [ 36.7952313, -1.2087269 ], [ 36.7951843, -1.2086814 ], [ 36.7951159, -1.2086224 ], [ 36.795065, -1.2085231 ], [ 36.7950368, -1.2084655 ], [ 36.7950408, -1.2084172 ] ] ] } },
{ "type": "Feature", "properties": { "id": "way/240066640", "name": "", "name_en": "", "name_sw": "", "waterway": "", "covered": "", "width": "", "depth": "", "layer": "", "blockage": "", "tunnel": "", "natural_cl": "water", "water": "", "source": "", "adm0_pcode": "KEN", "adm0_name": "Kenya", "adm1_pcode": "KE047", "adm1_name": "Nairobi", "adm2_pcode": "KE047274", "adm2_name": "Westlands", "adm3_pcode": "", "adm3_name": "", "adm4_pcode": "", "adm4_name": "", "name_latin": "", "display_name": "(unnamed dam or water body)", "waterbody_type": "water", "osm_id": "way/240066640", "model_source": "dams.geojson" }, "geometry": { "type": "Polygon", "coordinates": [ [ [ 36.8075859, -1.2002496 ], [ 36.8073584, -1.200652 ], [ 36.8065586, -1.2002 ], [ 36.8067861, -1.1997976 ], [ 36.8075859, -1.2002496 ] ] ] } },
{ "type": "Feature", "properties": { "id": "way/1486515157", "name": "", "name_en": "", "name_sw": "", "waterway": "", "covered": "", "width": "", "depth": "", "layer": "", "blockage": "", "tunnel": "", "natural_cl": "water", "water": "pond", "source": "", "adm0_pcode": "KEN", "adm0_name": "Kenya", "adm1_pcode": "KE047", "adm1_name": "Nairobi", "adm2_pcode": "KE047274", "adm2_name": "Westlands", "adm3_pcode": "", "adm3_name": "", "adm4_pcode": "", "adm4_name": "", "name_latin": "", "display_name": "(unnamed dam or water body)", "waterbody_type": "pond", "osm_id": "way/1486515157", "model_source": "dams.geojson" }, "geometry": { "type": "Polygon", "coordinates": [ [ [ 36.8005873, -1.199609 ], [ 36.8005816, -1.1995851 ], [ 36.8005451, -1.1995725 ], [ 36.8005679, -1.1995623 ], [ 36.8005998, -1.199568 ], [ 36.8005929, -1.1995327 ], [ 36.8005816, -1.1995133 ], [ 36.8005873, -1.1994905 ], [ 36.8006009, -1.1994632 ], [ 36.8006021, -1.1994347 ], [ 36.8005804, -1.1993903 ], [ 36.8005588, -1.1993527 ], [ 36.8005736, -1.1993197 ], [ 36.8005895, -1.199306 ], [ 36.80061, -1.1992616 ], [ 36.800659, -1.1992479 ], [ 36.8006989, -1.1992513 ], [ 36.800749, -1.199249 ], [ 36.8008014, -1.1992627 ], [ 36.8008378, -1.1992855 ], [ 36.8008447, -1.1993197 ], [ 36.8008583, -1.1994199 ], [ 36.8008185, -1.1994051 ], [ 36.8008276, -1.1994358 ], [ 36.8008606, -1.199462 ], [ 36.800864, -1.1995235 ], [ 36.8008412, -1.1995623 ], [ 36.8007968, -1.1995828 ], [ 36.8007627, -1.1995725 ], [ 36.8007285, -1.1995942 ], [ 36.8007012, -1.1996249 ], [ 36.8005964, -1.1996363 ], [ 36.8005873, -1.199609 ] ] ] } },
{ "type": "Feature", "properties": { "id": "way/101532357", "name": "", "name_en": "", "name_sw": "", "waterway": "", "covered": "", "width": "", "depth": "", "layer": "", "blockage": "", "tunnel": "", "natural_cl": "water", "water": "reservoir", "source": "", "adm0_pcode": "KEN", "adm0_name": "Kenya", "adm1_pcode": "KE022", "adm1_name": "Kiambu", "adm2_pcode": "KE022117", "adm2_name": "Kiambu", "adm3_pcode": "", "adm3_name": "", "adm4_pcode": "", "adm4_name": "", "name_latin": "", "display_name": "(unnamed dam or water body)", "waterbody_type": "reservoir", "osm_id": "way/101532357", "model_source": "dams.geojson" }, "geometry": { "type": "Polygon", "coordinates": [ [ [ 36.8086114, -1.1912309 ], [ 36.8113022, -1.1917158 ], [ 36.81110910000001, -1.1927241 ], [ 36.8103152, -1.1923165 ], [ 36.8089419, -1.1921234 ], [ 36.8082123, -1.1920161 ], [ 36.8076973, -1.191866 ], [ 36.80756, -1.1912309 ], [ 36.8086114, -1.1912309 ] ] ] } },
{ "type": "Feature", "properties": { "id": "way/166463286", "name": "", "name_en": "", "name_sw": "", "waterway": "", "covered": "", "width": "", "depth": "", "layer": "", "blockage": "", "tunnel": "", "natural_cl": "water", "water": "", "source": "", "adm0_pcode": "KEN", "adm0_name": "Kenya", "adm1_pcode": "KE022", "adm1_name": "Kiambu", "adm2_pcode": "KE022118", "adm2_name": "Kiambaa", "adm3_pcode": "", "adm3_name": "", "adm4_pcode": "", "adm4_name": "", "name_latin": "", "display_name": "(unnamed dam or water body)", "waterbody_type": "water", "osm_id": "way/166463286", "model_source": "dams.geojson" }, "geometry": { "type": "Polygon", "coordinates": [ [ [ 36.7869686, -1.2020774 ], [ 36.7873549, -1.2023133 ], [ 36.7878559, -1.2029666 ], [ 36.788535, -1.2034074 ], [ 36.7888998, -1.2034718 ], [ 36.7901658, -1.2043728 ], [ 36.7905091, -1.2046303 ], [ 36.7899083, -1.205188 ], [ 36.7898225, -1.204952 ], [ 36.7894148, -1.2048448 ], [ 36.7891573, -1.204523 ], [ 36.7889856, -1.2043728 ], [ 36.7889856, -1.2042012 ], [ 36.7881059, -1.2037936 ], [ 36.7874407, -1.2034718 ], [ 36.7869043, -1.2030856 ], [ 36.7864966, -1.2024206 ], [ 36.7869686, -1.2020774 ] ] ] } },
{ "type": "Feature", "properties": { "id": "way/184370100", "name": "", "name_en": "", "name_sw": "", "waterway": "", "covered": "", "width": "", "depth": "", "layer": "", "blockage": "", "tunnel": "", "natural_cl": "water", "water": "", "source": "", "adm0_pcode": "KEN", "adm0_name": "Kenya", "adm1_pcode": "KE022", "adm1_name": "Kiambu", "adm2_pcode": "KE022118", "adm2_name": "Kiambaa", "adm3_pcode": "", "adm3_name": "", "adm4_pcode": "", "adm4_name": "", "name_latin": "", "display_name": "(unnamed dam or water body)", "waterbody_type": "water", "osm_id": "way/184370100", "model_source": "dams.geojson" }, "geometry": { "type": "Polygon", "coordinates": [ [ [ 36.7533235, -1.1583797 ], [ 36.7532069, -1.1584652 ], [ 36.7531447, -1.1585778 ], [ 36.7532652, -1.1586672 ], [ 36.7534789, -1.158605 ], [ 36.753615, -1.1589469 ], [ 36.7538986, -1.1591218 ], [ 36.7541046, -1.1593277 ], [ 36.7540657, -1.1595259 ], [ 36.754124, -1.1596774 ], [ 36.753887, -1.159825 ], [ 36.7536888, -1.1596152 ], [ 36.7534789, -1.1595725 ], [ 36.7532885, -1.1594093 ], [ 36.7530942, -1.1590441 ], [ 36.7527911, -1.1586633 ], [ 36.7528338, -1.1583097 ], [ 36.7532186, -1.1581854 ], [ 36.7533235, -1.1583797 ] ] ] } },
{ "type": "Feature", "properties": { "id": "way/773903302", "name": "", "name_en": "", "name_sw": "", "waterway": "dam", "covered": "", "width": "", "depth": "", "layer": "", "blockage": "", "tunnel": "", "natural_cl": "", "water": "", "source": "", "adm0_pcode": "KEN", "adm0_name": "Kenya", "adm1_pcode": "KE022", "adm1_name": "Kiambu", "adm2_pcode": "KE022118", "adm2_name": "Kiambaa", "adm3_pcode": "", "adm3_name": "", "adm4_pcode": "", "adm4_name": "", "name_latin": "", "display_name": "(unnamed dam or water body)", "waterbody_type": "dam", "osm_id": "way/773903302", "model_source": "dams.geojson" }, "geometry": { "type": "Polygon", "coordinates": [ [ [ 36.7422214, -1.1511602 ], [ 36.7425889, -1.1517408 ], [ 36.7425258, -1.1517877 ], [ 36.7423823, -1.1518266 ], [ 36.7419827, -1.1511964 ], [ 36.7420672, -1.1510952 ], [ 36.7422214, -1.1511602 ] ] ] } },
{ "type": "Feature", "properties": { "id": "way/1319205814", "name": "", "name_en": "", "name_sw": "", "waterway": "", "covered": "", "width": "", "depth": "", "layer": "", "blockage": "", "tunnel": "", "natural_cl": "water", "water": "reservoir", "source": "", "adm0_pcode": "KEN", "adm0_name": "Kenya", "adm1_pcode": "KE022", "adm1_name": "Kiambu", "adm2_pcode": "KE022118", "adm2_name": "Kiambaa", "adm3_pcode": "", "adm3_name": "", "adm4_pcode": "", "adm4_name": "", "name_latin": "", "display_name": "(unnamed dam or water body)", "waterbody_type": "reservoir", "osm_id": "way/1319205814", "model_source": "dams.geojson" }, "geometry": { "type": "Polygon", "coordinates": [ [ [ 36.7440842, -1.1500795 ], [ 36.7440668, -1.1502498 ], [ 36.7440802, -1.150416 ], [ 36.7441714, -1.1505917 ], [ 36.74425990000001, -1.1507807 ], [ 36.7443565, -1.1509001 ], [ 36.7444114, -1.1510006 ], [ 36.7444691, -1.151136 ], [ 36.74452010000001, -1.1512044 ], [ 36.7445026, -1.1512648 ], [ 36.7444383, -1.1513117 ], [ 36.7443135, -1.1513747 ], [ 36.7442156, -1.151427 ], [ 36.7441459, -1.1514203 ], [ 36.7440453, -1.1514257 ], [ 36.7439058, -1.1513774 ], [ 36.7437489, -1.1513385 ], [ 36.7435518, -1.1513171 ], [ 36.7431897, -1.1513948 ], [ 36.7428464, -1.1515772 ], [ 36.7426318, -1.1516992 ], [ 36.7424856, -1.1515477 ], [ 36.7422442, -1.1511682 ], [ 36.7422549, -1.1510864 ], [ 36.7422335, -1.1510046 ], [ 36.7422603, -1.1509376 ], [ 36.7423488, -1.1509135 ], [ 36.7424239, -1.150896 ], [ 36.7424668, -1.1508424 ], [ 36.7425165, -1.1507713 ], [ 36.7425553, -1.1506882 ], [ 36.7425956, -1.1506279 ], [ 36.7426854, -1.1505729 ], [ 36.7427887, -1.1504603 ], [ 36.7428732, -1.1503517 ], [ 36.7429174, -1.1502752 ], [ 36.7429282, -1.1501961 ], [ 36.7429671, -1.1500674 ], [ 36.74300045140216, -1.150006025526634 ], [ 36.74408420000016, -1.150006077740898 ], [ 36.7440842, -1.1500795 ] ] ] } },
{ "type": "Feature", "properties": { "id": "way/571608977", "name": "The Dam Redhill", "name_en": "", "name_sw": "", "waterway": "dam", "covered": "", "width": "", "depth": "", "layer": "", "blockage": "", "tunnel": "", "natural_cl": "", "water": "", "source": "", "adm0_pcode": "KEN", "adm0_name": "Kenya", "adm1_pcode": "KE022", "adm1_name": "Kiambu", "adm2_pcode": "KE022121", "adm2_name": "Limuru", "adm3_pcode": "", "adm3_name": "", "adm4_pcode": "", "adm4_name": "", "name_latin": "The Dam Redhill", "display_name": "The Dam Redhill", "waterbody_type": "dam", "osm_id": "way/571608977", "model_source": "dams.geojson" }, "geometry": { "type": "Polygon", "coordinates": [ [ [ 36.7028725, -1.1645354 ], [ 36.7030449, -1.1646457 ], [ 36.7033026, -1.1647227 ], [ 36.7032475, -1.1648994 ], [ 36.7032693, -1.1650295 ], [ 36.70327, -1.1651814 ], [ 36.7033161, -1.1653541 ], [ 36.7033532, -1.1656581 ], [ 36.7034848, -1.1658327 ], [ 36.7035486, -1.1660754 ], [ 36.7036507, -1.1661322 ], [ 36.7035788, -1.1662402 ], [ 36.7032745, -1.1660552 ], [ 36.7030704, -1.1659712 ], [ 36.7028294, -1.1659576 ], [ 36.7027062, -1.1658152 ], [ 36.7021921, -1.1660116 ], [ 36.7021458, -1.1658851 ], [ 36.7026805, -1.1648945 ], [ 36.7028725, -1.1645354 ] ] ] } },
{ "type": "Feature", "properties": { "id": "way/98043662", "name": "", "name_en": "", "name_sw": "", "waterway": "", "covered": "", "width": "", "depth": "", "layer": "", "blockage": "", "tunnel": "", "natural_cl": "water", "water": "", "source": "", "adm0_pcode": "KEN", "adm0_name": "Kenya", "adm1_pcode": "KE022", "adm1_name": "Kiambu", "adm2_pcode": "KE022118", "adm2_name": "Kiambaa", "adm3_pcode": "", "adm3_name": "", "adm4_pcode": "", "adm4_name": "", "name_latin": "", "display_name": "(unnamed dam or water body)", "waterbody_type": "water", "osm_id": "way/98043662", "model_source": "dams.geojson" }, "geometry": { "type": "Polygon", "coordinates": [ [ [ 36.7347415, -1.1583226 ], [ 36.7349492, -1.1582093 ], [ 36.7352042, -1.1579921 ], [ 36.7355063, -1.1579638 ], [ 36.7357424, -1.1577844 ], [ 36.7358557, -1.1578977 ], [ 36.7356008, -1.1580582 ], [ 36.7353647, -1.1583131 ], [ 36.7351286, -1.1586152 ], [ 36.7348642, -1.1588229 ], [ 36.7346848, -1.1588418 ], [ 36.7345432, -1.1584453 ], [ 36.7347415, -1.1583226 ] ] ] } },
{ "type": "Feature", "properties": { "id": "way/1279190111", "name": "", "name_en": "", "name_sw": "", "waterway": "", "covered": "", "width": "", "depth": "", "layer": "", "blockage": "", "tunnel": "", "natural_cl": "water", "water": "", "source": "", "adm0_pcode": "KEN", "adm0_name": "Kenya", "adm1_pcode": "KE022", "adm1_name": "Kiambu", "adm2_pcode": "KE022121", "adm2_name": "Limuru", "adm3_pcode": "", "adm3_name": "", "adm4_pcode": "", "adm4_name": "", "name_latin": "", "display_name": "(unnamed dam or water body)", "waterbody_type": "water", "osm_id": "way/1279190111", "model_source": "dams.geojson" }, "geometry": { "type": "Polygon", "coordinates": [ [ [ 36.6841075, -1.1523141 ], [ 36.6842181, -1.1523434 ], [ 36.6844198, -1.1524702 ], [ 36.684462, -1.15261 ], [ 36.6845238, -1.1528897 ], [ 36.6842604, -1.1529482 ], [ 36.6841498, -1.1530815 ], [ 36.6839189, -1.1530262 ], [ 36.6837921, -1.1528962 ], [ 36.6839059, -1.1523792 ], [ 36.6841075, -1.1523141 ] ] ] } },
{ "type": "Feature", "properties": { "id": "way/184370089", "name": "", "name_en": "", "name_sw": "", "waterway": "", "covered": "", "width": "", "depth": "", "layer": "", "blockage": "", "tunnel": "", "natural_cl": "water", "water": "", "source": "", "adm0_pcode": "KEN", "adm0_name": "Kenya", "adm1_pcode": "KE022", "adm1_name": "Kiambu", "adm2_pcode": "KE022121", "adm2_name": "Limuru", "adm3_pcode": "", "adm3_name": "", "adm4_pcode": "", "adm4_name": "", "name_latin": "", "display_name": "(unnamed dam or water body)", "waterbody_type": "water", "osm_id": "way/184370089", "model_source": "dams.geojson" }, "geometry": { "type": "Polygon", "coordinates": [ [ [ 36.7147754, -1.1520112 ], [ 36.7149457, -1.152209 ], [ 36.7150996, -1.1524233 ], [ 36.7150337, -1.1526156 ], [ 36.7149018, -1.152775 ], [ 36.7146709, -1.1525442 ], [ 36.7143632, -1.1524288 ], [ 36.7137971, -1.1518903 ], [ 36.7135333, -1.1517584 ], [ 36.7134509, -1.1515881 ], [ 36.7135388, -1.1514892 ], [ 36.7137696, -1.1515551 ], [ 36.7146709, -1.1519617 ], [ 36.7147754, -1.1520112 ] ] ] } },
{ "type": "Feature", "properties": { "id": "way/914690700", "name": "", "name_en": "", "name_sw": "", "waterway": "", "covered": "", "width": "", "depth": "", "layer": "", "blockage": "", "tunnel": "", "natural_cl": "water", "water": "basin", "source": "", "adm0_pcode": "KEN", "adm0_name": "Kenya", "adm1_pcode": "KE047", "adm1_name": "Nairobi", "adm2_pcode": "KE047280", "adm2_name": "Kasarani", "adm3_pcode": "", "adm3_name": "", "adm4_pcode": "", "adm4_name": "", "name_latin": "", "display_name": "(unnamed dam or water body)", "waterbody_type": "basin", "osm_id": "way/914690700", "model_source": "dams.geojson" }, "geometry": { "type": "Polygon", "coordinates": [ [ [ 37.0292886, -1.2459742 ], [ 37.028575600000011, -1.2463633 ], [ 37.0282074, -1.2457004 ], [ 37.0283205, -1.2456369 ], [ 37.0282908, -1.2455891 ], [ 37.0281757, -1.2456439 ], [ 37.0280656, -1.2454505 ], [ 37.0287472, -1.2450642 ], [ 37.0292886, -1.2459742 ] ] ] } },
{ "type": "Feature", "properties": { "id": "way/914690696", "name": "", "name_en": "", "name_sw": "", "waterway": "", "covered": "", "width": "", "depth": "", "layer": "", "blockage": "", "tunnel": "", "natural_cl": "water", "water": "basin", "source": "", "adm0_pcode": "KEN", "adm0_name": "Kenya", "adm1_pcode": "KE047", "adm1_name": "Nairobi", "adm2_pcode": "KE047280", "adm2_name": "Kasarani", "adm3_pcode": "", "adm3_name": "", "adm4_pcode": "", "adm4_name": "", "name_latin": "", "display_name": "(unnamed dam or water body)", "waterbody_type": "basin", "osm_id": "way/914690696", "model_source": "dams.geojson" }, "geometry": { "type": "Polygon", "coordinates": [ [ [ 37.02965, -1.2445634 ], [ 37.0297571, -1.2447585 ], [ 37.02965, -1.2448278 ], [ 37.0296752, -1.2448781 ], [ 37.0297885, -1.2448152 ], [ 37.0301601, -1.2454762 ], [ 37.0294548, -1.2458791 ], [ 37.0289636, -1.2449411 ], [ 37.02965, -1.2445634 ] ] ] } },
{ "type": "Feature", "properties": { "id": "way/914690695", "name": "", "name_en": "", "name_sw": "", "waterway": "", "covered": "", "width": "", "depth": "", "layer": "", "blockage": "", "tunnel": "", "natural_cl": "water", "water": "basin", "source": "", "adm0_pcode": "KEN", "adm0_name": "Kenya", "adm1_pcode": "KE047", "adm1_name": "Nairobi", "adm2_pcode": "KE047280", "adm2_name": "Kasarani", "adm3_pcode": "", "adm3_name": "", "adm4_pcode": "", "adm4_name": "", "name_latin": "", "display_name": "(unnamed dam or water body)", "waterbody_type": "basin", "osm_id": "way/914690695", "model_source": "dams.geojson" }, "geometry": { "type": "Polygon", "coordinates": [ [ [ 37.0303805, -1.2441478 ], [ 37.0304875, -1.244343 ], [ 37.0303805, -1.2444123 ], [ 37.0304057, -1.2444626 ], [ 37.030519, -1.2443997 ], [ 37.0308905, -1.2450607 ], [ 37.0301853, -1.2454636 ], [ 37.0296941, -1.2445256 ], [ 37.0303805, -1.2441478 ] ] ] } },
{ "type": "Feature", "properties": { "id": "way/914690694", "name": "", "name_en": "", "name_sw": "", "waterway": "", "covered": "", "width": "", "depth": "", "layer": "", "blockage": "", "tunnel": "", "natural_cl": "water", "water": "basin", "source": "", "adm0_pcode": "KEN", "adm0_name": "Kenya", "adm1_pcode": "KE047", "adm1_name": "Nairobi", "adm2_pcode": "KE047280", "adm2_name": "Kasarani", "adm3_pcode": "", "adm3_name": "", "adm4_pcode": "", "adm4_name": "", "name_latin": "", "display_name": "(unnamed dam or water body)", "waterbody_type": "basin", "osm_id": "way/914690694", "model_source": "dams.geojson" }, "geometry": { "type": "Polygon", "coordinates": [ [ [ 37.0311361, -1.243726 ], [ 37.0312432, -1.2439212 ], [ 37.0311361, -1.2439905 ], [ 37.0311613, -1.2440408 ], [ 37.0312747, -1.2439779 ], [ 37.0316462, -1.2446389 ], [ 37.0309409, -1.2450418 ], [ 37.0304497, -1.2441038 ], [ 37.0311361, -1.243726 ] ] ] } },
{ "type": "Feature", "properties": { "id": "way/84630542", "name": "", "name_en": "", "name_sw": "", "waterway": "", "covered": "", "width": "", "depth": "", "layer": "", "blockage": "", "tunnel": "", "natural_cl": "water", "water": "basin", "source": "", "adm0_pcode": "KEN", "adm0_name": "Kenya", "adm1_pcode": "KE047", "adm1_name": "Nairobi", "adm2_pcode": "KE047280", "adm2_name": "Kasarani", "adm3_pcode": "", "adm3_name": "", "adm4_pcode": "", "adm4_name": "", "name_latin": "", "display_name": "(unnamed dam or water body)", "waterbody_type": "basin", "osm_id": "way/84630542", "model_source": "dams.geojson" }, "geometry": { "type": "Polygon", "coordinates": [ [ [ 37.0287082, -1.2447324 ], [ 37.0263211, -1.2460541 ], [ 37.0232293, -1.2404727 ], [ 37.0256164, -1.239151 ], [ 37.0287082, -1.2447324 ] ] ] } },
{ "type": "Feature", "properties": { "id": "way/84630521", "name": "", "name_en": "", "name_sw": "", "waterway": "", "covered": "", "width": "", "depth": "", "layer": "", "blockage": "", "tunnel": "", "natural_cl": "water", "water": "basin", "source": "", "adm0_pcode": "KEN", "adm0_name": "Kenya", "adm1_pcode": "KE047", "adm1_name": "Nairobi", "adm2_pcode": "KE047280", "adm2_name": "Kasarani", "adm3_pcode": "", "adm3_name": "", "adm4_pcode": "", "adm4_name": "", "name_latin": "", "display_name": "(unnamed dam or water body)", "waterbody_type": "basin", "osm_id": "way/84630521", "model_source": "dams.geojson" }, "geometry": { "type": "Polygon", "coordinates": [ [ [ 37.0283591, -1.2438857 ], [ 37.0256931, -1.2390917 ], [ 37.0280655, -1.2377733 ], [ 37.0310476, -1.2431374 ], [ 37.0311607, -1.2433408 ], [ 37.0287891, -1.2446589 ], [ 37.0283591, -1.2438857 ] ] ] } },
{ "type": "Feature", "properties": { "id": "way/84630513", "name": "", "name_en": "", "name_sw": "", "waterway": "", "covered": "", "width": "", "depth": "", "layer": "", "blockage": "", "tunnel": "", "natural_cl": "water", "water": "basin", "source": "", "adm0_pcode": "KEN", "adm0_name": "Kenya", "adm1_pcode": "KE047", "adm1_name": "Nairobi", "adm2_pcode": "KE047280", "adm2_name": "Kasarani", "adm3_pcode": "", "adm3_name": "", "adm4_pcode": "", "adm4_name": "", "name_latin": "", "display_name": "(unnamed dam or water body)", "waterbody_type": "basin", "osm_id": "way/84630513", "model_source": "dams.geojson" }, "geometry": { "type": "Polygon", "coordinates": [ [ [ 37.0249002, -1.2378611 ], [ 37.0255735, -1.2390669 ], [ 37.0232011, -1.2403909 ], [ 37.0225278, -1.2391851 ], [ 37.0249002, -1.2378611 ] ] ] } },
{ "type": "Feature", "properties": { "id": "way/84630522", "name": "", "name_en": "", "name_sw": "", "waterway": "", "covered": "", "width": "", "depth": "", "layer": "", "blockage": "", "tunnel": "", "natural_cl": "water", "water": "basin", "source": "", "adm0_pcode": "KEN", "adm0_name": "Kenya", "adm1_pcode": "KE047", "adm1_name": "Nairobi", "adm2_pcode": "KE047280", "adm2_name": "Kasarani", "adm3_pcode": "", "adm3_name": "", "adm4_pcode": "", "adm4_name": "", "name_latin": "", "display_name": "(unnamed dam or water body)", "waterbody_type": "basin", "osm_id": "way/84630522", "model_source": "dams.geojson" }, "geometry": { "type": "Polygon", "coordinates": [ [ [ 37.0273468, -1.2364875 ], [ 37.0280277, -1.2377014 ], [ 37.0256688, -1.2390241 ], [ 37.0249879, -1.2378102 ], [ 37.0273468, -1.2364875 ] ] ] } },
{ "type": "Feature", "properties": { "id": "way/84630518", "name": "", "name_en": "", "name_sw": "", "waterway": "", "covered": "", "width": "", "depth": "", "layer": "", "blockage": "", "tunnel": "", "natural_cl": "water", "water": "basin", "source": "", "adm0_pcode": "KEN", "adm0_name": "Kenya", "adm1_pcode": "KE047", "adm1_name": "Nairobi", "adm2_pcode": "KE047280", "adm2_name": "Kasarani", "adm3_pcode": "", "adm3_name": "", "adm4_pcode": "", "adm4_name": "", "name_latin": "", "display_name": "(unnamed dam or water body)", "waterbody_type": "basin", "osm_id": "way/84630518", "model_source": "dams.geojson" }, "geometry": { "type": "Polygon", "coordinates": [ [ [ 37.02664, -1.2352068 ], [ 37.0273049, -1.2364035 ], [ 37.0249418, -1.2377159 ], [ 37.0242768, -1.2365193 ], [ 37.02664, -1.2352068 ] ] ] } },
{ "type": "Feature", "properties": { "id": "way/84630527", "name": "", "name_en": "", "name_sw": "", "waterway": "", "covered": "", "width": "", "depth": "", "layer": "", "blockage": "", "tunnel": "", "natural_cl": "water", "water": "basin", "source": "", "adm0_pcode": "KEN", "adm0_name": "Kenya", "adm1_pcode": "KE047", "adm1_name": "Nairobi", "adm2_pcode": "KE047280", "adm2_name": "Kasarani", "adm3_pcode": "", "adm3_name": "", "adm4_pcode": "", "adm4_name": "", "name_latin": "", "display_name": "(unnamed dam or water body)", "waterbody_type": "basin", "osm_id": "way/84630527", "model_source": "dams.geojson" }, "geometry": { "type": "Polygon", "coordinates": [ [ [ 37.0259239, -1.2339255 ], [ 37.0265977, -1.235138 ], [ 37.024241, -1.2364471 ], [ 37.0235672, -1.2352345 ], [ 37.0259239, -1.2339255 ] ] ] } },
{ "type": "Feature", "properties": { "id": "way/915069348", "name": "", "name_en": "", "name_sw": "", "waterway": "", "covered": "", "width": "", "depth": "", "layer": "", "blockage": "", "tunnel": "", "natural_cl": "water", "water": "pond", "source": "", "adm0_pcode": "KEN", "adm0_name": "Kenya", "adm1_pcode": "KE047", "adm1_name": "Nairobi", "adm2_pcode": "KE047280", "adm2_name": "Kasarani", "adm3_pcode": "", "adm3_name": "", "adm4_pcode": "", "adm4_name": "", "name_latin": "", "display_name": "(unnamed dam or water body)", "waterbody_type": "pond", "osm_id": "way/915069348", "model_source": "dams.geojson" }, "geometry": { "type": "Polygon", "coordinates": [ [ [ 37.0397358, -1.2321778 ], [ 37.0398434, -1.2322242 ], [ 37.039958, -1.2322877 ], [ 37.0401106, -1.2323942 ], [ 37.0401077, -1.2324684 ], [ 37.0400462, -1.2324955 ], [ 37.0399743, -1.2324585 ], [ 37.0399151, -1.2324554 ], [ 37.0398331, -1.2324856 ], [ 37.0398574, -1.2325674 ], [ 37.0398577, -1.2326493 ], [ 37.0398197, -1.232699 ], [ 37.0397383, -1.232671 ], [ 37.0396936, -1.2325871 ], [ 37.0395991, -1.2325463 ], [ 37.0394858, -1.232462 ], [ 37.0394787, -1.2323629 ], [ 37.0395367, -1.2322495 ], [ 37.0396409, -1.2321705 ], [ 37.0397358, -1.2321778 ] ] ] } },
{ "type": "Feature", "properties": { "id": "way/915069349", "name": "", "name_en": "", "name_sw": "", "waterway": "", "covered": "", "width": "", "depth": "", "layer": "", "blockage": "", "tunnel": "", "natural_cl": "water", "water": "pond", "source": "", "adm0_pcode": "KEN", "adm0_name": "Kenya", "adm1_pcode": "KE047", "adm1_name": "Nairobi", "adm2_pcode": "KE047280", "adm2_name": "Kasarani", "adm3_pcode": "", "adm3_name": "", "adm4_pcode": "", "adm4_name": "", "name_latin": "", "display_name": "(unnamed dam or water body)", "waterbody_type": "pond", "osm_id": "way/915069349", "model_source": "dams.geojson" }, "geometry": { "type": "Polygon", "coordinates": [ [ [ 37.0418564, -1.2318141 ], [ 37.0418748, -1.2317702 ], [ 37.041903, -1.2317532 ], [ 37.0419326, -1.2317821 ], [ 37.0419574, -1.2318039 ], [ 37.0419964, -1.2318111 ], [ 37.0420525, -1.2318296 ], [ 37.042186, -1.2318395 ], [ 37.0422257, -1.2318828 ], [ 37.0422376, -1.2319477 ], [ 37.0422221, -1.2319976 ], [ 37.0421895, -1.2320339 ], [ 37.0421297, -1.2320307 ], [ 37.0420834, -1.2320701 ], [ 37.042072, -1.2321216 ], [ 37.042059, -1.2321564 ], [ 37.0419856, -1.2321585 ], [ 37.0419007, -1.2321595 ], [ 37.0418444, -1.2321633 ], [ 37.0417935, -1.2321709 ], [ 37.041742, -1.232138 ], [ 37.0417104, -1.2321037 ], [ 37.0416673, -1.2320919 ], [ 37.041631, -1.2320467 ], [ 37.0416216, -1.2319772 ], [ 37.0416449, -1.231953 ], [ 37.0416888, -1.2319353 ], [ 37.0417041, -1.2318963 ], [ 37.0416714, -1.2318716 ], [ 37.0416705, -1.2318329 ], [ 37.0417161, -1.2318221 ], [ 37.0418153, -1.2318614 ], [ 37.0418564, -1.2318141 ] ] ] } },
{ "type": "Feature", "properties": { "id": "way/84630535", "name": "", "name_en": "", "name_sw": "", "waterway": "", "covered": "", "width": "", "depth": "", "layer": "", "blockage": "", "tunnel": "", "natural_cl": "water", "water": "basin", "source": "", "adm0_pcode": "KEN", "adm0_name": "Kenya", "adm1_pcode": "KE047", "adm1_name": "Nairobi", "adm2_pcode": "KE047280", "adm2_name": "Kasarani", "adm3_pcode": "", "adm3_name": "", "adm4_pcode": "", "adm4_name": "", "name_latin": "", "display_name": "(unnamed dam or water body)", "waterbody_type": "basin", "osm_id": "way/84630535", "model_source": "dams.geojson" }, "geometry": { "type": "Polygon", "coordinates": [ [ [ 37.0186295, -1.2379661 ], [ 37.0209827, -1.2366494 ], [ 37.0216752, -1.2378866 ], [ 37.0193221, -1.2392032 ], [ 37.0186295, -1.2379661 ] ] ] } },
{ "type": "Feature", "properties": { "id": "way/84630510", "name": "", "name_en": "", "name_sw": "", "waterway": "", "covered": "", "width": "", "depth": "", "layer": "", "blockage": "", "tunnel": "", "natural_cl": "water", "water": "basin", "source": "", "adm0_pcode": "KEN", "adm0_name": "Kenya", "adm1_pcode": "KE047", "adm1_name": "Nairobi", "adm2_pcode": "KE047280", "adm2_name": "Kasarani", "adm3_pcode": "", "adm3_name": "", "adm4_pcode": "", "adm4_name": "", "name_latin": "", "display_name": "(unnamed dam or water body)", "waterbody_type": "basin", "osm_id": "way/84630510", "model_source": "dams.geojson" }, "geometry": { "type": "Polygon", "coordinates": [ [ [ 37.024211, -1.236595 ], [ 37.0248675, -1.2377916 ], [ 37.0224815, -1.2391001 ], [ 37.021825, -1.2379035 ], [ 37.024211, -1.236595 ] ] ] } },
{ "type": "Feature", "properties": { "id": "way/84630530", "name": "", "name_en": "", "name_sw": "", "waterway": "", "covered": "", "width": "", "depth": "", "layer": "", "blockage": "", "tunnel": "", "natural_cl": "water", "water": "basin", "source": "", "adm0_pcode": "KEN", "adm0_name": "Kenya", "adm1_pcode": "KE047", "adm1_name": "Nairobi", "adm2_pcode": "KE047280", "adm2_name": "Kasarani", "adm3_pcode": "", "adm3_name": "", "adm4_pcode": "", "adm4_name": "", "name_latin": "", "display_name": "(unnamed dam or water body)", "waterbody_type": "basin", "osm_id": "way/84630530", "model_source": "dams.geojson" }, "geometry": { "type": "Polygon", "coordinates": [ [ [ 37.0234543, -1.235305 ], [ 37.0241349, -1.2365265 ], [ 37.021771, -1.237843 ], [ 37.0210904, -1.2366214 ], [ 37.0234543, -1.235305 ] ] ] } },
{ "type": "Feature", "properties": { "id": "way/84629926", "name": "", "name_en": "", "name_sw": "", "waterway": "", "covered": "", "width": "", "depth": "", "layer": "", "blockage": "", "tunnel": "", "natural_cl": "water", "water": "reservoir", "source": "", "adm0_pcode": "KEN", "adm0_name": "Kenya", "adm1_pcode": "KE022", "adm1_name": "Kiambu", "adm2_pcode": "KE022115", "adm2_name": "Ruiru", "adm3_pcode": "", "adm3_name": "", "adm4_pcode": "", "adm4_name": "", "name_latin": "", "display_name": "(unnamed dam or water body)", "waterbody_type": "reservoir", "osm_id": "way/84629926", "model_source": "dams.geojson" }, "geometry": { "type": "Polygon", "coordinates": [ [ [ 36.9644528, -1.1796151 ], [ 36.9642192, -1.1788791 ], [ 36.9642758, -1.1786385 ], [ 36.9641824, -1.1783471 ], [ 36.9643687, -1.1769687 ], [ 36.964474, -1.1761828 ], [ 36.9644032, -1.1760342 ], [ 36.963483, -1.1760201 ], [ 36.9635114, -1.1755176 ], [ 36.9637308, -1.1750647 ], [ 36.9638086, -1.1747816 ], [ 36.9633839, -1.1744419 ], [ 36.9633556, -1.1740385 ], [ 36.9636317, -1.1737484 ], [ 36.9640776, -1.1737555 ], [ 36.9650828, -1.1733945 ], [ 36.9655238, -1.1733924 ], [ 36.9659676, -1.1731327 ], [ 36.9663569, -1.1733379 ], [ 36.9669798, -1.173713 ], [ 36.9672487, -1.1736352 ], [ 36.9673408, -1.1733025 ], [ 36.9675106, -1.1733733 ], [ 36.9675319, -1.1736847 ], [ 36.9675177, -1.1741376 ], [ 36.9679637, -1.1743995 ], [ 36.9693581, -1.1741022 ], [ 36.9695421, -1.1742084 ], [ 36.9646156, -1.1795656 ], [ 36.9644528, -1.1796151 ] ] ] } },
{ "type": "Feature", "properties": { "id": "way/184378446", "name": "", "name_en": "", "name_sw": "", "waterway": "", "covered": "", "width": "", "depth": "", "layer": "", "blockage": "", "tunnel": "", "natural_cl": "water", "water": "", "source": "", "adm0_pcode": "KEN", "adm0_name": "Kenya", "adm1_pcode": "KE022", "adm1_name": "Kiambu", "adm2_pcode": "KE022115", "adm2_name": "Ruiru", "adm3_pcode": "", "adm3_name": "", "adm4_pcode": "", "adm4_name": "", "name_latin": "", "display_name": "(unnamed dam or water body)", "waterbody_type": "water", "osm_id": "way/184378446", "model_source": "dams.geojson" }, "geometry": { "type": "Polygon", "coordinates": [ [ [ 36.9641417, -1.1922641 ], [ 36.9639181, -1.1928 ], [ 36.9629435, -1.1923673 ], [ 36.9631814, -1.1918542 ], [ 36.9641417, -1.1922641 ] ] ] } },
{ "type": "Feature", "properties": { "id": "way/184378437", "name": "", "name_en": "", "name_sw": "", "waterway": "", "covered": "", "width": "", "depth": "", "layer": "", "blockage": "", "tunnel": "", "natural_cl": "water", "water": "", "source": "", "adm0_pcode": "KEN", "adm0_name": "Kenya", "adm1_pcode": "KE022", "adm1_name": "Kiambu", "adm2_pcode": "KE022115", "adm2_name": "Ruiru", "adm3_pcode": "", "adm3_name": "", "adm4_pcode": "", "adm4_name": "", "name_latin": "", "display_name": "(unnamed dam or water body)", "waterbody_type": "water", "osm_id": "way/184378437", "model_source": "dams.geojson" }, "geometry": { "type": "Polygon", "coordinates": [ [ [ 36.9631338, -1.1918375 ], [ 36.9628988, -1.1923476 ], [ 36.9619012, -1.1919177 ], [ 36.9621362, -1.1914076 ], [ 36.9631338, -1.1918375 ] ] ] } },
{ "type": "Feature", "properties": { "id": "way/1066650791", "name": "", "name_en": "", "name_sw": "", "waterway": "", "covered": "", "width": "", "depth": "", "layer": "", "blockage": "", "tunnel": "", "natural_cl": "water", "water": "reservoir", "source": "", "adm0_pcode": "KEN", "adm0_name": "Kenya", "adm1_pcode": "KE022", "adm1_name": "Kiambu", "adm2_pcode": "KE022115", "adm2_name": "Ruiru", "adm3_pcode": "", "adm3_name": "", "adm4_pcode": "", "adm4_name": "", "name_latin": "", "display_name": "(unnamed dam or water body)", "waterbody_type": "reservoir", "osm_id": "way/1066650791", "model_source": "dams.geojson" }, "geometry": { "type": "Polygon", "coordinates": [ [ [ 36.9406428, -1.1875814 ], [ 36.9409477, -1.1876505 ], [ 36.9410819, -1.1875449 ], [ 36.9414193, -1.1874026 ], [ 36.9417572, -1.1873438 ], [ 36.9420784, -1.1873601 ], [ 36.9425833, -1.1872065 ], [ 36.9430456, -1.1871972 ], [ 36.9443741, -1.1871037 ], [ 36.9445699, -1.1873343 ], [ 36.9449106, -1.1888655 ], [ 36.9447952, -1.1889808 ], [ 36.9443055, -1.1886946 ], [ 36.9437392, -1.1886911 ], [ 36.9432687, -1.1885817 ], [ 36.9429931, -1.1883076 ], [ 36.9422463, -1.1883465 ], [ 36.9419101, -1.1883571 ], [ 36.9415951, -1.1882934 ], [ 36.9405598, -1.1882112 ], [ 36.9404525, -1.1876373 ], [ 36.9406428, -1.1875814 ] ] ] } },
{ "type": "Feature", "properties": { "id": "way/552778204", "name": "water tank", "name_en": "", "name_sw": "", "waterway": "", "covered": "", "width": "", "depth": "", "layer": "", "blockage": "", "tunnel": "", "natural_cl": "water", "water": "reservoir", "source": "", "adm0_pcode": "KEN", "adm0_name": "Kenya", "adm1_pcode": "KE047", "adm1_name": "Nairobi", "adm2_pcode": "KE047279", "adm2_name": "Roysambu", "adm3_pcode": "", "adm3_name": "", "adm4_pcode": "", "adm4_name": "", "name_latin": "water tank", "display_name": "water tank", "waterbody_type": "reservoir", "osm_id": "way/552778204", "model_source": "dams.geojson" }, "geometry": { "type": "Polygon", "coordinates": [ [ [ 36.9290032, -1.1781702 ], [ 36.9290087, -1.1782593 ], [ 36.9289061, -1.1782625 ], [ 36.9289046, -1.1781748 ], [ 36.9290032, -1.1781702 ] ] ] } },
{ "type": "Feature", "properties": { "id": "way/552778179", "name": "Monument", "name_en": "", "name_sw": "", "waterway": "", "covered": "", "width": "", "depth": "", "layer": "", "blockage": "", "tunnel": "", "natural_cl": "water", "water": "reservoir", "source": "", "adm0_pcode": "KEN", "adm0_name": "Kenya", "adm1_pcode": "KE022", "adm1_name": "Kiambu", "adm2_pcode": "KE022115", "adm2_name": "Ruiru", "adm3_pcode": "", "adm3_name": "", "adm4_pcode": "", "adm4_name": "", "name_latin": "Monument", "display_name": "Monument", "waterbody_type": "reservoir", "osm_id": "way/552778179", "model_source": "dams.geojson" }, "geometry": { "type": "Polygon", "coordinates": [ [ [ 36.9351958, -1.1780341 ], [ 36.9352145, -1.1780033 ], [ 36.9352534, -1.1779899 ], [ 36.9353004, -1.1780006 ], [ 36.9353299, -1.1780247 ], [ 36.9353352, -1.178069 ], [ 36.9353245, -1.1781052 ], [ 36.9352977, -1.1781266 ], [ 36.9352642, -1.1781374 ], [ 36.9352239, -1.1781293 ], [ 36.9351931, -1.1780904 ], [ 36.9351877, -1.1780569 ], [ 36.9351958, -1.1780341 ] ] ] } },
{ "type": "Feature", "properties": { "id": "way/184370121", "name": "", "name_en": "", "name_sw": "", "waterway": "", "covered": "", "width": "", "depth": "", "layer": "", "blockage": "", "tunnel": "", "natural_cl": "water", "water": "", "source": "", "adm0_pcode": "KEN", "adm0_name": "Kenya", "adm1_pcode": "KE022", "adm1_name": "Kiambu", "adm2_pcode": "KE022117", "adm2_name": "Kiambu", "adm3_pcode": "", "adm3_name": "", "adm4_pcode": "", "adm4_name": "", "name_latin": "", "display_name": "(unnamed dam or water body)", "waterbody_type": "water", "osm_id": "way/184370121", "model_source": "dams.geojson" }, "geometry": { "type": "Polygon", "coordinates": [ [ [ 36.8817996, -1.176074 ], [ 36.8825181, -1.1760964 ], [ 36.8838429, -1.1766464 ], [ 36.8844267, -1.1771852 ], [ 36.8851227, -1.1777352 ], [ 36.8858412, -1.1781842 ], [ 36.886672, -1.1784311 ], [ 36.8874354, -1.1785546 ], [ 36.8870874, -1.1797668 ], [ 36.8868853, -1.1798341 ], [ 36.8866046, -1.1795647 ], [ 36.8863689, -1.1794862 ], [ 36.885931, -1.1795198 ], [ 36.8853697, -1.1792729 ], [ 36.8848982, -1.1789474 ], [ 36.8841685, -1.1787678 ], [ 36.8837082, -1.1784423 ], [ 36.8834275, -1.1778811 ], [ 36.8834612, -1.1774209 ], [ 36.8833265, -1.1771852 ], [ 36.8830458, -1.1770617 ], [ 36.8826529, -1.1769719 ], [ 36.8823048, -1.176725 ], [ 36.8819793, -1.1765454 ], [ 36.8816425, -1.1765454 ], [ 36.881519, -1.1765005 ], [ 36.8817996, -1.176074 ] ] ] } },
{ "type": "Feature", "properties": { "id": "way/184378429", "name": "", "name_en": "", "name_sw": "", "waterway": "", "covered": "", "width": "", "depth": "", "layer": "", "blockage": "", "tunnel": "", "natural_cl": "water", "water": "", "source": "", "adm0_pcode": "KEN", "adm0_name": "Kenya", "adm1_pcode": "KE022", "adm1_name": "Kiambu", "adm2_pcode": "KE022115", "adm2_name": "Ruiru", "adm3_pcode": "", "adm3_name": "", "adm4_pcode": "", "adm4_name": "", "name_latin": "", "display_name": "(unnamed dam or water body)", "waterbody_type": "water", "osm_id": "way/184378429", "model_source": "dams.geojson" }, "geometry": { "type": "Polygon", "coordinates": [ [ [ 36.9472878, -1.1785734 ], [ 36.9469381, -1.1777308 ], [ 36.9464622, -1.1772034 ], [ 36.9450575, -1.1764984 ], [ 36.9444842, -1.1760513 ], [ 36.9454015, -1.1761831 ], [ 36.9459806, -1.175994 ], [ 36.9468291, -1.1761831 ], [ 36.9480274, -1.1767621 ], [ 36.9483022, -1.1777191 ], [ 36.9474025, -1.1786479 ], [ 36.9472878, -1.1785734 ] ] ] } },
{ "type": "Feature", "properties": { "id": "way/84629929", "name": "", "name_en": "", "name_sw": "", "waterway": "", "covered": "", "width": "", "depth": "", "layer": "", "blockage": "", "tunnel": "", "natural_cl": "water", "water": "", "source": "", "adm0_pcode": "KEN", "adm0_name": "Kenya", "adm1_pcode": "KE047", "adm1_name": "Nairobi", "adm2_pcode": "KE047279", "adm2_name": "Roysambu", "adm3_pcode": "", "adm3_name": "", "adm4_pcode": "", "adm4_name": "", "name_latin": "", "display_name": "(unnamed dam or water body)", "waterbody_type": "water", "osm_id": "way/84629929", "model_source": "dams.geojson" }, "geometry": { "type": "Polygon", "coordinates": [ [ [ 36.9016511, -1.1746445 ], [ 36.9017131, -1.1738243 ], [ 36.8990617, -1.1729472 ], [ 36.8993295, -1.1723541 ], [ 36.9018571, -1.1731589 ], [ 36.9021075, -1.1741735 ], [ 36.9041507, -1.1749412 ], [ 36.9038606, -1.1755232 ], [ 36.9016511, -1.1746445 ] ] ] } },
{ "type": "Feature", "properties": { "id": "way/131908170", "name": "", "name_en": "", "name_sw": "", "waterway": "", "covered": "", "width": "", "depth": "", "layer": "", "blockage": "", "tunnel": "", "natural_cl": "water", "water": "reservoir", "source": "", "adm0_pcode": "KEN", "adm0_name": "Kenya", "adm1_pcode": "KE047", "adm1_name": "Nairobi", "adm2_pcode": "KE047279", "adm2_name": "Roysambu", "adm3_pcode": "", "adm3_name": "", "adm4_pcode": "", "adm4_name": "", "name_latin": "", "display_name": "(unnamed dam or water body)", "waterbody_type": "reservoir", "osm_id": "way/131908170", "model_source": "dams.geojson" }, "geometry": { "type": "Polygon", "coordinates": [ [ [ 36.894578, -1.1724431 ], [ 36.8947974, -1.1724277 ], [ 36.894983, -1.1724753 ], [ 36.8950554, -1.1726469 ], [ 36.8950125, -1.1731189 ], [ 36.8949213, -1.1733173 ], [ 36.8948194, -1.1734192 ], [ 36.894409, -1.1733388 ], [ 36.8942025, -1.1732905 ], [ 36.8941113, -1.1732154 ], [ 36.8940201, -1.173135 ], [ 36.8940893, -1.1730766 ], [ 36.8940679, -1.1729265 ], [ 36.8941489, -1.1728775 ], [ 36.8940952, -1.1727166 ], [ 36.8942186, -1.1725825 ], [ 36.8943468, -1.1725564 ], [ 36.8944332, -1.1723626 ], [ 36.894578, -1.1724431 ] ] ] } },
{ "type": "Feature", "properties": { "id": "way/84629928", "name": "", "name_en": "", "name_sw": "", "waterway": "", "covered": "", "width": "", "depth": "", "layer": "", "blockage": "", "tunnel": "", "natural_cl": "water", "water": "", "source": "", "adm0_pcode": "KEN", "adm0_name": "Kenya", "adm1_pcode": "KE047", "adm1_name": "Nairobi", "adm2_pcode": "KE047279", "adm2_name": "Roysambu", "adm3_pcode": "", "adm3_name": "", "adm4_pcode": "", "adm4_name": "", "name_latin": "", "display_name": "(unnamed dam or water body)", "waterbody_type": "water", "osm_id": "way/84629928", "model_source": "dams.geojson" }, "geometry": { "type": "Polygon", "coordinates": [ [ [ 36.8922204, -1.1694152 ], [ 36.8919574, -1.1693778 ], [ 36.8912736, -1.1687019 ], [ 36.890484, -1.1683462 ], [ 36.8902753, -1.1680106 ], [ 36.8905205, -1.1674406 ], [ 36.8908565, -1.1673431 ], [ 36.8911958, -1.1672026 ], [ 36.8916398, -1.167187 ], [ 36.8919898, -1.1673959 ], [ 36.8925863, -1.1674497 ], [ 36.8933243, -1.1672898 ], [ 36.8922204, -1.1694152 ] ] ] } },
{ "type": "Feature", "properties": { "id": "way/595228072", "name": "", "name_en": "", "name_sw": "", "waterway": "", "covered": "", "width": "", "depth": "", "layer": "", "blockage": "", "tunnel": "", "natural_cl": "water", "water": "", "source": "", "adm0_pcode": "KEN", "adm0_name": "Kenya", "adm1_pcode": "KE047", "adm1_name": "Nairobi", "adm2_pcode": "KE047279", "adm2_name": "Roysambu", "adm3_pcode": "", "adm3_name": "", "adm4_pcode": "", "adm4_name": "", "name_latin": "", "display_name": "(unnamed dam or water body)", "waterbody_type": "water", "osm_id": "way/595228072", "model_source": "dams.geojson" }, "geometry": { "type": "Polygon", "coordinates": [ [ [ 36.8798493, -1.2145905 ], [ 36.8798751, -1.2146375 ], [ 36.879885, -1.2146901 ], [ 36.8798782, -1.2147432 ], [ 36.8798553, -1.2147916 ], [ 36.8798139, -1.2148339 ], [ 36.8797605, -1.2148595 ], [ 36.8797016, -1.2148654 ], [ 36.8796442, -1.2148509 ], [ 36.8795952, -1.2148176 ], [ 36.8795606, -1.2147697 ], [ 36.8795444, -1.2147127 ], [ 36.8795486, -1.2146537 ], [ 36.8795727, -1.2145996 ], [ 36.8796092, -1.2145605 ], [ 36.8796561, -1.2145346 ], [ 36.8797087, -1.2145244 ], [ 36.8797618, -1.2145311 ], [ 36.8798103, -1.2145539 ], [ 36.8798493, -1.2145905 ] ] ] } },
{ "type": "Feature", "properties": { "id": "way/113040700", "name": "", "name_en": "", "name_sw": "", "waterway": "", "covered": "", "width": "", "depth": "", "layer": "", "blockage": "", "tunnel": "", "natural_cl": "water", "water": "", "source": "", "adm0_pcode": "KEN", "adm0_name": "Kenya", "adm1_pcode": "KE047", "adm1_name": "Nairobi", "adm2_pcode": "KE047279", "adm2_name": "Roysambu", "adm3_pcode": "", "adm3_name": "", "adm4_pcode": "", "adm4_name": "", "name_latin": "", "display_name": "(unnamed dam or water body)", "waterbody_type": "water", "osm_id": "way/113040700", "model_source": "dams.geojson" }, "geometry": { "type": "Polygon", "coordinates": [ [ [ 36.8621454, -1.2112065 ], [ 36.8623707, -1.2110349 ], [ 36.8624136, -1.2109062 ], [ 36.8625745, -1.2107667 ], [ 36.8627033, -1.2106594 ], [ 36.8628749, -1.2104449 ], [ 36.8630144, -1.2103269 ], [ 36.8631324, -1.2103055 ], [ 36.8634757, -1.2103484 ], [ 36.8636152, -1.2103484 ], [ 36.8636152, -1.2104449 ], [ 36.8636152, -1.2105522 ], [ 36.8635294, -1.2106165 ], [ 36.8634221, -1.2106594 ], [ 36.8632719, -1.2106273 ], [ 36.8631002, -1.2106702 ], [ 36.8630037, -1.210756 ], [ 36.8628535, -1.2108525 ], [ 36.8626818, -1.2110241 ], [ 36.8625745, -1.2111421 ], [ 36.8624136, -1.2112709 ], [ 36.8622419, -1.2113459 ], [ 36.8620703, -1.2113459 ], [ 36.8621454, -1.2112065 ] ] ] } },
{ "type": "Feature", "properties": { "id": "way/1212403332", "name": "", "name_en": "", "name_sw": "", "waterway": "", "covered": "", "width": "", "depth": "", "layer": "", "blockage": "", "tunnel": "", "natural_cl": "water", "water": "pond", "source": "", "adm0_pcode": "KEN", "adm0_name": "Kenya", "adm1_pcode": "KE022", "adm1_name": "Kiambu", "adm2_pcode": "KE022115", "adm2_name": "Ruiru", "adm3_pcode": "", "adm3_name": "", "adm4_pcode": "", "adm4_name": "", "name_latin": "", "display_name": "(unnamed dam or water body)", "waterbody_type": "pond", "osm_id": "way/1212403332", "model_source": "dams.geojson" }, "geometry": { "type": "Polygon", "coordinates": [ [ [ 36.9117739, -1.2098645 ], [ 36.911863, -1.2098558 ], [ 36.9119299, -1.2097836 ], [ 36.911968, -1.2097207 ], [ 36.9120919, -1.2096238 ], [ 36.9123318, -1.2098756 ], [ 36.9125353, -1.2100654 ], [ 36.9127359, -1.2101497 ], [ 36.9129019, -1.2101516 ], [ 36.9129352, -1.210109 ], [ 36.9130064, -1.2101137 ], [ 36.9131283, -1.2101189 ], [ 36.9132349, -1.2100542 ], [ 36.9134923, -1.2098597 ], [ 36.9137206, -1.2097207 ], [ 36.9138169, -1.209658 ], [ 36.9139298, -1.2099539 ], [ 36.9139412, -1.2101873 ], [ 36.9139088, -1.2102888 ], [ 36.9138896, -1.2103455 ], [ 36.9138353, -1.2104149 ], [ 36.9137711, -1.2103753 ], [ 36.9137646, -1.2104517 ], [ 36.9136676, -1.2105809 ], [ 36.9135049, -1.2107002 ], [ 36.9134624, -1.210713 ], [ 36.9133552, -1.2106673 ], [ 36.9133266, -1.2106974 ], [ 36.9133566, -1.2107532 ], [ 36.9134008, -1.2108177 ], [ 36.9132231, -1.2110219 ], [ 36.9131374, -1.2110482 ], [ 36.9130702, -1.2110566 ], [ 36.9130215, -1.2110566 ], [ 36.9129649, -1.2110894 ], [ 36.9129649, -1.2111428 ], [ 36.9129633, -1.2112128 ], [ 36.9129286, -1.2112714 ], [ 36.9128701, -1.2112698 ], [ 36.9127764, -1.2112355 ], [ 36.9127497, -1.2111337 ], [ 36.9128015, -1.2110742 ], [ 36.9126581, -1.2110913 ], [ 36.9125271, -1.2110421 ], [ 36.9124092, -1.2110124 ], [ 36.9123327, -1.2110362 ], [ 36.9122841, -1.2110678 ], [ 36.912211, -1.2110594 ], [ 36.9121631, -1.2110756 ], [ 36.912067, -1.2110534 ], [ 36.9120607, -1.2109826 ], [ 36.9119955, -1.2109016 ], [ 36.9119492, -1.2108101 ], [ 36.9119666, -1.2107461 ], [ 36.9119294, -1.2106696 ], [ 36.9119144, -1.2105355 ], [ 36.9118898, -1.2104794 ], [ 36.9119306, -1.2104401 ], [ 36.9119953, -1.2103717 ], [ 36.9119669, -1.2102817 ], [ 36.9119088, -1.2101684 ], [ 36.9118911, -1.2100899 ], [ 36.9118863, -1.2100247 ], [ 36.9118743, -1.2099787 ], [ 36.9118141, -1.2099643 ], [ 36.9117515, -1.2099109 ], [ 36.9117739, -1.2098645 ] ] ] } },
{ "type": "Feature", "properties": { "id": "way/113034742", "name": "", "name_en": "", "name_sw": "", "waterway": "", "covered": "", "width": "", "depth": "", "layer": "", "blockage": "", "tunnel": "", "natural_cl": "water", "water": "", "source": "", "adm0_pcode": "KEN", "adm0_name": "Kenya", "adm1_pcode": "KE047", "adm1_name": "Nairobi", "adm2_pcode": "KE047279", "adm2_name": "Roysambu", "adm3_pcode": "", "adm3_name": "", "adm4_pcode": "", "adm4_name": "", "name_latin": "", "display_name": "(unnamed dam or water body)", "waterbody_type": "water", "osm_id": "way/113034742", "model_source": "dams.geojson" }, "geometry": { "type": "Polygon", "coordinates": [ [ [ 36.8621561, -1.2031831 ], [ 36.8622956, -1.203108 ], [ 36.8624887, -1.2030973 ], [ 36.8627247, -1.2031617 ], [ 36.8628964, -1.2032475 ], [ 36.8631753, -1.2033118 ], [ 36.8633363, -1.2033118 ], [ 36.8634221, -1.2031509 ], [ 36.8635401, -1.2030544 ], [ 36.863744, -1.2030544 ], [ 36.8639049, -1.2031509 ], [ 36.8640336, -1.2032582 ], [ 36.8641946, -1.203344 ], [ 36.8643662, -1.2033976 ], [ 36.8645272, -1.2033869 ], [ 36.8647096, -1.2033547 ], [ 36.8648598, -1.2032904 ], [ 36.8649563, -1.2031938 ], [ 36.8650636, -1.2030973 ], [ 36.8651709, -1.2031938 ], [ 36.8651789, -1.2033459 ], [ 36.8651816, -1.2033976 ], [ 36.8650529, -1.2035049 ], [ 36.864849, -1.2035049 ], [ 36.8646988, -1.20358 ], [ 36.8645272, -1.2035585 ], [ 36.8643555, -1.2035478 ], [ 36.8642053, -1.2035156 ], [ 36.8640873, -1.2034727 ], [ 36.8637654, -1.203344 ], [ 36.863626, -1.2033333 ], [ 36.863465, -1.2034942 ], [ 36.863347, -1.2035907 ], [ 36.8631432, -1.2036122 ], [ 36.8629822, -1.2034942 ], [ 36.8628749, -1.2034513 ], [ 36.8627462, -1.2033976 ], [ 36.8626174, -1.2033226 ], [ 36.8625316, -1.2032582 ], [ 36.8623814, -1.2031831 ], [ 36.8622634, -1.2032153 ], [ 36.8621883, -1.2032796 ], [ 36.8621561, -1.2031831 ] ] ] } },
{ "type": "Feature", "properties": { "id": "way/113034756", "name": "", "name_en": "", "name_sw": "", "waterway": "", "covered": "", "width": "", "depth": "", "layer": "", "blockage": "", "tunnel": "", "natural_cl": "water", "water": "", "source": "", "adm0_pcode": "KEN", "adm0_name": "Kenya", "adm1_pcode": "KE047", "adm1_name": "Nairobi", "adm2_pcode": "KE047279", "adm2_name": "Roysambu", "adm3_pcode": "", "adm3_name": "", "adm4_pcode": "", "adm4_name": "", "name_latin": "", "display_name": "(unnamed dam or water body)", "waterbody_type": "water", "osm_id": "way/113034756", "model_source": "dams.geojson" }, "geometry": { "type": "Polygon", "coordinates": [ [ [ 36.8674347, -1.2014132 ], [ 36.8675849, -1.2014561 ], [ 36.867778, -1.2015098 ], [ 36.8679926, -1.2014883 ], [ 36.868175, -1.2014883 ], [ 36.8684003, -1.2015205 ], [ 36.8686041, -1.201617 ], [ 36.8686792, -1.2017672 ], [ 36.8685505, -1.2020461 ], [ 36.8684647, -1.2021319 ], [ 36.8683788, -1.2020997 ], [ 36.8683037, -1.202089 ], [ 36.8682438, -1.2020747 ], [ 36.8682405, -1.2021102 ], [ 36.8682537, -1.2021361 ], [ 36.8682877, -1.2022152 ], [ 36.8683505, -1.2022608 ], [ 36.8684452, -1.202313 ], [ 36.8684431, -1.2023378 ], [ 36.8684292, -1.2023515 ], [ 36.8683333, -1.2022974 ], [ 36.8682735, -1.2022449 ], [ 36.8682179, -1.2021641 ], [ 36.8681857, -1.2020676 ], [ 36.8681857, -1.2019603 ], [ 36.8680677, -1.2018959 ], [ 36.8679497, -1.2018316 ], [ 36.867778, -1.201735 ], [ 36.8675849, -1.2016599 ], [ 36.8673489, -1.201542 ], [ 36.8674347, -1.2014132 ] ] ] } },
{ "type": "Feature", "properties": { "id": "way/101206101", "name": "", "name_en": "", "name_sw": "", "waterway": "", "covered": "", "width": "", "depth": "", "layer": "", "blockage": "", "tunnel": "", "natural_cl": "water", "water": "reservoir", "source": "", "adm0_pcode": "KEN", "adm0_name": "Kenya", "adm1_pcode": "KE022", "adm1_name": "Kiambu", "adm2_pcode": "KE022117", "adm2_name": "Kiambu", "adm3_pcode": "", "adm3_name": "", "adm4_pcode": "", "adm4_name": "", "name_latin": "", "display_name": "(unnamed dam or water body)", "waterbody_type": "reservoir", "osm_id": "way/101206101", "model_source": "dams.geojson" }, "geometry": { "type": "Polygon", "coordinates": [ [ [ 36.8826751, -1.1958295 ], [ 36.8829272, -1.1956847 ], [ 36.88311490000001, -1.1955989 ], [ 36.8832115, -1.1957115 ], [ 36.8830667, -1.195792 ], [ 36.8829568, -1.1958772 ], [ 36.8830523, -1.1959113 ], [ 36.8832973, -1.1958456 ], [ 36.8836204, -1.1966865 ], [ 36.883456, -1.1969284 ], [ 36.8837855, -1.1968592 ], [ 36.8838284, -1.1969987 ], [ 36.8834583, -1.19724 ], [ 36.8833295, -1.1974117 ], [ 36.8829808, -1.1975994 ], [ 36.8825892, -1.1975779 ], [ 36.8817685, -1.1973902 ], [ 36.8811623, -1.1972078 ], [ 36.8803845, -1.1972347 ], [ 36.8800519, -1.1972561 ], [ 36.8795315, -1.1975886 ], [ 36.8792311, -1.1980445 ], [ 36.8787805, -1.1984682 ], [ 36.8784479, -1.1986667 ], [ 36.8782333, -1.1986774 ], [ 36.8781099, -1.1985058 ], [ 36.8781421, -1.1982483 ], [ 36.8780939, -1.1977764 ], [ 36.8779436, -1.1974921 ], [ 36.8773882, -1.1970837 ], [ 36.8769322, -1.1968853 ], [ 36.8764816, -1.1966225 ], [ 36.8768946, -1.1964401 ], [ 36.8774716, -1.1964248 ], [ 36.8778632, -1.1965321 ], [ 36.8783943, -1.1965482 ], [ 36.8786786, -1.196457 ], [ 36.8789897, -1.1965589 ], [ 36.8792848, -1.1966179 ], [ 36.8795983, -1.1965259 ], [ 36.8800626, -1.1964141 ], [ 36.8806473, -1.1964141 ], [ 36.8813554, -1.1964516 ], [ 36.8818275, -1.1964355 ], [ 36.8822781, -1.1963873 ], [ 36.8824551, -1.1962854 ], [ 36.882557, -1.1960762 ], [ 36.8826751, -1.1958295 ] ] ] } },
{ "type": "Feature", "properties": { "id": "way/184378438", "name": "", "name_en": "", "name_sw": "", "waterway": "", "covered": "", "width": "", "depth": "", "layer": "", "blockage": "", "tunnel": "", "natural_cl": "water", "water": "", "source": "", "adm0_pcode": "KEN", "adm0_name": "Kenya", "adm1_pcode": "KE022", "adm1_name": "Kiambu", "adm2_pcode": "KE022115", "adm2_name": "Ruiru", "adm3_pcode": "", "adm3_name": "", "adm4_pcode": "", "adm4_name": "", "name_latin": "", "display_name": "(unnamed dam or water body)", "waterbody_type": "water", "osm_id": "way/184378438", "model_source": "dams.geojson" }, "geometry": { "type": "Polygon", "coordinates": [ [ [ 36.9656668, -1.1929319 ], [ 36.9650935, -1.1942789 ], [ 36.9643768, -1.1939722 ], [ 36.9649616, -1.192608 ], [ 36.9656668, -1.1929319 ] ] ] } },
{ "type": "Feature", "properties": { "id": "way/184378445", "name": "", "name_en": "", "name_sw": "", "waterway": "", "covered": "", "width": "", "depth": "", "layer": "", "blockage": "", "tunnel": "", "natural_cl": "water", "water": "", "source": "", "adm0_pcode": "KEN", "adm0_name": "Kenya", "adm1_pcode": "KE022", "adm1_name": "Kiambu", "adm2_pcode": "KE022115", "adm2_name": "Ruiru", "adm3_pcode": "", "adm3_name": "", "adm4_pcode": "", "adm4_name": "", "name_latin": "", "display_name": "(unnamed dam or water body)", "waterbody_type": "water", "osm_id": "way/184378445", "model_source": "dams.geojson" }, "geometry": { "type": "Polygon", "coordinates": [ [ [ 36.9648985, -1.1925908 ], [ 36.9643223, -1.1939464 ], [ 36.9636401, -1.1936512 ], [ 36.9642163, -1.1922956 ], [ 36.9648985, -1.1925908 ] ] ] } },
{ "type": "Feature", "properties": { "id": "way/184378436", "name": "", "name_en": "", "name_sw": "", "waterway": "", "covered": "", "width": "", "depth": "", "layer": "", "blockage": "", "tunnel": "", "natural_cl": "water", "water": "", "source": "", "adm0_pcode": "KEN", "adm0_name": "Kenya", "adm1_pcode": "KE022", "adm1_name": "Kiambu", "adm2_pcode": "KE022115", "adm2_name": "Ruiru", "adm3_pcode": "", "adm3_name": "", "adm4_pcode": "", "adm4_name": "", "name_latin": "", "display_name": "(unnamed dam or water body)", "waterbody_type": "water", "osm_id": "way/184378436", "model_source": "dams.geojson" }, "geometry": { "type": "Polygon", "coordinates": [ [ [ 36.9638923, -1.1928459 ], [ 36.9636745, -1.1933818 ], [ 36.9627084, -1.1929433 ], [ 36.9629205, -1.1924217 ], [ 36.9638923, -1.1928459 ] ] ] } },
{ "type": "Feature", "properties": { "id": "way/184378442", "name": "", "name_en": "", "name_sw": "", "waterway": "", "covered": "", "width": "", "depth": "", "layer": "", "blockage": "", "tunnel": "", "natural_cl": "water", "water": "", "source": "", "adm0_pcode": "KEN", "adm0_name": "Kenya", "adm1_pcode": "KE022", "adm1_name": "Kiambu", "adm2_pcode": "KE022115", "adm2_name": "Ruiru", "adm3_pcode": "", "adm3_name": "", "adm4_pcode": "", "adm4_name": "", "name_latin": "", "display_name": "(unnamed dam or water body)", "waterbody_type": "water", "osm_id": "way/184378442", "model_source": "dams.geojson" }, "geometry": { "type": "Polygon", "coordinates": [ [ [ 36.9628644, -1.1923992 ], [ 36.9626637, -1.1929323 ], [ 36.9616546, -1.1925024 ], [ 36.9618779, -1.1919782 ], [ 36.9628644, -1.1923992 ] ] ] } },
{ "type": "Feature", "properties": { "id": "way/25704715", "name": "", "name_en": "", "name_sw": "", "waterway": "", "covered": "", "width": "", "depth": "", "layer": "", "blockage": "", "tunnel": "", "natural_cl": "water", "water": "", "source": "", "adm0_pcode": "KEN", "adm0_name": "Kenya", "adm1_pcode": "KE022", "adm1_name": "Kiambu", "adm2_pcode": "KE022117", "adm2_name": "Kiambu", "adm3_pcode": "", "adm3_name": "", "adm4_pcode": "", "adm4_name": "", "name_latin": "", "display_name": "(unnamed dam or water body)", "waterbody_type": "water", "osm_id": "way/25704715", "model_source": "dams.geojson" }, "geometry": { "type": "Polygon", "coordinates": [ [ [ 36.8332521, -1.2167336 ], [ 36.8331663, -1.2167164 ], [ 36.8331148, -1.2166392 ], [ 36.8331491, -1.2165019 ], [ 36.8331663, -1.2164075 ], [ 36.8331959, -1.2165304 ], [ 36.8333391, -1.2165438 ], [ 36.8334676, -1.2165563 ], [ 36.833501, -1.2165619 ], [ 36.8335611, -1.2165877 ], [ 36.8335611, -1.2167164 ], [ 36.833501, -1.2167679 ], [ 36.8334323, -1.2168108 ], [ 36.8333808, -1.2168022 ], [ 36.8333208, -1.2167336 ], [ 36.8332521, -1.2167336 ] ] ] } },
{ "type": "Feature", "properties": { "id": "way/25033340", "name": "", "name_en": "", "name_sw": "", "waterway": "", "covered": "", "width": "", "depth": "", "layer": "", "blockage": "", "tunnel": "", "natural_cl": "water", "water": "", "source": "", "adm0_pcode": "KEN", "adm0_name": "Kenya", "adm1_pcode": "KE047", "adm1_name": "Nairobi", "adm2_pcode": "KE047279", "adm2_name": "Roysambu", "adm3_pcode": "", "adm3_name": "", "adm4_pcode": "", "adm4_name": "", "name_latin": "", "display_name": "(unnamed dam or water body)", "waterbody_type": "water", "osm_id": "way/25033340", "model_source": "dams.geojson" }, "geometry": { "type": "Polygon", "coordinates": [ [ [ 36.8524304, -1.2127035 ], [ 36.8526964, -1.212446 ], [ 36.8532028, -1.2122058 ], [ 36.8532887, -1.2122658 ], [ 36.853426, -1.2122658 ], [ 36.8536148, -1.2121543 ], [ 36.8538637, -1.2121543 ], [ 36.8538637, -1.212017 ], [ 36.854044, -1.2120599 ], [ 36.8541985, -1.212017 ], [ 36.8542843, -1.2121028 ], [ 36.854353, -1.2120341 ], [ 36.854765, -1.2120599 ], [ 36.8551254, -1.2119569 ], [ 36.8553229, -1.2116137 ], [ 36.8554173, -1.211648 ], [ 36.8552284, -1.2119483 ], [ 36.8554602, -1.2119312 ], [ 36.8557434, -1.2130725 ], [ 36.8549795, -1.2130725 ], [ 36.8548707, -1.2130728 ], [ 36.8544603, -1.2129548 ], [ 36.8541985, -1.2128493 ], [ 36.8541009, -1.2127456 ], [ 36.8538981, -1.2127464 ], [ 36.8538294, -1.2128322 ], [ 36.8536921, -1.2127893 ], [ 36.8534689, -1.212815 ], [ 36.8532372, -1.2128064 ], [ 36.8531685, -1.2128665 ], [ 36.8530569, -1.2127635 ], [ 36.852911, -1.2128064 ], [ 36.852911, -1.2129609 ], [ 36.8528252, -1.2130467 ], [ 36.8528252, -1.2128837 ], [ 36.8526964, -1.2128408 ], [ 36.8526106, -1.2129352 ], [ 36.8525334, -1.2130725 ], [ 36.8525334, -1.2128493 ], [ 36.8523531, -1.2129609 ], [ 36.8522844, -1.2130639 ], [ 36.8521814, -1.2130381 ], [ 36.8524304, -1.2127035 ] ] ] } },
{ "type": "Feature", "properties": { "id": "way/25032852", "name": "", "name_en": "", "name_sw": "", "waterway": "", "covered": "", "width": "", "depth": "", "layer": "", "blockage": "", "tunnel": "", "natural_cl": "water", "water": "", "source": "", "adm0_pcode": "KEN", "adm0_name": "Kenya", "adm1_pcode": "KE047", "adm1_name": "Nairobi", "adm2_pcode": "KE047279", "adm2_name": "Roysambu", "adm3_pcode": "", "adm3_name": "", "adm4_pcode": "", "adm4_name": "", "name_latin": "", "display_name": "(unnamed dam or water body)", "waterbody_type": "water", "osm_id": "way/25032852", "model_source": "dams.geojson" }, "geometry": { "type": "Polygon", "coordinates": [ [ [ 36.8521214, -1.2096143 ], [ 36.852087, -1.2095113 ], [ 36.8520613, -1.2093911 ], [ 36.8520569, -1.2093319 ], [ 36.8520956, -1.2092882 ], [ 36.8521397, -1.2092774 ], [ 36.85219, -1.2092882 ], [ 36.8523102, -1.2092967 ], [ 36.8524561, -1.2092967 ], [ 36.8525849, -1.2093053 ], [ 36.8526621, -1.2093397 ], [ 36.852687, -1.2093752 ], [ 36.8526964, -1.2094169 ], [ 36.8526364, -1.2095027 ], [ 36.8525162, -1.2096228 ], [ 36.8524304, -1.2097687 ], [ 36.8523789, -1.2099575 ], [ 36.8523703, -1.2101291 ], [ 36.8523445, -1.2102321 ], [ 36.8522587, -1.2103093 ], [ 36.8520699, -1.2103179 ], [ 36.8519325, -1.2102836 ], [ 36.8518381, -1.2101806 ], [ 36.8517695, -1.2100176 ], [ 36.8517695, -1.209906 ], [ 36.8517437, -1.2098459 ], [ 36.8517094, -1.2098374 ], [ 36.8516939, -1.2098255 ], [ 36.8517523, -1.2095456 ], [ 36.8517094, -1.2095113 ], [ 36.851675, -1.2094598 ], [ 36.8517001, -1.2094021 ], [ 36.8517437, -1.2093568 ], [ 36.8518381, -1.2093311 ], [ 36.851924, -1.209374 ], [ 36.8519411, -1.2094684 ], [ 36.8519411, -1.2096143 ], [ 36.8518982, -1.2097172 ], [ 36.851881, -1.2098202 ], [ 36.8518553, -1.209906 ], [ 36.8518982, -1.2100261 ], [ 36.8519755, -1.2101034 ], [ 36.8520613, -1.2101291 ], [ 36.8521729, -1.210112 ], [ 36.8522329, -1.2100519 ], [ 36.8522587, -1.2099232 ], [ 36.8522329, -1.2097859 ], [ 36.8521814, -1.2097001 ], [ 36.8521214, -1.2096143 ] ] ] } },
{ "type": "Feature", "properties": { "id": "way/431819007", "name": "", "name_en": "", "name_sw": "", "waterway": "", "covered": "", "width": "", "depth": "", "layer": "", "blockage": "", "tunnel": "", "natural_cl": "water", "water": "", "source": "", "adm0_pcode": "KEN", "adm0_name": "Kenya", "adm1_pcode": "KE047", "adm1_name": "Nairobi", "adm2_pcode": "KE047279", "adm2_name": "Roysambu", "adm3_pcode": "", "adm3_name": "", "adm4_pcode": "", "adm4_name": "", "name_latin": "", "display_name": "(unnamed dam or water body)", "waterbody_type": "water", "osm_id": "way/431819007", "model_source": "dams.geojson" }, "geometry": { "type": "Polygon", "coordinates": [ [ [ 36.8526348, -1.207847 ], [ 36.8526068, -1.2077478 ], [ 36.8525869, -1.2076708 ], [ 36.8525729, -1.2076148 ], [ 36.8525939, -1.2075867 ], [ 36.8526208, -1.2075786 ], [ 36.8526582, -1.2075832 ], [ 36.852685, -1.2076077 ], [ 36.8527235, -1.2076614 ], [ 36.852741, -1.2077256 ], [ 36.8527877, -1.2077933 ], [ 36.8528286, -1.2078599 ], [ 36.8528473, -1.2078809 ], [ 36.8528508, -1.2078984 ], [ 36.852873, -1.2079731 ], [ 36.8528975, -1.2080781 ], [ 36.8529255, -1.2081213 ], [ 36.8529886, -1.2081564 ], [ 36.8530294, -1.2081622 ], [ 36.8530831, -1.2081505 ], [ 36.8531357, -1.2081353 ], [ 36.853187, -1.2081225 ], [ 36.8532267, -1.208126 ], [ 36.8532629, -1.2081587 ], [ 36.8532664, -1.2081937 ], [ 36.8532384, -1.2082241 ], [ 36.8531964, -1.2082626 ], [ 36.8531427, -1.2082859 ], [ 36.8530644, -1.2083093 ], [ 36.8530154, -1.2083221 ], [ 36.852943, -1.2083151 ], [ 36.8528881, -1.2083151 ], [ 36.8528438, -1.2083023 ], [ 36.8528134, -1.2082719 ], [ 36.8527854, -1.2082042 ], [ 36.8527702, -1.2081272 ], [ 36.8527772, -1.2080571 ], [ 36.8527971, -1.2080151 ], [ 36.8528029, -1.2079859 ], [ 36.8527924, -1.2079486 ], [ 36.8527691, -1.2079287 ], [ 36.8527317, -1.2079264 ], [ 36.852706, -1.2079299 ], [ 36.8526768, -1.2079124 ], [ 36.8526348, -1.207847 ] ] ] } },
{ "type": "Feature", "properties": { "id": "way/226154095", "name": "", "name_en": "", "name_sw": "", "waterway": "", "covered": "", "width": "", "depth": "", "layer": "", "blockage": "", "tunnel": "", "natural_cl": "water", "water": "", "source": "", "adm0_pcode": "KEN", "adm0_name": "Kenya", "adm1_pcode": "KE047", "adm1_name": "Nairobi", "adm2_pcode": "KE047279", "adm2_name": "Roysambu", "adm3_pcode": "", "adm3_name": "", "adm4_pcode": "", "adm4_name": "", "name_latin": "", "display_name": "(unnamed dam or water body)", "waterbody_type": "water", "osm_id": "way/226154095", "model_source": "dams.geojson" }, "geometry": { "type": "Polygon", "coordinates": [ [ [ 36.8521414, -1.2059692 ], [ 36.8522058, -1.2058727 ], [ 36.8523882, -1.2058673 ], [ 36.8525116, -1.2057815 ], [ 36.8530319, -1.2061462 ], [ 36.8528925, -1.2062106 ], [ 36.8529568, -1.2063661 ], [ 36.8530051, -1.2063715 ], [ 36.8528281, -1.206527 ], [ 36.8527315, -1.2066825 ], [ 36.8526028, -1.2068005 ], [ 36.852525, -1.2068649 ], [ 36.8524633, -1.2069346 ], [ 36.852462, -1.2070459 ], [ 36.8525009, -1.2071545 ], [ 36.852576, -1.2071974 ], [ 36.8525867, -1.2072939 ], [ 36.8525733, -1.2073522 ], [ 36.8524821, -1.2074589 ], [ 36.8523667, -1.2075628 ], [ 36.8523037, -1.2075581 ], [ 36.8521736, -1.2074763 ], [ 36.8520717, -1.2073797 ], [ 36.8519805, -1.2073583 ], [ 36.8518732, -1.2073851 ], [ 36.8518249, -1.2073047 ], [ 36.851841, -1.2072028 ], [ 36.8518357, -1.2070794 ], [ 36.851782, -1.207058 ], [ 36.8517123, -1.2071223 ], [ 36.8516047, -1.2070443 ], [ 36.8515567, -1.2069131 ], [ 36.8515135, -1.2067547 ], [ 36.8515028, -1.2065348 ], [ 36.851546, -1.2064734 ], [ 36.8516476, -1.2063953 ], [ 36.8517713, -1.2062964 ], [ 36.8518196, -1.2062159 ], [ 36.8518732, -1.2061516 ], [ 36.8519, -1.2060604 ], [ 36.8520288, -1.2060604 ], [ 36.8521414, -1.2059692 ] ] ] } },
{ "type": "Feature", "properties": { "id": "way/102148420", "name": "", "name_en": "", "name_sw": "", "waterway": "", "covered": "", "width": "", "depth": "", "layer": "", "blockage": "", "tunnel": "", "natural_cl": "water", "water": "reservoir", "source": "", "adm0_pcode": "KEN", "adm0_name": "Kenya", "adm1_pcode": "KE022", "adm1_name": "Kiambu", "adm2_pcode": "KE022117", "adm2_name": "Kiambu", "adm3_pcode": "", "adm3_name": "", "adm4_pcode": "", "adm4_name": "", "name_latin": "", "display_name": "(unnamed dam or water body)", "waterbody_type": "reservoir", "osm_id": "way/102148420", "model_source": "dams.geojson" }, "geometry": { "type": "Polygon", "coordinates": [ [ [ 36.8197878, -1.2068507 ], [ 36.8191011, -1.206411 ], [ 36.8191333, -1.2062072 ], [ 36.8188436, -1.2059926 ], [ 36.8185754, -1.2047054 ], [ 36.8189724, -1.2044695 ], [ 36.819026, -1.204212 ], [ 36.819305, -1.2040511 ], [ 36.8196805, -1.2044587 ], [ 36.819938, -1.205156 ], [ 36.8202169, -1.2056172 ], [ 36.8205817, -1.2059497 ], [ 36.8197878, -1.2068507 ] ] ] } },
{ "type": "Feature", "properties": { "id": "way/113034751", "name": "", "name_en": "", "name_sw": "", "waterway": "", "covered": "", "width": "", "depth": "", "layer": "", "blockage": "", "tunnel": "", "natural_cl": "water", "water": "", "source": "", "adm0_pcode": "KEN", "adm0_name": "Kenya", "adm1_pcode": "KE047", "adm1_name": "Nairobi", "adm2_pcode": "KE047279", "adm2_name": "Roysambu", "adm3_pcode": "", "adm3_name": "", "adm4_pcode": "", "adm4_name": "", "name_latin": "", "display_name": "(unnamed dam or water body)", "waterbody_type": "water", "osm_id": "way/113034751", "model_source": "dams.geojson" }, "geometry": { "type": "Polygon", "coordinates": [ [ [ 36.8604689, -1.2004999 ], [ 36.8603049, -1.2003934 ], [ 36.8602229, -1.2003631 ], [ 36.8600859, -1.2003128 ], [ 36.8600427, -1.2002221 ], [ 36.860089, -1.2000051 ], [ 36.8602178, -1.1999456 ], [ 36.8612366, -1.2002288 ], [ 36.8614002, -1.2002196 ], [ 36.8615743, -1.2002417 ], [ 36.8617828, -1.2002618 ], [ 36.8620764, -1.2002352 ], [ 36.8622205, -1.2002977 ], [ 36.8624136, -1.2002333 ], [ 36.8624994, -1.2003084 ], [ 36.8624029, -1.2009735 ], [ 36.8623063, -1.2010914 ], [ 36.8621883, -1.2010914 ], [ 36.8619308, -1.2010593 ], [ 36.8617377, -1.2010378 ], [ 36.8615439, -1.2010117 ], [ 36.8614204, -1.20092 ], [ 36.8613622, -1.2008018 ], [ 36.8611369, -1.2006946 ], [ 36.8609545, -1.2006195 ], [ 36.8608579, -1.200598 ], [ 36.8604689, -1.2004999 ] ] ] } },
{ "type": "Feature", "properties": { "id": "way/113034746", "name": "", "name_en": "", "name_sw": "", "waterway": "", "covered": "", "width": "", "depth": "", "layer": "", "blockage": "", "tunnel": "", "natural_cl": "water", "water": "", "source": "", "adm0_pcode": "KEN", "adm0_name": "Kenya", "adm1_pcode": "KE047", "adm1_name": "Nairobi", "adm2_pcode": "KE047279", "adm2_name": "Roysambu", "adm3_pcode": "", "adm3_name": "", "adm4_pcode": "", "adm4_name": "", "name_latin": "", "display_name": "(unnamed dam or water body)", "waterbody_type": "water", "osm_id": "way/113034746", "model_source": "dams.geojson" }, "geometry": { "type": "Polygon", "coordinates": [ [ [ 36.8581435, -1.1995254 ], [ 36.8583045, -1.1995147 ], [ 36.8585083, -1.1995576 ], [ 36.8586907, -1.1995897 ], [ 36.8588516, -1.1995254 ], [ 36.8591338, -1.1994583 ], [ 36.8593344, -1.1994288 ], [ 36.8595812, -1.1994181 ], [ 36.8597314, -1.1995576 ], [ 36.8597528, -1.1998364 ], [ 36.8596777, -1.2002548 ], [ 36.8596777, -1.2003406 ], [ 36.8595597, -1.2004586 ], [ 36.8590555, -1.2002655 ], [ 36.8588945, -1.2001797 ], [ 36.8585941, -1.2000617 ], [ 36.8583045, -1.2000617 ], [ 36.8581757, -1.2001153 ], [ 36.8579826, -1.2000724 ], [ 36.8578646, -1.1998901 ], [ 36.8578538, -1.1997614 ], [ 36.8579611, -1.1997077 ], [ 36.858004, -1.1995468 ], [ 36.8581435, -1.1995254 ] ] ] } },
{ "type": "Feature", "properties": { "id": "way/1211452505", "name": "", "name_en": "", "name_sw": "", "waterway": "", "covered": "", "width": "", "depth": "", "layer": "", "blockage": "", "tunnel": "", "natural_cl": "water", "water": "", "source": "", "adm0_pcode": "KEN", "adm0_name": "Kenya", "adm1_pcode": "KE022", "adm1_name": "Kiambu", "adm2_pcode": "KE022117", "adm2_name": "Kiambu", "adm3_pcode": "", "adm3_name": "", "adm4_pcode": "", "adm4_name": "", "name_latin": "", "display_name": "(unnamed dam or water body)", "waterbody_type": "water", "osm_id": "way/1211452505", "model_source": "dams.geojson" }, "geometry": { "type": "Polygon", "coordinates": [ [ [ 36.8410885, -1.1971285 ], [ 36.8410977, -1.1971385 ], [ 36.8411041, -1.197165 ], [ 36.8411033, -1.197172 ], [ 36.841093, -1.1971749 ], [ 36.8410841, -1.1971825 ], [ 36.8410779, -1.1971999 ], [ 36.8410769, -1.1972122 ], [ 36.8410567, -1.1972158 ], [ 36.8410462, -1.1972355 ], [ 36.8410365, -1.1972516 ], [ 36.8410318, -1.197261 ], [ 36.841022, -1.1972639 ], [ 36.8410167, -1.1972522 ], [ 36.8410058, -1.1972425 ], [ 36.8409951, -1.1972436 ], [ 36.8409798, -1.1972351 ], [ 36.8409754, -1.1972264 ], [ 36.8409621, -1.197221 ], [ 36.8409497, -1.1972245 ], [ 36.8409411, -1.1972196 ], [ 36.8409297, -1.197206 ], [ 36.8409168, -1.1972018 ], [ 36.840903, -1.1972068 ], [ 36.840893800000011, -1.1972103 ], [ 36.8408843, -1.1971975 ], [ 36.840876, -1.1971938 ], [ 36.8408776, -1.1971873 ], [ 36.8408792, -1.1971691 ], [ 36.8408818, -1.1971589 ], [ 36.8408755, -1.1971536 ], [ 36.8408667, -1.1971496 ], [ 36.8408772, -1.1971448 ], [ 36.8408896, -1.1971371 ], [ 36.8408935, -1.1971239 ], [ 36.8408956, -1.1971127 ], [ 36.8408959, -1.1970969 ], [ 36.8409007, -1.1970827 ], [ 36.8409021, -1.1970735 ], [ 36.8409043, -1.1970682 ], [ 36.8409104, -1.1970666 ], [ 36.840923, -1.1970635 ], [ 36.8409323, -1.1970508 ], [ 36.8409375, -1.1970453 ], [ 36.840947, -1.1970438 ], [ 36.8409577, -1.1970403 ], [ 36.8409632, -1.1970307 ], [ 36.8409717, -1.1970311 ], [ 36.8409835, -1.1970445 ], [ 36.8409941, -1.1970412 ], [ 36.8410066, -1.1970342 ], [ 36.841026, -1.1970455 ], [ 36.8410396, -1.1970444 ], [ 36.8410689, -1.19708 ], [ 36.8410714, -1.1971057 ], [ 36.8410885, -1.1971285 ] ] ] } },
{ "type": "Feature", "properties": { "id": "way/87652806", "name": "", "name_en": "", "name_sw": "", "waterway": "", "covered": "", "width": "", "depth": "", "layer": "", "blockage": "", "tunnel": "", "natural_cl": "water", "water": "", "source": "", "adm0_pcode": "KEN", "adm0_name": "Kenya", "adm1_pcode": "KE022", "adm1_name": "Kiambu", "adm2_pcode": "KE022117", "adm2_name": "Kiambu", "adm3_pcode": "", "adm3_name": "", "adm4_pcode": "", "adm4_name": "", "name_latin": "", "display_name": "(unnamed dam or water body)", "waterbody_type": "water", "osm_id": "way/87652806", "model_source": "dams.geojson" }, "geometry": { "type": "Polygon", "coordinates": [ [ [ 36.8311339, -1.1891177 ], [ 36.831209, -1.1891526 ], [ 36.8312975, -1.1892679 ], [ 36.8313216, -1.1894637 ], [ 36.8313699, -1.1896326 ], [ 36.8314718, -1.1897828 ], [ 36.8316247, -1.1899008 ], [ 36.8317642, -1.1899651 ], [ 36.83185, -1.1901072 ], [ 36.8318259, -1.1903003 ], [ 36.8319627, -1.190606 ], [ 36.8320405, -1.1908072 ], [ 36.8320968, -1.1909895 ], [ 36.8324052, -1.1912201 ], [ 36.8325286, -1.1913676 ], [ 36.8326332, -1.191735 ], [ 36.8327083, -1.1920032 ], [ 36.8326171, -1.1923357 ], [ 36.8325206, -1.1926307 ], [ 36.8323999, -1.1928371 ], [ 36.8324294, -1.1931321 ], [ 36.8325554, -1.193293 ], [ 36.8328451, -1.1934781 ], [ 36.8329417, -1.1936041 ], [ 36.8327888, -1.1937543 ], [ 36.8325286, -1.1938213 ], [ 36.832373, -1.1936926 ], [ 36.8321853, -1.1936175 ], [ 36.8319841, -1.1935692 ], [ 36.8319358, -1.1933949 ], [ 36.8316757, -1.1929873 ], [ 36.8316596, -1.1928452 ], [ 36.8318151, -1.1926173 ], [ 36.8319251, -1.1923062 ], [ 36.8319868, -1.1921801 ], [ 36.8320029, -1.1920085 ], [ 36.8318768, -1.1918718 ], [ 36.8316998, -1.1914829 ], [ 36.8316703, -1.1911799 ], [ 36.8317186, -1.1910297 ], [ 36.8315872, -1.1909359 ], [ 36.8314423, -1.1908206 ], [ 36.8313136, -1.1906328 ], [ 36.8312733, -1.1904022 ], [ 36.8312599, -1.1902413 ], [ 36.8311205, -1.1900858 ], [ 36.8309917, -1.1900161 ], [ 36.8309515, -1.1898927 ], [ 36.8309059, -1.1896675 ], [ 36.830804, -1.189469 ], [ 36.830812, -1.1892545 ], [ 36.8309354, -1.1891687 ], [ 36.8311339, -1.1891177 ] ] ] } },
{ "type": "Feature", "properties": { "id": "way/240067172", "name": "", "name_en": "", "name_sw": "", "waterway": "", "covered": "", "width": "", "depth": "", "layer": "", "blockage": "", "tunnel": "", "natural_cl": "water", "water": "", "source": "", "adm0_pcode": "KEN", "adm0_name": "Kenya", "adm1_pcode": "KE022", "adm1_name": "Kiambu", "adm2_pcode": "KE022117", "adm2_name": "Kiambu", "adm3_pcode": "", "adm3_name": "", "adm4_pcode": "", "adm4_name": "", "name_latin": "", "display_name": "(unnamed dam or water body)", "waterbody_type": "water", "osm_id": "way/240067172", "model_source": "dams.geojson" }, "geometry": { "type": "Polygon", "coordinates": [ [ [ 36.8474014, -1.1895945 ], [ 36.8483831, -1.1907691 ], [ 36.8480183, -1.1910211 ], [ 36.8471814, -1.1897769 ], [ 36.8474014, -1.1895945 ] ] ] } },
{ "type": "Feature", "properties": { "id": "way/87652707", "name": "Lake Paradise Lost Kiambu", "name_en": "", "name_sw": "", "waterway": "", "covered": "", "width": "", "depth": "", "layer": "", "blockage": "", "tunnel": "", "natural_cl": "water", "water": "lake", "source": "", "adm0_pcode": "KEN", "adm0_name": "Kenya", "adm1_pcode": "KE022", "adm1_name": "Kiambu", "adm2_pcode": "KE022117", "adm2_name": "Kiambu", "adm3_pcode": "", "adm3_name": "", "adm4_pcode": "", "adm4_name": "", "name_latin": "Lake Paradise Lost Kiambu", "display_name": "Lake Paradise Lost Kiambu", "waterbody_type": "lake", "osm_id": "way/87652707", "model_source": "dams.geojson" }, "geometry": { "type": "Polygon", "coordinates": [ [ [ 36.8285992, -1.1875999 ], [ 36.8281057, -1.18749 ], [ 36.8278133, -1.1873827 ], [ 36.8275638, -1.187321 ], [ 36.8274271, -1.187321 ], [ 36.8272983, -1.1873398 ], [ 36.8270542, -1.1872728 ], [ 36.826904, -1.1872513 ], [ 36.8266438, -1.1872862 ], [ 36.8264588, -1.1874122 ], [ 36.8262791, -1.1874953 ], [ 36.8261262, -1.1873103 ], [ 36.8261664, -1.1871467 ], [ 36.8261074, -1.1869268 ], [ 36.8261852, -1.1867472 ], [ 36.8261825, -1.1865809 ], [ 36.8261262, -1.1864683 ], [ 36.8260886, -1.1862403 ], [ 36.8260135, -1.1860204 ], [ 36.8259733, -1.1857871 ], [ 36.8258606, -1.1856504 ], [ 36.8257694, -1.1855377 ], [ 36.8256353, -1.1854627 ], [ 36.8254866, -1.1854 ], [ 36.8253966, -1.1853018 ], [ 36.8253376, -1.1851838 ], [ 36.8252786, -1.1850711 ], [ 36.8252089, -1.1849558 ], [ 36.8251606, -1.1848352 ], [ 36.8251204, -1.1847118 ], [ 36.8249782, -1.1846233 ], [ 36.8248897, -1.1845 ], [ 36.8248, -1.1844159 ], [ 36.8245759, -1.1843149 ], [ 36.8244605, -1.1842747 ], [ 36.8244176, -1.1841487 ], [ 36.8244069, -1.183977 ], [ 36.8244337, -1.1838403 ], [ 36.8245169, -1.1837464 ], [ 36.824659, -1.1837491 ], [ 36.824769, -1.183784 ], [ 36.8249085, -1.1838912 ], [ 36.8249567, -1.1839583 ], [ 36.8249675, -1.1840548 ], [ 36.8250426, -1.1841218 ], [ 36.8252411, -1.1841299 ], [ 36.8253376, -1.1841835 ], [ 36.8254449, -1.1842666 ], [ 36.8257131, -1.1844061 ], [ 36.8257453, -1.1844624 ], [ 36.8258848, -1.1846582 ], [ 36.8259813, -1.1848378 ], [ 36.8260645, -1.1849692 ], [ 36.8261074, -1.1851248 ], [ 36.8261691, -1.1852401 ], [ 36.8262522, -1.1852776 ], [ 36.8263515, -1.185224 ], [ 36.8265258, -1.1852374 ], [ 36.8266143, -1.1853581 ], [ 36.8266304, -1.1854358 ], [ 36.8267672, -1.1854734 ], [ 36.8268718, -1.1855485 ], [ 36.8269952, -1.1856477 ], [ 36.8270971, -1.1857898 ], [ 36.8271481, -1.1859051 ], [ 36.8272608, -1.1860955 ], [ 36.8274458, -1.1862242 ], [ 36.8276094, -1.18642 ], [ 36.8277462, -1.1866345 ], [ 36.8279394, -1.1867874 ], [ 36.8280869, -1.1868786 ], [ 36.8283926, -1.1868973 ], [ 36.8285938, -1.1869 ], [ 36.8288245, -1.186959 ], [ 36.8290739, -1.1870314 ], [ 36.8292322, -1.1870421 ], [ 36.8293797, -1.1870421 ], [ 36.8294119, -1.1871253 ], [ 36.8292885, -1.1871977 ], [ 36.8294038, -1.1873183 ], [ 36.8294709, -1.1874229 ], [ 36.8293448, -1.1875838 ], [ 36.8291329, -1.1878547 ], [ 36.8289184, -1.1881014 ], [ 36.8288272, -1.1880853 ], [ 36.8287574, -1.1879995 ], [ 36.8287226, -1.1878708 ], [ 36.8287226, -1.1877125 ], [ 36.8285992, -1.1875999 ] ] ] } },
{ "type": "Feature", "properties": { "id": "way/87652951", "name": "", "name_en": "", "name_sw": "", "waterway": "", "covered": "", "width": "", "depth": "", "layer": "", "blockage": "", "tunnel": "", "natural_cl": "water", "water": "", "source": "", "adm0_pcode": "KEN", "adm0_name": "Kenya", "adm1_pcode": "KE022", "adm1_name": "Kiambu", "adm2_pcode": "KE022117", "adm2_name": "Kiambu", "adm3_pcode": "", "adm3_name": "", "adm4_pcode": "", "adm4_name": "", "name_latin": "", "display_name": "(unnamed dam or water body)", "waterbody_type": "water", "osm_id": "way/87652951", "model_source": "dams.geojson" }, "geometry": { "type": "Polygon", "coordinates": [ [ [ 36.8199276, -1.1853098 ], [ 36.8195011, -1.1853366 ], [ 36.8193053, -1.1854814 ], [ 36.8189996, -1.1857067 ], [ 36.8186777, -1.1858569 ], [ 36.8183585, -1.1860151 ], [ 36.8181573, -1.1859856 ], [ 36.8181171, -1.18583 ], [ 36.8181305, -1.1856396 ], [ 36.8181976, -1.1854144 ], [ 36.8183826, -1.185224 ], [ 36.8185114, -1.1850685 ], [ 36.8186831, -1.1848834 ], [ 36.8189218, -1.1846582 ], [ 36.8192383, -1.1844275 ], [ 36.8196969, -1.1842372 ], [ 36.8197908, -1.1844088 ], [ 36.8198498, -1.1846072 ], [ 36.8199142, -1.1848834 ], [ 36.8199812, -1.1852481 ], [ 36.8199276, -1.1853098 ] ] ] } },
{ "type": "Feature", "properties": { "id": "way/1448233760", "name": "", "name_en": "", "name_sw": "", "waterway": "", "covered": "", "width": "", "depth": "", "layer": "", "blockage": "", "tunnel": "", "natural_cl": "water", "water": "", "source": "", "adm0_pcode": "KEN", "adm0_name": "Kenya", "adm1_pcode": "KE022", "adm1_name": "Kiambu", "adm2_pcode": "KE022117", "adm2_name": "Kiambu", "adm3_pcode": "", "adm3_name": "", "adm4_pcode": "", "adm4_name": "", "name_latin": "", "display_name": "(unnamed dam or water body)", "waterbody_type": "water", "osm_id": "way/1448233760", "model_source": "dams.geojson" }, "geometry": { "type": "Polygon", "coordinates": [ [ [ 36.8515249, -1.1504144 ], [ 36.8517044, -1.1505563 ], [ 36.8517188, -1.1506179 ], [ 36.85175, -1.1506366 ], [ 36.8512702, -1.1517927 ], [ 36.8510867, -1.1517843 ], [ 36.8509586, -1.1518276 ], [ 36.8508588, -1.1518539 ], [ 36.8507758, -1.1518504 ], [ 36.8506736, -1.1518274 ], [ 36.8504859, -1.1517015 ], [ 36.850198, -1.1514956 ], [ 36.850139, -1.1514353 ], [ 36.8500898, -1.1513168 ], [ 36.8500647, -1.1512484 ], [ 36.8500689, -1.1511653 ], [ 36.850132, -1.1511306 ], [ 36.8500668, -1.1510141 ], [ 36.8501203, -1.1509378 ], [ 36.8501978, -1.1508141 ], [ 36.8502165, -1.1506865 ], [ 36.8502645, -1.1506088 ], [ 36.850359, -1.1506061 ], [ 36.8504595, -1.1506103 ], [ 36.8505171, -1.1506346 ], [ 36.8505968, -1.1506179 ], [ 36.8506474, -1.1505784 ], [ 36.8507029, -1.1505625 ], [ 36.8507105, -1.1504932 ], [ 36.8506731, -1.1504599 ], [ 36.8509137, -1.1505069 ], [ 36.8509692, -1.150484 ], [ 36.8509935, -1.1504403 ], [ 36.8510406, -1.1504299 ], [ 36.851076, -1.1503876 ], [ 36.8511578, -1.1503523 ], [ 36.8512579, -1.150305 ], [ 36.8515249, -1.1504144 ] ] ] } },
{ "type": "Feature", "properties": { "id": "way/98042253", "name": "", "name_en": "", "name_sw": "", "waterway": "", "covered": "", "width": "", "depth": "", "layer": "", "blockage": "", "tunnel": "", "natural_cl": "water", "water": "", "source": "", "adm0_pcode": "KEN", "adm0_name": "Kenya", "adm1_pcode": "KE022", "adm1_name": "Kiambu", "adm2_pcode": "KE022113", "adm2_name": "Juja", "adm3_pcode": "", "adm3_name": "", "adm4_pcode": "", "adm4_name": "", "name_latin": "", "display_name": "(unnamed dam or water body)", "waterbody_type": "water", "osm_id": "way/98042253", "model_source": "dams.geojson" }, "geometry": { "type": "Polygon", "coordinates": [ [ [ 36.9072201, -1.1570898 ], [ 36.9069451, -1.1569855 ], [ 36.9066618, -1.1566079 ], [ 36.9063195, -1.1565017 ], [ 36.9057529, -1.1562421 ], [ 36.9056467, -1.1560532 ], [ 36.90521, -1.1558644 ], [ 36.904726, -1.1555576 ], [ 36.9042421, -1.1553216 ], [ 36.9038408, -1.1550738 ], [ 36.9034513, -1.1548023 ], [ 36.9035709, -1.1546154 ], [ 36.9036401, -1.1545073 ], [ 36.9044073, -1.1546017 ], [ 36.9054224, -1.1546843 ], [ 36.9054588, -1.1546763 ], [ 36.9058001, -1.1546017 ], [ 36.905989, -1.1549676 ], [ 36.9066264, -1.1552036 ], [ 36.9069569, -1.1554042 ], [ 36.907488, -1.1554986 ], [ 36.9078067, -1.155475 ], [ 36.9072873, -1.1571153 ], [ 36.9072201, -1.1570898 ] ] ] } },
{ "type": "Feature", "properties": { "id": "way/98042244", "name": "", "name_en": "", "name_sw": "", "waterway": "", "covered": "", "width": "", "depth": "", "layer": "", "blockage": "", "tunnel": "", "natural_cl": "water", "water": "", "source": "", "adm0_pcode": "KEN", "adm0_name": "Kenya", "adm1_pcode": "KE022", "adm1_name": "Kiambu", "adm2_pcode": "KE022117", "adm2_name": "Kiambu", "adm3_pcode": "", "adm3_name": "", "adm4_pcode": "", "adm4_name": "", "name_latin": "", "display_name": "(unnamed dam or water body)", "waterbody_type": "water", "osm_id": "way/98042244", "model_source": "dams.geojson" }, "geometry": { "type": "Polygon", "coordinates": [ [ [ 36.8674073, -1.1562559 ], [ 36.8670079, -1.1559008 ], [ 36.8668795, -1.1556289 ], [ 36.8668568, -1.1552362 ], [ 36.8670532, -1.1549416 ], [ 36.8672647, -1.1548132 ], [ 36.86765, -1.1547755 ], [ 36.8680881, -1.1549945 ], [ 36.8684885, -1.1552664 ], [ 36.8687755, -1.1556516 ], [ 36.8687453, -1.1560594 ], [ 36.8685716, -1.1563313 ], [ 36.8683147, -1.156505 ], [ 36.8679748, -1.1565277 ], [ 36.867684, -1.1564588 ], [ 36.8674073, -1.1562559 ] ] ] } },
{ "type": "Feature", "properties": { "id": "way/1361444733", "name": "", "name_en": "", "name_sw": "", "waterway": "", "covered": "", "width": "", "depth": "", "layer": "", "blockage": "", "tunnel": "", "natural_cl": "water", "water": "reservoir", "source": "", "adm0_pcode": "KEN", "adm0_name": "Kenya", "adm1_pcode": "KE022", "adm1_name": "Kiambu", "adm2_pcode": "KE022117", "adm2_name": "Kiambu", "adm3_pcode": "", "adm3_name": "", "adm4_pcode": "", "adm4_name": "", "name_latin": "", "display_name": "(unnamed dam or water body)", "waterbody_type": "reservoir", "osm_id": "way/1361444733", "model_source": "dams.geojson" }, "geometry": { "type": "Polygon", "coordinates": [ [ [ 36.8722852, -1.1539042 ], [ 36.8721089, -1.1541007 ], [ 36.871942, -1.1539512 ], [ 36.8721182, -1.1537546 ], [ 36.8722852, -1.1539042 ] ] ] } },
{ "type": "Feature", "properties": { "id": "way/98042641", "name": "", "name_en": "", "name_sw": "", "waterway": "", "covered": "", "width": "", "depth": "", "layer": "", "blockage": "", "tunnel": "", "natural_cl": "water", "water": "", "source": "", "adm0_pcode": "KEN", "adm0_name": "Kenya", "adm1_pcode": "KE022", "adm1_name": "Kiambu", "adm2_pcode": "KE022117", "adm2_name": "Kiambu", "adm3_pcode": "", "adm3_name": "", "adm4_pcode": "", "adm4_name": "", "name_latin": "", "display_name": "(unnamed dam or water body)", "waterbody_type": "water", "osm_id": "way/98042641", "model_source": "dams.geojson" }, "geometry": { "type": "Polygon", "coordinates": [ [ [ 36.8617836, -1.1519928 ], [ 36.8617746, -1.1518932 ], [ 36.8618096, -1.1517615 ], [ 36.8619726, -1.1515936 ], [ 36.8622205, -1.1513812 ], [ 36.862382, -1.1513581 ], [ 36.8624684, -1.1513458 ], [ 36.8626926, -1.1519122 ], [ 36.8624212, -1.1520656 ], [ 36.8620859, -1.1521466 ], [ 36.861927, -1.1521805 ], [ 36.8618358, -1.1521171 ], [ 36.8617836, -1.1519928 ] ] ] } }
]
}
