{
"type": "FeatureCollection",
"name": "drainage",
"crs": { "type": "name", "properties": { "name": "urn:ogc:def:crs:OGC:1.3:CRS84" } },
"features": [
{ "type": "Feature", "properties": { "id": "way/107536416", "name": "", "name_en": "", "name_sw": "", "waterway": "drain", "covered": "", "width": "", "depth": "0.00000e+00", "layer": "0", "blockage": "", "tunnel": "", "natural_cl": "", "water": "", "source": "", "adm0_pcode": "KEN", "adm0_name": "Kenya", "adm1_pcode": "KE047", "adm1_name": "Nairobi", "adm2_pcode": "KE047288", "adm2_name": "Kamukunji", "adm3_pcode": "", "adm3_name": "", "adm4_pcode": "", "adm4_name": "", "name_latin": "", "display_name": "", "osm_id": "way/107536416", "model_source": "river.geojson", "inspection_area": "Mathare Valley" }, "geometry": { "type": "LineString", "coordinates": [ [ 36.860518, -1.2639783, 0.0 ], [ 36.8605643, -1.2637391, 0.0 ], [ 36.860555, -1.2636573, 0.0 ], [ 36.8604882, -1.2634123, 0.0 ], [ 36.8604042, -1.2629806, 0.0 ], [ 36.8603852, -1.2629073, 0.0 ], [ 36.8602782, -1.2627852, 0.0 ] ] } },
{ "type": "Feature", "properties": { "id": "way/107536401", "name": "", "name_en": "", "name_sw": "", "waterway": "drain", "covered": "", "width": "", "depth": "0.00000e+00", "layer": "0", "blockage": "", "tunnel": "", "natural_cl": "", "water": "", "source": "", "adm0_pcode": "KEN", "adm0_name": "Kenya", "adm1_pcode": "KE047", "adm1_name": "Nairobi", "adm2_pcode": "KE047288", "adm2_name": "Kamukunji", "adm3_pcode": "", "adm3_name": "", "adm4_pcode": "", "adm4_name": "", "name_latin": "", "display_name": "", "osm_id": "way/107536401", "model_source": "river.geojson", "inspection_area": "Mathare Valley" }, "geometry": { "type": "LineString", "coordinates": [ [ 36.8602703, -1.2635561, 0.0 ], [ 36.8601787, -1.2632405, 0.0 ], [ 36.8601234, -1.2631808, 0.0 ] ] } },
{ "type": "Feature", "properties": { "id": "way/107536386", "name": "", "name_en": "", "name_sw": "", "waterway": "drain", "covered": "", "width": "", "depth": "0.00000e+00", "layer": "0", "blockage": "", "tunnel": "", "natural_cl": "", "water": "", "source": "", "adm0_pcode": "KEN", "adm0_name": "Kenya", "adm1_pcode": "KE047", "adm1_name": "Nairobi", "adm2_pcode": "KE047288", "adm2_name": "Kamukunji", "adm3_pcode": "", "adm3_name": "", "adm4_pcode": "", "adm4_name": "", "name_latin": "", "display_name": "", "osm_id": "way/107536386", "model_source": "river.geojson", "inspection_area": "Mathare Valley" }, "geometry": { "type": "LineString", "coordinates": [ [ 36.8597309, -1.2645538, 0.0 ], [ 36.8597496, -1.2643152, 0.0 ], [ 36.8597526, -1.2642717, 0.0 ], [ 36.8597703, -1.2641503, 0.0 ], [ 36.8597886, -1.2640755, 0.0 ], [ 36.8599803, -1.2635419, 0.0 ], [ 36.8601234, -1.2631808, 0.0 ], [ 36.8601396, -1.2631399, 0.0 ], [ 36.8601973, -1.2629968, 0.0 ], [ 36.8602752, -1.2627925, 0.0 ], [ 36.8602782, -1.2627852, 0.0 ], [ 36.860349, -1.2626185, 0.0 ], [ 36.8604047, -1.2624971, 0.0 ], [ 36.8604062, -1.2624864, 0.0 ], [ 36.8604227, -1.2624336, 0.0 ], [ 36.8604213, -1.2623753, 0.0 ], [ 36.8604305, -1.2622301, 0.0 ], [ 36.8604325, -1.2621295, 0.0 ], [ 36.8604273, -1.2619739, 0.0 ], [ 36.8604211, -1.2617916, 0.0 ] ] } },
{ "type": "Feature", "properties": { "id": "way/107536387", "name": "", "name_en": "", "name_sw": "", "waterway": "drain", "covered": "", "width": "", "depth": "0.00000e+00", "layer": "0", "blockage": "", "tunnel": "", "natural_cl": "", "water": "", "source": "", "adm0_pcode": "KEN", "adm0_name": "Kenya", "adm1_pcode": "KE047", "adm1_name": "Nairobi", "adm2_pcode": "KE047288", "adm2_name": "Kamukunji", "adm3_pcode": "", "adm3_name": "", "adm4_pcode": "", "adm4_name": "", "name_latin": "", "display_name": "", "osm_id": "way/107536387", "model_source": "river.geojson", "inspection_area": "Mathare Valley" }, "geometry": { "type": "LineString", "coordinates": [ [ 36.8609348, -1.263393, 0.0 ], [ 36.8608854, -1.2632048, 0.0 ], [ 36.8608313, -1.2630998, 0.0 ], [ 36.8607541, -1.2628683, 0.0 ], [ 36.860697, -1.2628529, 0.0 ], [ 36.8604624, -1.262927, 0.0 ], [ 36.8603852, -1.2629073, 0.0 ] ] } },
{ "type": "Feature", "properties": { "id": "way/107678541", "name": "", "name_en": "", "name_sw": "", "waterway": "drain", "covered": "", "width": "", "depth": "0.00000e+00", "layer": "0", "blockage": "", "tunnel": "", "natural_cl": "", "water": "", "source": "", "adm0_pcode": "KEN", "adm0_name": "Kenya", "adm1_pcode": "KE047", "adm1_name": "Nairobi", "adm2_pcode": "KE047288", "adm2_name": "Kamukunji", "adm3_pcode": "", "adm3_name": "", "adm4_pcode": "", "adm4_name": "", "name_latin": "", "display_name": "", "osm_id": "way/107678541", "model_source": "river.geojson", "inspection_area": "Mathare Valley" }, "geometry": { "type": "LineString", "coordinates": [ [ 36.8613655, -1.263042, 0.0 ], [ 36.8612834, -1.26306, 0.0 ], [ 36.8611834, -1.2630658, 0.0 ] ] } },
{ "type": "Feature", "properties": { "id": "way/107536417", "name": "", "name_en": "", "name_sw": "", "waterway": "drain", "covered": "", "width": "", "depth": "0.00000e+00", "layer": "0", "blockage": "", "tunnel": "", "natural_cl": "", "water": "", "source": "", "adm0_pcode": "KEN", "adm0_name": "Kenya", "adm1_pcode": "KE047", "adm1_name": "Nairobi", "adm2_pcode": "KE047288", "adm2_name": "Kamukunji", "adm3_pcode": "", "adm3_name": "", "adm4_pcode": "", "adm4_name": "", "name_latin": "", "display_name": "", "osm_id": "way/107536417", "model_source": "river.geojson", "inspection_area": "Mathare Valley" }, "geometry": { "type": "LineString", "coordinates": [ [ 36.8609223, -1.2630711, 0.0 ], [ 36.8608355, -1.2628299, 0.0 ], [ 36.8607541, -1.2628683, 0.0 ] ] } },
{ "type": "Feature", "properties": { "id": "way/107678550", "name": "", "name_en": "", "name_sw": "", "waterway": "drain", "covered": "", "width": "", "depth": "0.00000e+00", "layer": "0", "blockage": "", "tunnel": "", "natural_cl": "", "water": "", "source": "", "adm0_pcode": "KEN", "adm0_name": "Kenya", "adm1_pcode": "KE047", "adm1_name": "Nairobi", "adm2_pcode": "KE047288", "adm2_name": "Kamukunji", "adm3_pcode": "", "adm3_name": "", "adm4_pcode": "", "adm4_name": "", "name_latin": "", "display_name": "", "osm_id": "way/107678550", "model_source": "river.geojson", "inspection_area": "Mathare Valley" }, "geometry": { "type": "LineString", "coordinates": [ [ 36.8613252, -1.2636736, 0.0 ], [ 36.8612137, -1.2632736, 0.0 ], [ 36.8611834, -1.2630658, 0.0 ], [ 36.861148, -1.2629334, 0.0 ], [ 36.8611295, -1.2628732, 0.0 ], [ 36.8610877, -1.2627213, 0.0 ], [ 36.8610361, -1.2626147, 0.0 ], [ 36.8609901, -1.2624237, 0.0 ], [ 36.8610361, -1.2624084, 0.0 ], [ 36.8609796, -1.2622658, 0.0 ], [ 36.8609392, -1.2621884, 0.0 ] ] } },
{ "type": "Feature", "properties": { "id": "way/107678552", "name": "", "name_en": "", "name_sw": "", "waterway": "drain", "covered": "", "width": "", "depth": "0.00000e+00", "layer": "0", "blockage": "", "tunnel": "", "natural_cl": "", "water": "", "source": "", "adm0_pcode": "KEN", "adm0_name": "Kenya", "adm1_pcode": "KE047", "adm1_name": "Nairobi", "adm2_pcode": "KE047288", "adm2_name": "Kamukunji", "adm3_pcode": "", "adm3_name": "", "adm4_pcode": "", "adm4_name": "", "name_latin": "", "display_name": "", "osm_id": "way/107678552", "model_source": "river.geojson", "inspection_area": "Mathare Valley" }, "geometry": { "type": "LineString", "coordinates": [ [ 36.8613366, -1.2628963, 0.0 ], [ 36.8612186, -1.2629324, 0.0 ], [ 36.861148, -1.2629334, 0.0 ] ] } },
{ "type": "Feature", "properties": { "id": "way/107678553", "name": "", "name_en": "", "name_sw": "", "waterway": "drain", "covered": "", "width": "", "depth": "0.00000e+00", "layer": "0", "blockage": "", "tunnel": "", "natural_cl": "", "water": "", "source": "", "adm0_pcode": "KEN", "adm0_name": "Kenya", "adm1_pcode": "KE047", "adm1_name": "Nairobi", "adm2_pcode": "KE047288", "adm2_name": "Kamukunji", "adm3_pcode": "", "adm3_name": "", "adm4_pcode": "", "adm4_name": "", "name_latin": "", "display_name": "", "osm_id": "way/107678553", "model_source": "river.geojson", "inspection_area": "Mathare Valley" }, "geometry": { "type": "LineString", "coordinates": [ [ 36.8615152, -1.2629135, 0.0 ], [ 36.8615723, -1.2628816, 0.0 ] ] } },
{ "type": "Feature", "properties": { "id": "way/107678548", "name": "", "name_en": "", "name_sw": "", "waterway": "drain", "covered": "", "width": "", "depth": "0.00000e+00", "layer": "0", "blockage": "", "tunnel": "", "natural_cl": "", "water": "", "source": "", "adm0_pcode": "KEN", "adm0_name": "Kenya", "adm1_pcode": "KE047", "adm1_name": "Nairobi", "adm2_pcode": "KE047288", "adm2_name": "Kamukunji", "adm3_pcode": "", "adm3_name": "", "adm4_pcode": "", "adm4_name": "", "name_latin": "", "display_name": "", "osm_id": "way/107678548", "model_source": "river.geojson", "inspection_area": "Mathare Valley" }, "geometry": { "type": "LineString", "coordinates": [ [ 36.8613313, -1.2628319, 0.0 ], [ 36.8611965, -1.2628686, 0.0 ], [ 36.8611295, -1.2628732, 0.0 ] ] } },
{ "type": "Feature", "properties": { "id": "way/107536388", "name": "", "name_en": "", "name_sw": "", "waterway": "drain", "covered": "", "width": "", "depth": "0.00000e+00", "layer": "0", "blockage": "", "tunnel": "", "natural_cl": "", "water": "", "source": "", "adm0_pcode": "KEN", "adm0_name": "Kenya", "adm1_pcode": "KE047", "adm1_name": "Nairobi", "adm2_pcode": "KE047288", "adm2_name": "Kamukunji", "adm3_pcode": "", "adm3_name": "", "adm4_pcode": "", "adm4_name": "", "name_latin": "", "display_name": "", "osm_id": "way/107536388", "model_source": "river.geojson", "inspection_area": "Mathare Valley" }, "geometry": { "type": "LineString", "coordinates": [ [ 36.8617652, -1.2635607, 0.0 ], [ 36.86162, -1.2630603, 0.0 ], [ 36.8616126, -1.2630327, 0.0 ], [ 36.8615818, -1.2629172, 0.0 ], [ 36.8615723, -1.2628816, 0.0 ], [ 36.8615459, -1.2627827, 0.0 ], [ 36.8615048, -1.262615, 0.0 ], [ 36.861503, -1.262608, 0.0 ], [ 36.8614464, -1.2623883, 0.0 ], [ 36.8613893, -1.2622333, 0.0 ], [ 36.8613508, -1.262142, 0.0 ], [ 36.8613472, -1.2621336, 0.0 ], [ 36.8613282, -1.2620885, 0.0 ], [ 36.8613023, -1.261974, 0.0 ] ] } },
{ "type": "Feature", "properties": { "id": "way/107678551", "name": "", "name_en": "", "name_sw": "", "waterway": "drain", "covered": "", "width": "", "depth": "0.00000e+00", "layer": "0", "blockage": "", "tunnel": "", "natural_cl": "", "water": "", "source": "", "adm0_pcode": "KEN", "adm0_name": "Kenya", "adm1_pcode": "KE047", "adm1_name": "Nairobi", "adm2_pcode": "KE047288", "adm2_name": "Kamukunji", "adm3_pcode": "", "adm3_name": "", "adm4_pcode": "", "adm4_name": "", "name_latin": "", "display_name": "", "osm_id": "way/107678551", "model_source": "river.geojson", "inspection_area": "Mathare Valley" }, "geometry": { "type": "LineString", "coordinates": [ [ 36.8616635, -1.2629791, 0.0 ], [ 36.8616387, -1.2630013, 0.0 ], [ 36.861609, -1.2630243, 0.0 ], [ 36.8616126, -1.2630327, 0.0 ] ] } },
{ "type": "Feature", "properties": { "id": "way/107536409", "name": "", "name_en": "", "name_sw": "", "waterway": "drain", "covered": "", "width": "", "depth": "0.00000e+00", "layer": "0", "blockage": "", "tunnel": "", "natural_cl": "", "water": "", "source": "", "adm0_pcode": "KEN", "adm0_name": "Kenya", "adm1_pcode": "KE047", "adm1_name": "Nairobi", "adm2_pcode": "KE047288", "adm2_name": "Kamukunji", "adm3_pcode": "", "adm3_name": "", "adm4_pcode": "", "adm4_name": "", "name_latin": "", "display_name": "", "osm_id": "way/107536409", "model_source": "river.geojson", "inspection_area": "Mathare Valley" }, "geometry": { "type": "LineString", "coordinates": [ [ 36.8628617, -1.2626796, 0.0 ], [ 36.8627542, -1.2627308, 0.0 ], [ 36.8626853, -1.2627643, 0.0 ], [ 36.8626335, -1.2627912, 0.0 ], [ 36.8625616, -1.2628305, 0.0 ], [ 36.862399, -1.2629193, 0.0 ] ] } },
{ "type": "Feature", "properties": { "id": "way/107536428", "name": "", "name_en": "", "name_sw": "", "waterway": "drain", "covered": "", "width": "", "depth": "0.00000e+00", "layer": "0", "blockage": "", "tunnel": "", "natural_cl": "", "water": "", "source": "", "adm0_pcode": "KEN", "adm0_name": "Kenya", "adm1_pcode": "KE047", "adm1_name": "Nairobi", "adm2_pcode": "KE047288", "adm2_name": "Kamukunji", "adm3_pcode": "", "adm3_name": "", "adm4_pcode": "", "adm4_name": "", "name_latin": "", "display_name": "", "osm_id": "way/107536428", "model_source": "river.geojson", "inspection_area": "Mathare Valley" }, "geometry": { "type": "LineString", "coordinates": [ [ 36.8617984, -1.2626788, 0.0 ], [ 36.8616805, -1.2628424, 0.0 ], [ 36.8615818, -1.2629172, 0.0 ] ] } },
{ "type": "Feature", "properties": { "id": "way/107536406", "name": "", "name_en": "", "name_sw": "", "waterway": "drain", "covered": "", "width": "", "depth": "0.00000e+00", "layer": "0", "blockage": "", "tunnel": "", "natural_cl": "", "water": "", "source": "", "adm0_pcode": "KEN", "adm0_name": "Kenya", "adm1_pcode": "KE047", "adm1_name": "Nairobi", "adm2_pcode": "KE047288", "adm2_name": "Kamukunji", "adm3_pcode": "", "adm3_name": "", "adm4_pcode": "", "adm4_name": "", "name_latin": "", "display_name": "", "osm_id": "way/107536406", "model_source": "river.geojson", "inspection_area": "Mathare Valley" }, "geometry": { "type": "LineString", "coordinates": [ [ 36.8621689, -1.2628894, 0.0 ], [ 36.8621286, -1.262814, 0.0 ], [ 36.8620925, -1.2627631, 0.0 ], [ 36.8620439, -1.2627168, 0.0 ], [ 36.8619608, -1.2626427, 0.0 ] ] } },
{ "type": "Feature", "properties": { "id": "way/107536419", "name": "", "name_en": "", "name_sw": "", "waterway": "drain", "covered": "", "width": "", "depth": "0.00000e+00", "layer": "0", "blockage": "", "tunnel": "", "natural_cl": "", "water": "", "source": "", "adm0_pcode": "KEN", "adm0_name": "Kenya", "adm1_pcode": "KE047", "adm1_name": "Nairobi", "adm2_pcode": "KE047288", "adm2_name": "Kamukunji", "adm3_pcode": "", "adm3_name": "", "adm4_pcode": "", "adm4_name": "", "name_latin": "", "display_name": "", "osm_id": "way/107536419", "model_source": "river.geojson", "inspection_area": "Mathare Valley" }, "geometry": { "type": "LineString", "coordinates": [ [ 36.8625616, -1.2628305, 0.0 ], [ 36.8625057, -1.2627451, 0.0 ], [ 36.862441, -1.2626328, 0.0 ], [ 36.8623488, -1.2624503, 0.0 ] ] } },
{ "type": "Feature", "properties": { "id": "way/107536418", "name": "", "name_en": "", "name_sw": "", "waterway": "drain", "covered": "", "width": "", "depth": "0.00000e+00", "layer": "0", "blockage": "", "tunnel": "", "natural_cl": "", "water": "", "source": "", "adm0_pcode": "KEN", "adm0_name": "Kenya", "adm1_pcode": "KE047", "adm1_name": "Nairobi", "adm2_pcode": "KE047288", "adm2_name": "Kamukunji", "adm3_pcode": "", "adm3_name": "", "adm4_pcode": "", "adm4_name": "", "name_latin": "", "display_name": "", "osm_id": "way/107536418", "model_source": "river.geojson", "inspection_area": "Mathare Valley" }, "geometry": { "type": "LineString", "coordinates": [ [ 36.8622508, -1.2628669, 0.0 ], [ 36.8621852, -1.2627812, 0.0 ], [ 36.8621201, -1.262672, 0.0 ], [ 36.8621468, -1.2626364, 0.0 ], [ 36.8620233, -1.2624409, 0.0 ], [ 36.861982, -1.2623967, 0.0 ] ] } },
{ "type": "Feature", "properties": { "id": "way/107536415", "name": "", "name_en": "", "name_sw": "", "waterway": "drain", "covered": "", "width": "", "depth": "0.00000e+00", "layer": "0", "blockage": "", "tunnel": "", "natural_cl": "", "water": "", "source": "", "adm0_pcode": "KEN", "adm0_name": "Kenya", "adm1_pcode": "KE047", "adm1_name": "Nairobi", "adm2_pcode": "KE047288", "adm2_name": "Kamukunji", "adm3_pcode": "", "adm3_name": "", "adm4_pcode": "", "adm4_name": "", "name_latin": "", "display_name": "", "osm_id": "way/107536415", "model_source": "river.geojson", "inspection_area": "Mathare Valley" }, "geometry": { "type": "LineString", "coordinates": [ [ 36.8628045, -1.2624389, 0.0 ], [ 36.8627657, -1.2624522, 0.0 ], [ 36.8627052, -1.2624806, 0.0 ], [ 36.8626371, -1.2625191, 0.0 ], [ 36.8625794, -1.2625525, 0.0 ], [ 36.8625151, -1.2625898, 0.0 ], [ 36.862441, -1.2626328, 0.0 ], [ 36.8623711, -1.2626734, 0.0 ], [ 36.8623043, -1.2627121, 0.0 ], [ 36.8621852, -1.2627812, 0.0 ], [ 36.8621286, -1.262814, 0.0 ] ] } },
{ "type": "Feature", "properties": { "id": "way/107536426", "name": "", "name_en": "", "name_sw": "", "waterway": "drain", "covered": "", "width": "", "depth": "0.00000e+00", "layer": "0", "blockage": "", "tunnel": "", "natural_cl": "", "water": "", "source": "", "adm0_pcode": "KEN", "adm0_name": "Kenya", "adm1_pcode": "KE047", "adm1_name": "Nairobi", "adm2_pcode": "KE047288", "adm2_name": "Kamukunji", "adm3_pcode": "", "adm3_name": "", "adm4_pcode": "", "adm4_name": "", "name_latin": "", "display_name": "", "osm_id": "way/107536426", "model_source": "river.geojson", "inspection_area": "Mathare Valley" }, "geometry": { "type": "LineString", "coordinates": [ [ 36.8623595, -1.2627988, 0.0 ], [ 36.8623043, -1.2627121, 0.0 ], [ 36.8621495, -1.262379, 0.0 ] ] } },
{ "type": "Feature", "properties": { "id": "way/107678540", "name": "", "name_en": "", "name_sw": "", "waterway": "drain", "covered": "", "width": "", "depth": "0.00000e+00", "layer": "0", "blockage": "", "tunnel": "", "natural_cl": "", "water": "", "source": "", "adm0_pcode": "KEN", "adm0_name": "Kenya", "adm1_pcode": "KE047", "adm1_name": "Nairobi", "adm2_pcode": "KE047288", "adm2_name": "Kamukunji", "adm3_pcode": "", "adm3_name": "", "adm4_pcode": "", "adm4_name": "", "name_latin": "", "display_name": "", "osm_id": "way/107678540", "model_source": "river.geojson", "inspection_area": "Mathare Valley" }, "geometry": { "type": "LineString", "coordinates": [ [ 36.8618868, -1.2626965, 0.0 ], [ 36.861843, -1.2626501, 0.0 ], [ 36.8618706, -1.2626034, 0.0 ], [ 36.8618296, -1.2625626, 0.0 ], [ 36.8617811, -1.2626179, 0.0 ], [ 36.8617296, -1.2625732, 0.0 ], [ 36.861768, -1.2625262, 0.0 ], [ 36.8617019, -1.2624801, 0.0 ], [ 36.8616458, -1.2624514, 0.0 ] ] } },
{ "type": "Feature", "properties": { "id": "way/107536400", "name": "", "name_en": "", "name_sw": "", "waterway": "drain", "covered": "", "width": "", "depth": "0.00000e+00", "layer": "0", "blockage": "", "tunnel": "", "natural_cl": "", "water": "", "source": "", "adm0_pcode": "KEN", "adm0_name": "Kenya", "adm1_pcode": "KE047", "adm1_name": "Nairobi", "adm2_pcode": "KE047288", "adm2_name": "Kamukunji", "adm3_pcode": "", "adm3_name": "", "adm4_pcode": "", "adm4_name": "", "name_latin": "", "display_name": "", "osm_id": "way/107536400", "model_source": "river.geojson", "inspection_area": "Mathare Valley" }, "geometry": { "type": "LineString", "coordinates": [ [ 36.8624227, -1.2627622, 0.0 ], [ 36.8623711, -1.2626734, 0.0 ], [ 36.8622848, -1.2624801, 0.0 ], [ 36.862221, -1.2623372, 0.0 ] ] } },
{ "type": "Feature", "properties": { "id": "way/107536395", "name": "", "name_en": "", "name_sw": "", "waterway": "drain", "covered": "", "width": "", "depth": "0.00000e+00", "layer": "0", "blockage": "", "tunnel": "", "natural_cl": "", "water": "", "source": "", "adm0_pcode": "KEN", "adm0_name": "Kenya", "adm1_pcode": "KE047", "adm1_name": "Nairobi", "adm2_pcode": "KE047288", "adm2_name": "Kamukunji", "adm3_pcode": "", "adm3_name": "", "adm4_pcode": "", "adm4_name": "", "name_latin": "", "display_name": "", "osm_id": "way/107536395", "model_source": "river.geojson", "inspection_area": "Mathare Valley" }, "geometry": { "type": "LineString", "coordinates": [ [ 36.8626335, -1.2627912, 0.0 ], [ 36.8625827, -1.2626988, 0.0 ], [ 36.8625151, -1.2625898, 0.0 ], [ 36.8624187, -1.2624122, 0.0 ], [ 36.862367, -1.262317, 0.0 ], [ 36.8623302, -1.2622493, 0.0 ] ] } },
{ "type": "Feature", "properties": { "id": "way/107678545", "name": "", "name_en": "", "name_sw": "", "waterway": "drain", "covered": "", "width": "", "depth": "0.00000e+00", "layer": "0", "blockage": "", "tunnel": "", "natural_cl": "", "water": "", "source": "", "adm0_pcode": "KEN", "adm0_name": "Kenya", "adm1_pcode": "KE047", "adm1_name": "Nairobi", "adm2_pcode": "KE047288", "adm2_name": "Kamukunji", "adm3_pcode": "", "adm3_name": "", "adm4_pcode": "", "adm4_name": "", "name_latin": "", "display_name": "", "osm_id": "way/107678545", "model_source": "river.geojson", "inspection_area": "Mathare Valley" }, "geometry": { "type": "LineString", "coordinates": [ [ 36.861654, -1.2625199, 0.0 ], [ 36.8616004, -1.2624941, 0.0 ] ] } },
{ "type": "Feature", "properties": { "id": "way/107536404", "name": "", "name_en": "", "name_sw": "", "waterway": "drain", "covered": "", "width": "", "depth": "0.00000e+00", "layer": "0", "blockage": "", "tunnel": "", "natural_cl": "", "water": "", "source": "", "adm0_pcode": "KEN", "adm0_name": "Kenya", "adm1_pcode": "KE047", "adm1_name": "Nairobi", "adm2_pcode": "KE047288", "adm2_name": "Kamukunji", "adm3_pcode": "", "adm3_name": "", "adm4_pcode": "", "adm4_name": "", "name_latin": "", "display_name": "", "osm_id": "way/107536404", "model_source": "river.geojson", "inspection_area": "Mathare Valley" }, "geometry": { "type": "LineString", "coordinates": [ [ 36.8629464, -1.2628831, 0.0 ], [ 36.8628617, -1.2626796, 0.0 ], [ 36.8627657, -1.2624522, 0.0 ], [ 36.8627637, -1.2624476, 0.0 ], [ 36.8627334, -1.2623793, 0.0 ], [ 36.8626208, -1.2621764, 0.0 ], [ 36.8625456, -1.2620531, 0.0 ] ] } },
{ "type": "Feature", "properties": { "id": "way/107536389", "name": "", "name_en": "", "name_sw": "", "waterway": "drain", "covered": "", "width": "", "depth": "0.00000e+00", "layer": "0", "blockage": "", "tunnel": "", "natural_cl": "", "water": "", "source": "", "adm0_pcode": "KEN", "adm0_name": "Kenya", "adm1_pcode": "KE047", "adm1_name": "Nairobi", "adm2_pcode": "KE047288", "adm2_name": "Kamukunji", "adm3_pcode": "", "adm3_name": "", "adm4_pcode": "", "adm4_name": "", "name_latin": "", "display_name": "", "osm_id": "way/107536389", "model_source": "river.geojson", "inspection_area": "Mathare Valley" }, "geometry": { "type": "LineString", "coordinates": [ [ 36.8627542, -1.2627308, 0.0 ], [ 36.8626753, -1.2625851, 0.0 ], [ 36.8626371, -1.2625191, 0.0 ], [ 36.8625315, -1.262318, 0.0 ], [ 36.8624963, -1.2622469, 0.0 ], [ 36.8624422, -1.2621376, 0.0 ] ] } },
{ "type": "Feature", "properties": { "id": "way/107536398", "name": "", "name_en": "", "name_sw": "", "waterway": "drain", "covered": "", "width": "", "depth": "0.00000e+00", "layer": "0", "blockage": "", "tunnel": "", "natural_cl": "", "water": "", "source": "", "adm0_pcode": "KEN", "adm0_name": "Kenya", "adm1_pcode": "KE047", "adm1_name": "Nairobi", "adm2_pcode": "KE047288", "adm2_name": "Kamukunji", "adm3_pcode": "", "adm3_name": "", "adm4_pcode": "", "adm4_name": "", "name_latin": "", "display_name": "", "osm_id": "way/107536398", "model_source": "river.geojson", "inspection_area": "Mathare Valley" }, "geometry": { "type": "LineString", "coordinates": [ [ 36.8626147, -1.262618, 0.0 ], [ 36.8625794, -1.2625525, 0.0 ], [ 36.8624322, -1.2622816, 0.0 ], [ 36.8623835, -1.2621951, 0.0 ] ] } },
{ "type": "Feature", "properties": { "id": "way/107536413", "name": "", "name_en": "", "name_sw": "", "waterway": "drain", "covered": "", "width": "", "depth": "0.00000e+00", "layer": "0", "blockage": "", "tunnel": "", "natural_cl": "", "water": "", "source": "", "adm0_pcode": "KEN", "adm0_name": "Kenya", "adm1_pcode": "KE047", "adm1_name": "Nairobi", "adm2_pcode": "KE047288", "adm2_name": "Kamukunji", "adm3_pcode": "", "adm3_name": "", "adm4_pcode": "", "adm4_name": "", "name_latin": "", "display_name": "", "osm_id": "way/107536413", "model_source": "river.geojson", "inspection_area": "Mathare Valley" }, "geometry": { "type": "LineString", "coordinates": [ [ 36.8619376, -1.2628869, 0.0 ], [ 36.861939, -1.262763, 0.0 ], [ 36.8619608, -1.2626427, 0.0 ], [ 36.8619593, -1.2625385, 0.0 ], [ 36.8619599, -1.2624612, 0.0 ], [ 36.861982, -1.2623967, 0.0 ], [ 36.8620367, -1.2623016, 0.0 ], [ 36.8619493, -1.2621578, 0.0 ], [ 36.8619265, -1.2620932, 0.0 ], [ 36.8619285, -1.2619855, 0.0 ], [ 36.8618557, -1.2618699, 0.0 ] ] } },
{ "type": "Feature", "properties": { "id": "way/107536429", "name": "", "name_en": "", "name_sw": "", "waterway": "drain", "covered": "", "width": "", "depth": "0.00000e+00", "layer": "0", "blockage": "", "tunnel": "", "natural_cl": "", "water": "", "source": "", "adm0_pcode": "KEN", "adm0_name": "Kenya", "adm1_pcode": "KE047", "adm1_name": "Nairobi", "adm2_pcode": "KE047288", "adm2_name": "Kamukunji", "adm3_pcode": "", "adm3_name": "", "adm4_pcode": "", "adm4_name": "", "name_latin": "", "display_name": "", "osm_id": "way/107536429", "model_source": "river.geojson", "inspection_area": "Mathare Valley" }, "geometry": { "type": "LineString", "coordinates": [ [ 36.8623488, -1.2624503, 0.0 ], [ 36.862273, -1.2623049, 0.0 ] ] } },
{ "type": "Feature", "properties": { "id": "way/107536396", "name": "", "name_en": "", "name_sw": "", "waterway": "drain", "covered": "", "width": "", "depth": "0.00000e+00", "layer": "0", "blockage": "", "tunnel": "", "natural_cl": "", "water": "", "source": "", "adm0_pcode": "KEN", "adm0_name": "Kenya", "adm1_pcode": "KE047", "adm1_name": "Nairobi", "adm2_pcode": "KE047288", "adm2_name": "Kamukunji", "adm3_pcode": "", "adm3_name": "", "adm4_pcode": "", "adm4_name": "", "name_latin": "", "display_name": "", "osm_id": "way/107536396", "model_source": "river.geojson", "inspection_area": "Mathare Valley" }, "geometry": { "type": "LineString", "coordinates": [ [ 36.8632013, -1.2626853, 0.0 ], [ 36.8629148, -1.2620297, 0.0 ] ] } },
{ "type": "Feature", "properties": { "id": "way/107536414", "name": "", "name_en": "", "name_sw": "", "waterway": "drain", "covered": "", "width": "", "depth": "0.00000e+00", "layer": "0", "blockage": "", "tunnel": "", "natural_cl": "", "water": "", "source": "", "adm0_pcode": "KEN", "adm0_name": "Kenya", "adm1_pcode": "KE047", "adm1_name": "Nairobi", "adm2_pcode": "KE047288", "adm2_name": "Kamukunji", "adm3_pcode": "", "adm3_name": "", "adm4_pcode": "", "adm4_name": "", "name_latin": "", "display_name": "", "osm_id": "way/107536414", "model_source": "river.geojson", "inspection_area": "Mathare Valley" }, "geometry": { "type": "LineString", "coordinates": [ [ 36.8627052, -1.2624806, 0.0 ], [ 36.8625532, -1.2622115, 0.0 ], [ 36.8624891, -1.2620966, 0.0 ] ] } },
{ "type": "Feature", "properties": { "id": "way/107536408", "name": "", "name_en": "", "name_sw": "", "waterway": "drain", "covered": "", "width": "", "depth": "0.00000e+00", "layer": "0", "blockage": "", "tunnel": "", "natural_cl": "", "water": "", "source": "", "adm0_pcode": "KEN", "adm0_name": "Kenya", "adm1_pcode": "KE047", "adm1_name": "Nairobi", "adm2_pcode": "KE047288", "adm2_name": "Kamukunji", "adm3_pcode": "", "adm3_name": "", "adm4_pcode": "", "adm4_name": "", "name_latin": "", "display_name": "", "osm_id": "way/107536408", "model_source": "river.geojson", "inspection_area": "Mathare Valley" }, "geometry": { "type": "LineString", "coordinates": [ [ 36.862721, -1.26196, 0.0 ], [ 36.8625456, -1.2620531, 0.0 ], [ 36.8624891, -1.2620966, 0.0 ], [ 36.8624422, -1.2621376, 0.0 ], [ 36.8623835, -1.2621951, 0.0 ], [ 36.8623302, -1.2622493, 0.0 ], [ 36.862273, -1.2623049, 0.0 ], [ 36.862221, -1.2623372, 0.0 ], [ 36.8621495, -1.262379, 0.0 ], [ 36.8621063, -1.2624006, 0.0 ], [ 36.8620367, -1.2623016, 0.0 ] ] } },
{ "type": "Feature", "properties": { "id": "way/107678542", "name": "", "name_en": "", "name_sw": "", "waterway": "drain", "covered": "", "width": "", "depth": "0.00000e+00", "layer": "0", "blockage": "", "tunnel": "", "natural_cl": "", "water": "", "source": "", "adm0_pcode": "KEN", "adm0_name": "Kenya", "adm1_pcode": "KE047", "adm1_name": "Nairobi", "adm2_pcode": "KE047288", "adm2_name": "Kamukunji", "adm3_pcode": "", "adm3_name": "", "adm4_pcode": "", "adm4_name": "", "name_latin": "", "display_name": "", "osm_id": "way/107678542", "model_source": "river.geojson", "inspection_area": "Mathare Valley" }, "geometry": { "type": "LineString", "coordinates": [ [ 36.8614176, -1.2626353, 0.0 ], [ 36.8614515, -1.2626337, 0.0 ], [ 36.861503, -1.262608, 0.0 ] ] } },
{ "type": "Feature", "properties": { "id": "way/107536390", "name": "", "name_en": "", "name_sw": "", "waterway": "drain", "covered": "", "width": "", "depth": "0.00000e+00", "layer": "0", "blockage": "", "tunnel": "", "natural_cl": "", "water": "", "source": "", "adm0_pcode": "KEN", "adm0_name": "Kenya", "adm1_pcode": "KE047", "adm1_name": "Nairobi", "adm2_pcode": "KE047288", "adm2_name": "Kamukunji", "adm3_pcode": "", "adm3_name": "", "adm4_pcode": "", "adm4_name": "", "name_latin": "", "display_name": "", "osm_id": "way/107536390", "model_source": "river.geojson", "inspection_area": "Mathare Valley" }, "geometry": { "type": "LineString", "coordinates": [ [ 36.8617099, -1.2623396, 0.0 ], [ 36.8617023, -1.2623841, 0.0 ], [ 36.8616458, -1.2624514, 0.0 ], [ 36.8616004, -1.2624941, 0.0 ], [ 36.8615048, -1.262615, 0.0 ] ] } },
{ "type": "Feature", "properties": { "id": "way/107536407", "name": "", "name_en": "", "name_sw": "", "waterway": "drain", "covered": "", "width": "", "depth": "0.00000e+00", "layer": "0", "blockage": "", "tunnel": "", "natural_cl": "", "water": "", "source": "", "adm0_pcode": "KEN", "adm0_name": "Kenya", "adm1_pcode": "KE047", "adm1_name": "Nairobi", "adm2_pcode": "KE047288", "adm2_name": "Kamukunji", "adm3_pcode": "", "adm3_name": "", "adm4_pcode": "", "adm4_name": "", "name_latin": "", "display_name": "", "osm_id": "way/107536407", "model_source": "river.geojson", "inspection_area": "Mathare Valley" }, "geometry": { "type": "LineString", "coordinates": [ [ 36.8598295, -1.2625595, 0.0 ], [ 36.8600034, -1.262403, 0.0 ], [ 36.8600239, -1.2623382, 0.0 ], [ 36.8599951, -1.2622586, 0.0 ] ] } },
{ "type": "Feature", "properties": { "id": "way/107536394", "name": "", "name_en": "", "name_sw": "", "waterway": "drain", "covered": "", "width": "", "depth": "0.00000e+00", "layer": "0", "blockage": "", "tunnel": "", "natural_cl": "", "water": "", "source": "", "adm0_pcode": "KEN", "adm0_name": "Kenya", "adm1_pcode": "KE047", "adm1_name": "Nairobi", "adm2_pcode": "KE047288", "adm2_name": "Kamukunji", "adm3_pcode": "", "adm3_name": "", "adm4_pcode": "", "adm4_name": "", "name_latin": "", "display_name": "", "osm_id": "way/107536394", "model_source": "river.geojson", "inspection_area": "Mathare Valley" }, "geometry": { "type": "LineString", "coordinates": [ [ 36.8600157, -1.2625818, 0.0 ], [ 36.8601323, -1.2625171, 0.0 ], [ 36.8601604, -1.2624349, 0.0 ], [ 36.8601376, -1.2623649, 0.0 ], [ 36.8601156, -1.262279, 0.0 ], [ 36.86010850000001, -1.262192, 0.0 ] ] } },
{ "type": "Feature", "properties": { "id": "way/107678543", "name": "", "name_en": "", "name_sw": "", "waterway": "drain", "covered": "", "width": "", "depth": "0.00000e+00", "layer": "0", "blockage": "", "tunnel": "", "natural_cl": "", "water": "", "source": "", "adm0_pcode": "KEN", "adm0_name": "Kenya", "adm1_pcode": "KE047", "adm1_name": "Nairobi", "adm2_pcode": "KE047288", "adm2_name": "Kamukunji", "adm3_pcode": "", "adm3_name": "", "adm4_pcode": "", "adm4_name": "", "name_latin": "", "display_name": "", "osm_id": "way/107678543", "model_source": "river.geojson", "inspection_area": "Mathare Valley" }, "geometry": { "type": "LineString", "coordinates": [ [ 36.861056, -1.2622825, 0.0 ], [ 36.8609392, -1.2621884, 0.0 ] ] } },
{ "type": "Feature", "properties": { "id": "way/107678549", "name": "", "name_en": "", "name_sw": "", "waterway": "drain", "covered": "", "width": "", "depth": "0.00000e+00", "layer": "0", "blockage": "", "tunnel": "", "natural_cl": "", "water": "", "source": "", "adm0_pcode": "KEN", "adm0_name": "Kenya", "adm1_pcode": "KE047", "adm1_name": "Nairobi", "adm2_pcode": "KE047288", "adm2_name": "Kamukunji", "adm3_pcode": "", "adm3_name": "", "adm4_pcode": "", "adm4_name": "", "name_latin": "", "display_name": "", "osm_id": "way/107678549", "model_source": "river.geojson", "inspection_area": "Mathare Valley" }, "geometry": { "type": "LineString", "coordinates": [ [ 36.8614507, -1.2618919, 0.0 ], [ 36.8613814, -1.2619161, 0.0 ], [ 36.8613023, -1.261974, 0.0 ], [ 36.8611983, -1.2620353, 0.0 ], [ 36.8610901, -1.2621015, 0.0 ], [ 36.8609937, -1.2621583, 0.0 ], [ 36.8609392, -1.2621884, 0.0 ], [ 36.8608977, -1.2622146, 0.0 ], [ 36.8607624, -1.2622984, 0.0 ], [ 36.8606632, -1.2623519, 0.0 ], [ 36.860547, -1.2624103, 0.0 ], [ 36.8604336, -1.2624715, 0.0 ], [ 36.8604062, -1.2624864, 0.0 ] ] } },
{ "type": "Feature", "properties": { "id": "way/107536402", "name": "", "name_en": "", "name_sw": "", "waterway": "drain", "covered": "", "width": "", "depth": "0.00000e+00", "layer": "0", "blockage": "", "tunnel": "", "natural_cl": "", "water": "", "source": "", "adm0_pcode": "KEN", "adm0_name": "Kenya", "adm1_pcode": "KE047", "adm1_name": "Nairobi", "adm2_pcode": "KE047288", "adm2_name": "Kamukunji", "adm3_pcode": "", "adm3_name": "", "adm4_pcode": "", "adm4_name": "", "name_latin": "", "display_name": "", "osm_id": "way/107536402", "model_source": "river.geojson", "inspection_area": "Mathare Valley" }, "geometry": { "type": "LineString", "coordinates": [ [ 36.8608854, -1.2632048, 0.0 ], [ 36.8615769, -1.2618886, 0.0 ], [ 36.8617799, -1.2615022, 0.0 ], [ 36.8617478, -1.2614244, 0.0 ], [ 36.8617182, -1.2614219, 0.0 ], [ 36.8616861, -1.2613318, 0.0 ], [ 36.861558, -1.2611377, 0.0 ] ] } },
{ "type": "Feature", "properties": { "id": "way/107678544", "name": "", "name_en": "", "name_sw": "", "waterway": "drain", "covered": "", "width": "", "depth": "0.00000e+00", "layer": "0", "blockage": "", "tunnel": "", "natural_cl": "", "water": "", "source": "", "adm0_pcode": "KEN", "adm0_name": "Kenya", "adm1_pcode": "KE047", "adm1_name": "Nairobi", "adm2_pcode": "KE047288", "adm2_name": "Kamukunji", "adm3_pcode": "", "adm3_name": "", "adm4_pcode": "", "adm4_name": "", "name_latin": "", "display_name": "", "osm_id": "way/107678544", "model_source": "river.geojson", "inspection_area": "Mathare Valley" }, "geometry": { "type": "LineString", "coordinates": [ [ 36.8612981, -1.2621947, 0.0 ], [ 36.8613472, -1.2621336, 0.0 ] ] } },
{ "type": "Feature", "properties": { "id": "way/107678546", "name": "", "name_en": "", "name_sw": "", "waterway": "drain", "covered": "", "width": "", "depth": "0.00000e+00", "layer": "0", "blockage": "", "tunnel": "", "natural_cl": "", "water": "", "source": "", "adm0_pcode": "KEN", "adm0_name": "Kenya", "adm1_pcode": "KE047", "adm1_name": "Nairobi", "adm2_pcode": "KE047288", "adm2_name": "Kamukunji", "adm3_pcode": "", "adm3_name": "", "adm4_pcode": "", "adm4_name": "", "name_latin": "", "display_name": "", "osm_id": "way/107678546", "model_source": "river.geojson", "inspection_area": "Mathare Valley" }, "geometry": { "type": "LineString", "coordinates": [ [ 36.8613548, -1.2621713, 0.0 ], [ 36.8613508, -1.262142, 0.0 ] ] } },
{ "type": "Feature", "properties": { "id": "way/108420166", "name": "", "name_en": "", "name_sw": "", "waterway": "drain", "covered": "", "width": "", "depth": "0.00000e+00", "layer": "0", "blockage": "", "tunnel": "", "natural_cl": "", "water": "", "source": "", "adm0_pcode": "KEN", "adm0_name": "Kenya", "adm1_pcode": "KE047", "adm1_name": "Nairobi", "adm2_pcode": "KE047288", "adm2_name": "Kamukunji", "adm3_pcode": "", "adm3_name": "", "adm4_pcode": "", "adm4_name": "", "name_latin": "", "display_name": "", "osm_id": "way/108420166", "model_source": "river.geojson", "inspection_area": "Mathare Valley" }, "geometry": { "type": "LineString", "coordinates": [ [ 36.8605511, -1.2622955, 0.0 ], [ 36.860566, -1.2621947, 0.0 ], [ 36.8605757, -1.2621147, 0.0 ], [ 36.8605389, -1.2621099, 0.0 ], [ 36.8604921, -1.2620918, 0.0 ], [ 36.8604731, -1.2620337, 0.0 ], [ 36.8604273, -1.2619739, 0.0 ] ] } },
{ "type": "Feature", "properties": { "id": "way/107678547", "name": "", "name_en": "", "name_sw": "", "waterway": "drain", "covered": "", "width": "", "depth": "0.00000e+00", "layer": "0", "blockage": "", "tunnel": "", "natural_cl": "", "water": "", "source": "", "adm0_pcode": "KEN", "adm0_name": "Kenya", "adm1_pcode": "KE047", "adm1_name": "Nairobi", "adm2_pcode": "KE047288", "adm2_name": "Kamukunji", "adm3_pcode": "", "adm3_name": "", "adm4_pcode": "", "adm4_name": "", "name_latin": "", "display_name": "", "osm_id": "way/107678547", "model_source": "river.geojson", "inspection_area": "Mathare Valley" }, "geometry": { "type": "LineString", "coordinates": [ [ 36.8616091, -1.262349, 0.0 ], [ 36.861526, -1.2623475, 0.0 ], [ 36.8615026, -1.2621967, 0.0 ], [ 36.8616015, -1.262079, 0.0 ], [ 36.8615528, -1.262022, 0.0 ], [ 36.8614507, -1.2618919, 0.0 ] ] } },
{ "type": "Feature", "properties": { "id": "way/108420177", "name": "", "name_en": "", "name_sw": "", "waterway": "drain", "covered": "", "width": "", "depth": "0.00000e+00", "layer": "0", "blockage": "", "tunnel": "", "natural_cl": "", "water": "", "source": "", "adm0_pcode": "KEN", "adm0_name": "Kenya", "adm1_pcode": "KE047", "adm1_name": "Nairobi", "adm2_pcode": "KE047288", "adm2_name": "Kamukunji", "adm3_pcode": "", "adm3_name": "", "adm4_pcode": "", "adm4_name": "", "name_latin": "", "display_name": "", "osm_id": "way/108420177", "model_source": "river.geojson", "inspection_area": "Mathare Valley" }, "geometry": { "type": "LineString", "coordinates": [ [ 36.8607154, -1.2622938, 0.0 ], [ 36.8607057, -1.2622631, 0.0 ], [ 36.8606659, -1.2621371, 0.0 ], [ 36.8606205, -1.2619983, 0.0 ], [ 36.8605698, -1.2618682, 0.0 ], [ 36.8605544, -1.2618435, 0.0 ], [ 36.8605432, -1.2618243, 0.0 ], [ 36.8605399, -1.2618177, 0.0 ], [ 36.8605319, -1.2618037, 0.0 ], [ 36.8605279, -1.261799, 0.0 ] ] } },
{ "type": "Feature", "properties": { "id": "way/95085195", "name": "", "name_en": "", "name_sw": "", "waterway": "stream", "covered": "", "width": "", "depth": "0.00000e+00", "layer": "0", "blockage": "", "tunnel": "", "natural_cl": "", "water": "", "source": "", "adm0_pcode": "KEN", "adm0_name": "Kenya", "adm1_pcode": "KE047", "adm1_name": "Nairobi", "adm2_pcode": "KE047288", "adm2_name": "Kamukunji", "adm3_pcode": "", "adm3_name": "", "adm4_pcode": "", "adm4_name": "", "name_latin": "", "display_name": "", "osm_id": "way/95085195", "model_source": "river.geojson", "inspection_area": "Mathare Valley" }, "geometry": { "type": "LineString", "coordinates": [ [ 36.855252, -1.2613497, 0.0 ], [ 36.8553375, -1.2614179, 0.0 ], [ 36.855423, -1.261455, 0.0 ], [ 36.8555076, -1.2615137, 0.0 ], [ 36.8555266, -1.2615646, 0.0 ], [ 36.8555948, -1.2617433, 0.0 ], [ 36.8557284, -1.2618996, 0.0 ], [ 36.8561193, -1.262314, 0.0 ], [ 36.8561703, -1.2623684, 0.0 ], [ 36.8562125, -1.262413, 0.0 ], [ 36.8563372, -1.2624976, 0.0 ], [ 36.8565013, -1.2625676, 0.0 ], [ 36.8567212, -1.2626307, 0.0 ], [ 36.8568584, -1.2626397, 0.0 ], [ 36.8571012, -1.2626271, 0.0 ], [ 36.8571664, -1.262593, 0.0 ], [ 36.8572619, -1.2625097, 0.0 ], [ 36.8575744, -1.2623535, 0.0 ], [ 36.8577617, -1.262338, 0.0 ], [ 36.8580388, -1.2623777, 0.0 ], [ 36.8581519, -1.2623578, 0.0 ], [ 36.8583194, -1.2623734, 0.0 ], [ 36.8586337, -1.2624631, 0.0 ], [ 36.85865780000001, -1.2624787, 0.0 ], [ 36.8588461, -1.2625563, 0.0 ], [ 36.8589497, -1.2625771, 0.0 ], [ 36.8590204, -1.2625287, 0.0 ], [ 36.8591846, -1.2625072, 0.0 ], [ 36.8593565, -1.2625182, 0.0 ] ] } },
{ "type": "Feature", "properties": { "id": "way/108420164", "name": "", "name_en": "", "name_sw": "", "waterway": "drain", "covered": "", "width": "", "depth": "0.00000e+00", "layer": "0", "blockage": "", "tunnel": "", "natural_cl": "", "water": "", "source": "", "adm0_pcode": "KEN", "adm0_name": "Kenya", "adm1_pcode": "KE047", "adm1_name": "Nairobi", "adm2_pcode": "KE047288", "adm2_name": "Kamukunji", "adm3_pcode": "", "adm3_name": "", "adm4_pcode": "", "adm4_name": "", "name_latin": "", "display_name": "", "osm_id": "way/108420164", "model_source": "river.geojson", "inspection_area": "Mathare Valley" }, "geometry": { "type": "LineString", "coordinates": [ [ 36.8607716, -1.2622043, 0.0 ], [ 36.8607286, -1.2620411, 0.0 ], [ 36.8606749, -1.2619037, 0.0 ], [ 36.8606298, -1.2618178, 0.0 ], [ 36.860617, -1.2617778, 0.0 ], [ 36.8605987, -1.2617753, 0.0 ], [ 36.8605848, -1.2617745, 0.0 ], [ 36.8605766, -1.261769, 0.0 ], [ 36.86056, -1.2617318, 0.0 ] ] } },
{ "type": "Feature", "properties": { "id": "way/108420156", "name": "", "name_en": "", "name_sw": "", "waterway": "drain", "covered": "", "width": "", "depth": "0.00000e+00", "layer": "0", "blockage": "", "tunnel": "", "natural_cl": "", "water": "", "source": "", "adm0_pcode": "KEN", "adm0_name": "Kenya", "adm1_pcode": "KE047", "adm1_name": "Nairobi", "adm2_pcode": "KE047288", "adm2_name": "Kamukunji", "adm3_pcode": "", "adm3_name": "", "adm4_pcode": "", "adm4_name": "", "name_latin": "", "display_name": "", "osm_id": "way/108420156", "model_source": "river.geojson", "inspection_area": "Mathare Valley" }, "geometry": { "type": "LineString", "coordinates": [ [ 36.8609198, -1.2621699, 0.0 ], [ 36.8609099, -1.2621453, 0.0 ], [ 36.860894, -1.2621055, 0.0 ], [ 36.8608661, -1.2620368, 0.0 ], [ 36.8608538, -1.2619808, 0.0 ], [ 36.8608394, -1.2619374, 0.0 ], [ 36.8608124, -1.2618693, 0.0 ], [ 36.8607479, -1.2617169, 0.0 ], [ 36.8607288, -1.2617083, 0.0 ], [ 36.8606877, -1.2617228, 0.0 ], [ 36.8606762, -1.261729, 0.0 ] ] } },
{ "type": "Feature", "properties": { "id": "way/108420169", "name": "", "name_en": "", "name_sw": "", "waterway": "drain", "covered": "", "width": "", "depth": "0.00000e+00", "layer": "0", "blockage": "", "tunnel": "", "natural_cl": "", "water": "", "source": "", "adm0_pcode": "KEN", "adm0_name": "Kenya", "adm1_pcode": "KE047", "adm1_name": "Nairobi", "adm2_pcode": "KE047288", "adm2_name": "Kamukunji", "adm3_pcode": "", "adm3_name": "", "adm4_pcode": "", "adm4_name": "", "name_latin": "", "display_name": "", "osm_id": "way/108420169", "model_source": "river.geojson", "inspection_area": "Mathare Valley" }, "geometry": { "type": "LineString", "coordinates": [ [ 36.8605889, -1.2621041, 0.0 ], [ 36.860581, -1.2620584, 0.0 ], [ 36.8605651, -1.2620188, 0.0 ], [ 36.8605467, -1.2619757, 0.0 ], [ 36.8605308, -1.2619528, 0.0 ], [ 36.8605132, -1.2619458, 0.0 ], [ 36.8605036, -1.2619352, 0.0 ], [ 36.8604914, -1.2619089, 0.0 ], [ 36.8604845, -1.2618908, 0.0 ], [ 36.8604824, -1.2618763, 0.0 ], [ 36.8605141, -1.2618464, 0.0 ], [ 36.8605279, -1.261799, 0.0 ], [ 36.86056, -1.2617318, 0.0 ] ] } },
{ "type": "Feature", "properties": { "id": "way/108420160", "name": "", "name_en": "", "name_sw": "", "waterway": "drain", "covered": "", "width": "", "depth": "0.00000e+00", "layer": "0", "blockage": "", "tunnel": "", "natural_cl": "", "water": "", "source": "", "adm0_pcode": "KEN", "adm0_name": "Kenya", "adm1_pcode": "KE047", "adm1_name": "Nairobi", "adm2_pcode": "KE047288", "adm2_name": "Kamukunji", "adm3_pcode": "", "adm3_name": "", "adm4_pcode": "", "adm4_name": "", "name_latin": "", "display_name": "", "osm_id": "way/108420160", "model_source": "river.geojson", "inspection_area": "Mathare Valley" }, "geometry": { "type": "LineString", "coordinates": [ [ 36.8608508, -1.2621758, 0.0 ], [ 36.8607608, -1.2619337, 0.0 ], [ 36.8607007, -1.2617834, 0.0 ], [ 36.8606848, -1.2617403, 0.0 ], [ 36.8606762, -1.261729, 0.0 ], [ 36.8606686, -1.261722, 0.0 ], [ 36.8606551, -1.2617138, 0.0 ], [ 36.8606074, -1.2616943, 0.0 ], [ 36.8606123, -1.2616434, 0.0 ] ] } },
{ "type": "Feature", "properties": { "id": "way/108420172", "name": "", "name_en": "", "name_sw": "", "waterway": "drain", "covered": "", "width": "", "depth": "0.00000e+00", "layer": "0", "blockage": "", "tunnel": "", "natural_cl": "", "water": "", "source": "", "adm0_pcode": "KEN", "adm0_name": "Kenya", "adm1_pcode": "KE047", "adm1_name": "Nairobi", "adm2_pcode": "KE047288", "adm2_name": "Kamukunji", "adm3_pcode": "", "adm3_name": "", "adm4_pcode": "", "adm4_name": "", "name_latin": "", "display_name": "", "osm_id": "way/108420172", "model_source": "river.geojson", "inspection_area": "Mathare Valley" }, "geometry": { "type": "LineString", "coordinates": [ [ 36.8609868, -1.2621421, 0.0 ], [ 36.8609754, -1.2621095, 0.0 ], [ 36.8609362, -1.261997, 0.0 ], [ 36.8609043, -1.2618871, 0.0 ], [ 36.8608768, -1.2618233, 0.0 ], [ 36.8608405, -1.2617332, 0.0 ], [ 36.8608124, -1.2616705, 0.0 ], [ 36.8608053, -1.2616431, 0.0 ], [ 36.8608061, -1.2616331, 0.0 ], [ 36.8608107, -1.2615868, 0.0 ] ] } },
{ "type": "Feature", "properties": { "id": "way/108420176", "name": "", "name_en": "", "name_sw": "", "waterway": "drain", "covered": "", "width": "", "depth": "0.00000e+00", "layer": "0", "blockage": "", "tunnel": "", "natural_cl": "", "water": "", "source": "", "adm0_pcode": "KEN", "adm0_name": "Kenya", "adm1_pcode": "KE047", "adm1_name": "Nairobi", "adm2_pcode": "KE047288", "adm2_name": "Kamukunji", "adm3_pcode": "", "adm3_name": "", "adm4_pcode": "", "adm4_name": "", "name_latin": "", "display_name": "", "osm_id": "way/108420176", "model_source": "river.geojson", "inspection_area": "Mathare Valley" }, "geometry": { "type": "LineString", "coordinates": [ [ 36.8610193, -1.2618398, 0.0 ], [ 36.8609684, -1.2618527, 0.0 ] ] } },
{ "type": "Feature", "properties": { "id": "way/108420174", "name": "", "name_en": "", "name_sw": "", "waterway": "drain", "covered": "", "width": "", "depth": "0.00000e+00", "layer": "0", "blockage": "", "tunnel": "", "natural_cl": "", "water": "", "source": "", "adm0_pcode": "KEN", "adm0_name": "Kenya", "adm1_pcode": "KE047", "adm1_name": "Nairobi", "adm2_pcode": "KE047288", "adm2_name": "Kamukunji", "adm3_pcode": "", "adm3_name": "", "adm4_pcode": "", "adm4_name": "", "name_latin": "", "display_name": "", "osm_id": "way/108420174", "model_source": "river.geojson", "inspection_area": "Mathare Valley" }, "geometry": { "type": "LineString", "coordinates": [ [ 36.8610402, -1.2620858, 0.0 ], [ 36.8610367, -1.2620744, 0.0 ], [ 36.8609684, -1.2618527, 0.0 ], [ 36.8609492, -1.2617904, 0.0 ], [ 36.8608942, -1.2616564, 0.0 ], [ 36.8608909, -1.2616414, 0.0 ], [ 36.8608866, -1.2616168, 0.0 ], [ 36.8608849, -1.2616006, 0.0 ], [ 36.8608801, -1.2615459, 0.0 ] ] } },
{ "type": "Feature", "properties": { "id": "way/107536393", "name": "", "name_en": "", "name_sw": "", "waterway": "drain", "covered": "", "width": "", "depth": "0.00000e+00", "layer": "0", "blockage": "", "tunnel": "", "natural_cl": "", "water": "", "source": "", "adm0_pcode": "KEN", "adm0_name": "Kenya", "adm1_pcode": "KE047", "adm1_name": "Nairobi", "adm2_pcode": "KE047288", "adm2_name": "Kamukunji", "adm3_pcode": "", "adm3_name": "", "adm4_pcode": "", "adm4_name": "", "name_latin": "", "display_name": "", "osm_id": "way/107536393", "model_source": "river.geojson", "inspection_area": "Mathare Valley" }, "geometry": { "type": "LineString", "coordinates": [ [ 36.8621338, -1.262231, 0.0 ], [ 36.8619039, -1.2618456, 0.0 ] ] } },
{ "type": "Feature", "properties": { "id": "way/107536420", "name": "", "name_en": "", "name_sw": "", "waterway": "drain", "covered": "", "width": "", "depth": "0.00000e+00", "layer": "0", "blockage": "", "tunnel": "", "natural_cl": "", "water": "", "source": "", "adm0_pcode": "KEN", "adm0_name": "Kenya", "adm1_pcode": "KE047", "adm1_name": "Nairobi", "adm2_pcode": "KE047288", "adm2_name": "Kamukunji", "adm3_pcode": "", "adm3_name": "", "adm4_pcode": "", "adm4_name": "", "name_latin": "", "display_name": "", "osm_id": "way/107536420", "model_source": "river.geojson", "inspection_area": "Mathare Valley" }, "geometry": { "type": "LineString", "coordinates": [ [ 36.8622171, -1.2622236, 0.0 ], [ 36.8619699, -1.2618123, 0.0 ] ] } },
{ "type": "Feature", "properties": { "id": "way/107536403", "name": "", "name_en": "", "name_sw": "", "waterway": "drain", "covered": "", "width": "", "depth": "0.00000e+00", "layer": "0", "blockage": "", "tunnel": "", "natural_cl": "", "water": "", "source": "", "adm0_pcode": "KEN", "adm0_name": "Kenya", "adm1_pcode": "KE047", "adm1_name": "Nairobi", "adm2_pcode": "KE047288", "adm2_name": "Kamukunji", "adm3_pcode": "", "adm3_name": "", "adm4_pcode": "", "adm4_name": "", "name_latin": "", "display_name": "", "osm_id": "way/107536403", "model_source": "river.geojson", "inspection_area": "Mathare Valley" }, "geometry": { "type": "LineString", "coordinates": [ [ 36.862254, -1.2621504, 0.0 ], [ 36.8620315, -1.2617814, 0.0 ] ] } },
{ "type": "Feature", "properties": { "id": "way/107536410", "name": "", "name_en": "", "name_sw": "", "waterway": "drain", "covered": "", "width": "", "depth": "0.00000e+00", "layer": "0", "blockage": "", "tunnel": "", "natural_cl": "", "water": "", "source": "", "adm0_pcode": "KEN", "adm0_name": "Kenya", "adm1_pcode": "KE047", "adm1_name": "Nairobi", "adm2_pcode": "KE047288", "adm2_name": "Kamukunji", "adm3_pcode": "", "adm3_name": "", "adm4_pcode": "", "adm4_name": "", "name_latin": "", "display_name": "", "osm_id": "way/107536410", "model_source": "river.geojson", "inspection_area": "Mathare Valley" }, "geometry": { "type": "LineString", "coordinates": [ [ 36.8623173, -1.2621168, 0.0 ], [ 36.8620938, -1.26175, 0.0 ] ] } },
{ "type": "Feature", "properties": { "id": "way/107536405", "name": "", "name_en": "", "name_sw": "", "waterway": "drain", "covered": "", "width": "", "depth": "0.00000e+00", "layer": "0", "blockage": "", "tunnel": "", "natural_cl": "", "water": "", "source": "", "adm0_pcode": "KEN", "adm0_name": "Kenya", "adm1_pcode": "KE047", "adm1_name": "Nairobi", "adm2_pcode": "KE047288", "adm2_name": "Kamukunji", "adm3_pcode": "", "adm3_name": "", "adm4_pcode": "", "adm4_name": "", "name_latin": "", "display_name": "", "osm_id": "way/107536405", "model_source": "river.geojson", "inspection_area": "Mathare Valley" }, "geometry": { "type": "LineString", "coordinates": [ [ 36.8614507, -1.2618919, 0.0 ], [ 36.8615641, -1.2619117, 0.0 ], [ 36.8616928, -1.2619491, 0.0 ], [ 36.8618286, -1.2618831, 0.0 ], [ 36.8618557, -1.2618699, 0.0 ] ] } },
{ "type": "Feature", "properties": { "id": "way/107536397", "name": "", "name_en": "", "name_sw": "", "waterway": "drain", "covered": "", "width": "", "depth": "0.00000e+00", "layer": "0", "blockage": "", "tunnel": "", "natural_cl": "", "water": "", "source": "", "adm0_pcode": "KEN", "adm0_name": "Kenya", "adm1_pcode": "KE047", "adm1_name": "Nairobi", "adm2_pcode": "KE047288", "adm2_name": "Kamukunji", "adm3_pcode": "", "adm3_name": "", "adm4_pcode": "", "adm4_name": "", "name_latin": "", "display_name": "", "osm_id": "way/107536397", "model_source": "river.geojson", "inspection_area": "Mathare Valley" }, "geometry": { "type": "LineString", "coordinates": [ [ 36.8623844, -1.2620872, 0.0 ], [ 36.8621577, -1.2617178, 0.0 ] ] } },
{ "type": "Feature", "properties": { "id": "way/107536424", "name": "", "name_en": "", "name_sw": "", "waterway": "drain", "covered": "", "width": "", "depth": "0.00000e+00", "layer": "0", "blockage": "", "tunnel": "", "natural_cl": "", "water": "", "source": "", "adm0_pcode": "KEN", "adm0_name": "Kenya", "adm1_pcode": "KE047", "adm1_name": "Nairobi", "adm2_pcode": "KE047288", "adm2_name": "Kamukunji", "adm3_pcode": "", "adm3_name": "", "adm4_pcode": "", "adm4_name": "", "name_latin": "", "display_name": "", "osm_id": "way/107536424", "model_source": "river.geojson", "inspection_area": "Mathare Valley" }, "geometry": { "type": "LineString", "coordinates": [ [ 36.8624425, -1.2620554, 0.0 ], [ 36.8624116, -1.2620013, 0.0 ], [ 36.8622214, -1.2616858, 0.0 ] ] } },
{ "type": "Feature", "properties": { "id": "way/107536391", "name": "", "name_en": "", "name_sw": "", "waterway": "drain", "covered": "", "width": "", "depth": "0.00000e+00", "layer": "0", "blockage": "", "tunnel": "", "natural_cl": "", "water": "", "source": "", "adm0_pcode": "KEN", "adm0_name": "Kenya", "adm1_pcode": "KE047", "adm1_name": "Nairobi", "adm2_pcode": "KE047288", "adm2_name": "Kamukunji", "adm3_pcode": "", "adm3_name": "", "adm4_pcode": "", "adm4_name": "", "name_latin": "", "display_name": "", "osm_id": "way/107536391", "model_source": "river.geojson", "inspection_area": "Mathare Valley" }, "geometry": { "type": "LineString", "coordinates": [ [ 36.8624805, -1.2619717, 0.0 ], [ 36.8622859, -1.2616533, 0.0 ] ] } },
{ "type": "Feature", "properties": { "id": "way/107536427", "name": "", "name_en": "", "name_sw": "", "waterway": "drain", "covered": "", "width": "", "depth": "0.00000e+00", "layer": "0", "blockage": "", "tunnel": "", "natural_cl": "", "water": "", "source": "", "adm0_pcode": "KEN", "adm0_name": "Kenya", "adm1_pcode": "KE047", "adm1_name": "Nairobi", "adm2_pcode": "KE047288", "adm2_name": "Kamukunji", "adm3_pcode": "", "adm3_name": "", "adm4_pcode": "", "adm4_name": "", "name_latin": "", "display_name": "", "osm_id": "way/107536427", "model_source": "river.geojson", "inspection_area": "Mathare Valley" }, "geometry": { "type": "LineString", "coordinates": [ [ 36.8625722, -1.261989, 0.0 ], [ 36.8623515, -1.2616203, 0.0 ] ] } },
{ "type": "Feature", "properties": { "id": "way/107536421", "name": "", "name_en": "", "name_sw": "", "waterway": "drain", "covered": "", "width": "", "depth": "0.00000e+00", "layer": "0", "blockage": "", "tunnel": "", "natural_cl": "", "water": "", "source": "", "adm0_pcode": "KEN", "adm0_name": "Kenya", "adm1_pcode": "KE047", "adm1_name": "Nairobi", "adm2_pcode": "KE047288", "adm2_name": "Kamukunji", "adm3_pcode": "", "adm3_name": "", "adm4_pcode": "", "adm4_name": "", "name_latin": "", "display_name": "", "osm_id": "way/107536421", "model_source": "river.geojson", "inspection_area": "Mathare Valley" }, "geometry": { "type": "LineString", "coordinates": [ [ 36.8624083, -1.2615917, 0.0 ], [ 36.8623515, -1.2616203, 0.0 ], [ 36.8622859, -1.2616533, 0.0 ], [ 36.8622214, -1.2616858, 0.0 ], [ 36.8621577, -1.2617178, 0.0 ], [ 36.8620938, -1.26175, 0.0 ], [ 36.8620315, -1.2617814, 0.0 ], [ 36.8619699, -1.2618123, 0.0 ], [ 36.8619039, -1.2618456, 0.0 ], [ 36.8618557, -1.2618699, 0.0 ] ] } },
{ "type": "Feature", "properties": { "id": "way/107536399", "name": "", "name_en": "", "name_sw": "", "waterway": "drain", "covered": "", "width": "", "depth": "0.00000e+00", "layer": "0", "blockage": "", "tunnel": "", "natural_cl": "", "water": "", "source": "", "adm0_pcode": "KEN", "adm0_name": "Kenya", "adm1_pcode": "KE047", "adm1_name": "Nairobi", "adm2_pcode": "KE047288", "adm2_name": "Kamukunji", "adm3_pcode": "", "adm3_name": "", "adm4_pcode": "", "adm4_name": "", "name_latin": "", "display_name": "", "osm_id": "way/107536399", "model_source": "river.geojson", "inspection_area": "Mathare Valley" }, "geometry": { "type": "LineString", "coordinates": [ [ 36.8622029, -1.2616443, 0.0 ], [ 36.8620954, -1.2614593, 0.0 ] ] } },
{ "type": "Feature", "properties": { "id": "way/107536412", "name": "", "name_en": "", "name_sw": "", "waterway": "drain", "covered": "", "width": "", "depth": "0.00000e+00", "layer": "0", "blockage": "", "tunnel": "", "natural_cl": "", "water": "", "source": "", "adm0_pcode": "KEN", "adm0_name": "Kenya", "adm1_pcode": "KE047", "adm1_name": "Nairobi", "adm2_pcode": "KE047288", "adm2_name": "Kamukunji", "adm3_pcode": "", "adm3_name": "", "adm4_pcode": "", "adm4_name": "", "name_latin": "", "display_name": "", "osm_id": "way/107536412", "model_source": "river.geojson", "inspection_area": "Mathare Valley" }, "geometry": { "type": "LineString", "coordinates": [ [ 36.8618557, -1.2618699, 0.0 ], [ 36.8618137, -1.2618482, 0.0 ], [ 36.8618089, -1.2618398, 0.0 ], [ 36.8616436, -1.2615511, 0.0 ], [ 36.861607, -1.2614525, 0.0 ], [ 36.8614509, -1.2611794, 0.0 ] ] } },
{ "type": "Feature", "properties": { "id": "way/107536422", "name": "", "name_en": "", "name_sw": "", "waterway": "drain", "covered": "", "width": "", "depth": "0.00000e+00", "layer": "0", "blockage": "", "tunnel": "", "natural_cl": "", "water": "", "source": "", "adm0_pcode": "KEN", "adm0_name": "Kenya", "adm1_pcode": "KE047", "adm1_name": "Nairobi", "adm2_pcode": "KE047288", "adm2_name": "Kamukunji", "adm3_pcode": "", "adm3_name": "", "adm4_pcode": "", "adm4_name": "", "name_latin": "", "display_name": "", "osm_id": "way/107536422", "model_source": "river.geojson", "inspection_area": "Mathare Valley" }, "geometry": { "type": "LineString", "coordinates": [ [ 36.8623333, -1.261587, 0.0 ], [ 36.8621942, -1.2613716, 0.0 ] ] } },
{ "type": "Feature", "properties": { "id": "way/107536392", "name": "", "name_en": "", "name_sw": "", "waterway": "drain", "covered": "", "width": "", "depth": "0.00000e+00", "layer": "0", "blockage": "", "tunnel": "", "natural_cl": "", "water": "", "source": "", "adm0_pcode": "KEN", "adm0_name": "Kenya", "adm1_pcode": "KE047", "adm1_name": "Nairobi", "adm2_pcode": "KE047288", "adm2_name": "Kamukunji", "adm3_pcode": "", "adm3_name": "", "adm4_pcode": "", "adm4_name": "", "name_latin": "", "display_name": "", "osm_id": "way/107536392", "model_source": "river.geojson", "inspection_area": "Mathare Valley" }, "geometry": { "type": "LineString", "coordinates": [ [ 36.8618459, -1.2617652, 0.0 ], [ 36.8617366, -1.26157, 0.0 ], [ 36.86169060000001, -1.2614982, 0.0 ], [ 36.8616289, -1.261349, 0.0 ], [ 36.8615087, -1.261157, 0.0 ] ] } },
{ "type": "Feature", "properties": { "id": "way/107536425", "name": "", "name_en": "", "name_sw": "", "waterway": "drain", "covered": "", "width": "", "depth": "0.00000e+00", "layer": "0", "blockage": "", "tunnel": "", "natural_cl": "", "water": "", "source": "", "adm0_pcode": "KEN", "adm0_name": "Kenya", "adm1_pcode": "KE047", "adm1_name": "Nairobi", "adm2_pcode": "KE047288", "adm2_name": "Kamukunji", "adm3_pcode": "", "adm3_name": "", "adm4_pcode": "", "adm4_name": "", "name_latin": "", "display_name": "", "osm_id": "way/107536425", "model_source": "river.geojson", "inspection_area": "Mathare Valley" }, "geometry": { "type": "LineString", "coordinates": [ [ 36.861996, -1.2617256, 0.0 ], [ 36.8618478, -1.2614688, 0.0 ], [ 36.8617515, -1.2612701, 0.0 ], [ 36.861695, -1.2611034, 0.0 ] ] } },
{ "type": "Feature", "properties": { "id": "way/107536423", "name": "", "name_en": "", "name_sw": "", "waterway": "drain", "covered": "", "width": "", "depth": "0.00000e+00", "layer": "0", "blockage": "", "tunnel": "", "natural_cl": "", "water": "", "source": "", "adm0_pcode": "KEN", "adm0_name": "Kenya", "adm1_pcode": "KE047", "adm1_name": "Nairobi", "adm2_pcode": "KE047288", "adm2_name": "Kamukunji", "adm3_pcode": "", "adm3_name": "", "adm4_pcode": "", "adm4_name": "", "name_latin": "", "display_name": "", "osm_id": "way/107536423", "model_source": "river.geojson", "inspection_area": "Mathare Valley" }, "geometry": { "type": "LineString", "coordinates": [ [ 36.8620734, -1.2617055, 0.0 ], [ 36.8619341, -1.2614516, 0.0 ], [ 36.8617379, -1.2610838, 0.0 ] ] } },
{ "type": "Feature", "properties": { "id": "way/108414786", "name": "", "name_en": "", "name_sw": "", "waterway": "drain", "covered": "", "width": "", "depth": "0.00000e+00", "layer": "0", "blockage": "", "tunnel": "", "natural_cl": "", "water": "", "source": "", "adm0_pcode": "KEN", "adm0_name": "Kenya", "adm1_pcode": "KE047", "adm1_name": "Nairobi", "adm2_pcode": "KE047288", "adm2_name": "Kamukunji", "adm3_pcode": "", "adm3_name": "", "adm4_pcode": "", "adm4_name": "", "name_latin": "", "display_name": "", "osm_id": "way/108414786", "model_source": "river.geojson", "inspection_area": "Mathare Valley" }, "geometry": { "type": "LineString", "coordinates": [ [ 36.8631237, -1.2611918, 0.0 ], [ 36.8630453, -1.2611921, 0.0 ], [ 36.8629889, -1.2612184, 0.0 ], [ 36.862838, -1.2612888, 0.0 ], [ 36.8628394, -1.2613138, 0.0 ] ] } },
{ "type": "Feature", "properties": { "id": "way/107536430", "name": "", "name_en": "", "name_sw": "", "waterway": "drain", "covered": "", "width": "", "depth": "0.00000e+00", "layer": "0", "blockage": "", "tunnel": "", "natural_cl": "", "water": "", "source": "", "adm0_pcode": "KEN", "adm0_name": "Kenya", "adm1_pcode": "KE047", "adm1_name": "Nairobi", "adm2_pcode": "KE047288", "adm2_name": "Kamukunji", "adm3_pcode": "", "adm3_name": "", "adm4_pcode": "", "adm4_name": "", "name_latin": "", "display_name": "", "osm_id": "way/107536430", "model_source": "river.geojson", "inspection_area": "Mathare Valley" }, "geometry": { "type": "LineString", "coordinates": [ [ 36.8625047, -1.2612705, 0.0 ], [ 36.8623387, -1.2610068, 0.0 ], [ 36.8621819, -1.2608899, 0.0 ], [ 36.8620782, -1.2608126, 0.0 ] ] } },
{ "type": "Feature", "properties": { "id": "way/107537674", "name": "", "name_en": "", "name_sw": "", "waterway": "drain", "covered": "", "width": "", "depth": "0.00000e+00", "layer": "0", "blockage": "", "tunnel": "", "natural_cl": "", "water": "", "source": "", "adm0_pcode": "KEN", "adm0_name": "Kenya", "adm1_pcode": "KE047", "adm1_name": "Nairobi", "adm2_pcode": "KE047288", "adm2_name": "Kamukunji", "adm3_pcode": "", "adm3_name": "", "adm4_pcode": "", "adm4_name": "", "name_latin": "", "display_name": "", "osm_id": "way/107537674", "model_source": "river.geojson", "inspection_area": "Mathare Valley" }, "geometry": { "type": "LineString", "coordinates": [ [ 36.8629464, -1.2610151, 0.0 ], [ 36.8630224, -1.260853, 0.0 ] ] } },
{ "type": "Feature", "properties": { "id": "way/107537668", "name": "", "name_en": "", "name_sw": "", "waterway": "drain", "covered": "", "width": "", "depth": "0.00000e+00", "layer": "0", "blockage": "", "tunnel": "", "natural_cl": "", "water": "", "source": "", "adm0_pcode": "KEN", "adm0_name": "Kenya", "adm1_pcode": "KE047", "adm1_name": "Nairobi", "adm2_pcode": "KE047288", "adm2_name": "Kamukunji", "adm3_pcode": "", "adm3_name": "", "adm4_pcode": "", "adm4_name": "", "name_latin": "", "display_name": "", "osm_id": "way/107537668", "model_source": "river.geojson", "inspection_area": "Mathare Valley" }, "geometry": { "type": "LineString", "coordinates": [ [ 36.8631078, -1.2609327, 0.0 ], [ 36.8630649, -1.2608924, 0.0 ], [ 36.8630224, -1.260853, 0.0 ], [ 36.8630342, -1.2608077, 0.0 ], [ 36.8630181, -1.2606895, 0.0 ], [ 36.8629699, -1.260596, 0.0 ], [ 36.8629106, -1.2605524, 0.0 ], [ 36.8628414, -1.2605267, 0.0 ], [ 36.8627608, -1.2605431, 0.0 ] ] } },
{ "type": "Feature", "properties": { "id": "way/107537656", "name": "", "name_en": "", "name_sw": "", "waterway": "drain", "covered": "", "width": "", "depth": "0.00000e+00", "layer": "0", "blockage": "", "tunnel": "", "natural_cl": "", "water": "", "source": "", "adm0_pcode": "KEN", "adm0_name": "Kenya", "adm1_pcode": "KE047", "adm1_name": "Nairobi", "adm2_pcode": "KE047288", "adm2_name": "Kamukunji", "adm3_pcode": "", "adm3_name": "", "adm4_pcode": "", "adm4_name": "", "name_latin": "", "display_name": "", "osm_id": "way/107537656", "model_source": "river.geojson", "inspection_area": "Mathare Valley" }, "geometry": { "type": "LineString", "coordinates": [ [ 36.8626531, -1.2607837, 0.0 ], [ 36.862603, -1.2607097, 0.0 ], [ 36.8625212, -1.2606623, 0.0 ], [ 36.8624932, -1.2606027, 0.0 ], [ 36.8624823, -1.2605786, 0.0 ] ] } },
{ "type": "Feature", "properties": { "id": "way/107537665", "name": "", "name_en": "", "name_sw": "", "waterway": "drain", "covered": "", "width": "", "depth": "0.00000e+00", "layer": "0", "blockage": "", "tunnel": "", "natural_cl": "", "water": "", "source": "", "adm0_pcode": "KEN", "adm0_name": "Kenya", "adm1_pcode": "KE047", "adm1_name": "Nairobi", "adm2_pcode": "KE047288", "adm2_name": "Kamukunji", "adm3_pcode": "", "adm3_name": "", "adm4_pcode": "", "adm4_name": "", "name_latin": "", "display_name": "", "osm_id": "way/107537665", "model_source": "river.geojson", "inspection_area": "Mathare Valley" }, "geometry": { "type": "LineString", "coordinates": [ [ 36.8627608, -1.2605431, 0.0 ], [ 36.8626187, -1.2605606, 0.0 ], [ 36.8625102, -1.2605749, 0.0 ], [ 36.8624823, -1.2605786, 0.0 ], [ 36.862431, -1.260613, 0.0 ], [ 36.8622992, -1.2606611, 0.0 ], [ 36.8622396, -1.2606634, 0.0 ], [ 36.8621526, -1.2606564, 0.0 ] ] } },
{ "type": "Feature", "properties": { "id": "way/107537660", "name": "", "name_en": "", "name_sw": "", "waterway": "drain", "covered": "", "width": "", "depth": "0.00000e+00", "layer": "0", "blockage": "", "tunnel": "", "natural_cl": "", "water": "", "source": "", "adm0_pcode": "KEN", "adm0_name": "Kenya", "adm1_pcode": "KE047", "adm1_name": "Nairobi", "adm2_pcode": "KE047288", "adm2_name": "Kamukunji", "adm3_pcode": "", "adm3_name": "", "adm4_pcode": "", "adm4_name": "", "name_latin": "", "display_name": "", "osm_id": "way/107537660", "model_source": "river.geojson", "inspection_area": "Mathare Valley" }, "geometry": { "type": "LineString", "coordinates": [ [ 36.8627568, -1.2606172, 0.0 ], [ 36.8627608, -1.2605431, 0.0 ] ] } },
{ "type": "Feature", "properties": { "id": "way/108429266", "name": "", "name_en": "", "name_sw": "", "waterway": "drain", "covered": "", "width": "", "depth": "0.00000e+00", "layer": "0", "blockage": "", "tunnel": "", "natural_cl": "", "water": "", "source": "", "adm0_pcode": "KEN", "adm0_name": "Kenya", "adm1_pcode": "KE047", "adm1_name": "Nairobi", "adm2_pcode": "KE047288", "adm2_name": "Kamukunji", "adm3_pcode": "", "adm3_name": "", "adm4_pcode": "", "adm4_name": "", "name_latin": "", "display_name": "", "osm_id": "way/108429266", "model_source": "river.geojson", "inspection_area": "Mathare Valley" }, "geometry": { "type": "LineString", "coordinates": [ [ 36.8624728, -1.2605281, 0.0 ], [ 36.8624717, -1.2605458, 0.0 ], [ 36.8624878, -1.2605603, 0.0 ] ] } },
{ "type": "Feature", "properties": { "id": "way/107537659", "name": "", "name_en": "", "name_sw": "", "waterway": "drain", "covered": "", "width": "", "depth": "0.00000e+00", "layer": "0", "blockage": "", "tunnel": "", "natural_cl": "", "water": "", "source": "", "adm0_pcode": "KEN", "adm0_name": "Kenya", "adm1_pcode": "KE047", "adm1_name": "Nairobi", "adm2_pcode": "KE047288", "adm2_name": "Kamukunji", "adm3_pcode": "", "adm3_name": "", "adm4_pcode": "", "adm4_name": "", "name_latin": "", "display_name": "", "osm_id": "way/107537659", "model_source": "river.geojson", "inspection_area": "Mathare Valley" }, "geometry": { "type": "LineString", "coordinates": [ [ 36.8633689, -1.2609572, 0.0 ], [ 36.8635379, -1.2608599, 0.0 ], [ 36.8642864, -1.2604151, 0.0 ], [ 36.8648946, -1.2600885, 0.0 ] ] } },
{ "type": "Feature", "properties": { "id": "way/107537676", "name": "", "name_en": "", "name_sw": "", "waterway": "drain", "covered": "", "width": "", "depth": "0.00000e+00", "layer": "0", "blockage": "", "tunnel": "", "natural_cl": "", "water": "", "source": "", "adm0_pcode": "KEN", "adm0_name": "Kenya", "adm1_pcode": "KE047", "adm1_name": "Nairobi", "adm2_pcode": "KE047288", "adm2_name": "Kamukunji", "adm3_pcode": "", "adm3_name": "", "adm4_pcode": "", "adm4_name": "", "name_latin": "", "display_name": "", "osm_id": "way/107537676", "model_source": "river.geojson", "inspection_area": "Mathare Valley" }, "geometry": { "type": "LineString", "coordinates": [ [ 36.8629048, -1.2604817, 0.0 ], [ 36.8628414, -1.2605267, 0.0 ] ] } },
{ "type": "Feature", "properties": { "id": "way/108429629", "name": "", "name_en": "", "name_sw": "", "waterway": "drain", "covered": "", "width": "", "depth": "0.00000e+00", "layer": "0", "blockage": "", "tunnel": "", "natural_cl": "", "water": "", "source": "", "adm0_pcode": "KEN", "adm0_name": "Kenya", "adm1_pcode": "KE047", "adm1_name": "Nairobi", "adm2_pcode": "KE047288", "adm2_name": "Kamukunji", "adm3_pcode": "", "adm3_name": "", "adm4_pcode": "", "adm4_name": "", "name_latin": "", "display_name": "", "osm_id": "way/108429629", "model_source": "river.geojson", "inspection_area": "Mathare Valley" }, "geometry": { "type": "LineString", "coordinates": [ [ 36.8624728, -1.2605281, 0.0 ], [ 36.8623905, -1.2604917, 0.0 ], [ 36.8623421, -1.2604402, 0.0 ] ] } },
{ "type": "Feature", "properties": { "id": "way/108429764", "name": "", "name_en": "", "name_sw": "", "waterway": "drain", "covered": "", "width": "", "depth": "0.00000e+00", "layer": "0", "blockage": "", "tunnel": "", "natural_cl": "", "water": "", "source": "", "adm0_pcode": "KEN", "adm0_name": "Kenya", "adm1_pcode": "KE047", "adm1_name": "Nairobi", "adm2_pcode": "KE047288", "adm2_name": "Kamukunji", "adm3_pcode": "", "adm3_name": "", "adm4_pcode": "", "adm4_name": "", "name_latin": "", "display_name": "", "osm_id": "way/108429764", "model_source": "river.geojson", "inspection_area": "Mathare Valley" }, "geometry": { "type": "LineString", "coordinates": [ [ 36.8625815, -1.2603751, 0.0 ], [ 36.8625201, -1.260565, 0.0 ], [ 36.8625102, -1.2605749, 0.0 ] ] } },
{ "type": "Feature", "properties": { "id": "way/107537664", "name": "", "name_en": "", "name_sw": "", "waterway": "drain", "covered": "", "width": "", "depth": "0.00000e+00", "layer": "0", "blockage": "", "tunnel": "", "natural_cl": "", "water": "", "source": "", "adm0_pcode": "KEN", "adm0_name": "Kenya", "adm1_pcode": "KE047", "adm1_name": "Nairobi", "adm2_pcode": "KE047288", "adm2_name": "Kamukunji", "adm3_pcode": "", "adm3_name": "", "adm4_pcode": "", "adm4_name": "", "name_latin": "", "display_name": "", "osm_id": "way/107537664", "model_source": "river.geojson", "inspection_area": "Mathare Valley" }, "geometry": { "type": "LineString", "coordinates": [ [ 36.863761, -1.2603053, 0.0 ], [ 36.8636734, -1.260352, 0.0 ], [ 36.8635785, -1.2604017, 0.0 ], [ 36.8634886, -1.2604824, 0.0 ] ] } },
{ "type": "Feature", "properties": { "id": "way/108417651", "name": "", "name_en": "", "name_sw": "", "waterway": "drain", "covered": "", "width": "", "depth": "0.00000e+00", "layer": "0", "blockage": "", "tunnel": "", "natural_cl": "", "water": "", "source": "", "adm0_pcode": "KEN", "adm0_name": "Kenya", "adm1_pcode": "KE047", "adm1_name": "Nairobi", "adm2_pcode": "KE047288", "adm2_name": "Kamukunji", "adm3_pcode": "", "adm3_name": "", "adm4_pcode": "", "adm4_name": "", "name_latin": "", "display_name": "", "osm_id": "way/108417651", "model_source": "river.geojson", "inspection_area": "Mathare Valley" }, "geometry": { "type": "LineString", "coordinates": [ [ 36.8627559, -1.2603969, 0.0 ], [ 36.8628763, -1.2602915, 0.0 ] ] } },
{ "type": "Feature", "properties": { "id": "way/1513510247", "name": "", "name_en": "", "name_sw": "", "waterway": "drain", "covered": "", "width": "", "depth": "0.00000e+00", "layer": "0", "blockage": "", "tunnel": "", "natural_cl": "", "water": "", "source": "", "adm0_pcode": "KEN", "adm0_name": "Kenya", "adm1_pcode": "KE047", "adm1_name": "Nairobi", "adm2_pcode": "KE047288", "adm2_name": "Kamukunji", "adm3_pcode": "", "adm3_name": "", "adm4_pcode": "", "adm4_name": "", "name_latin": "", "display_name": "", "osm_id": "way/1513510247", "model_source": "river.geojson", "inspection_area": "Mathare Valley" }, "geometry": { "type": "LineString", "coordinates": [ [ 36.8654789, -1.2612759, 0.0 ], [ 36.8654101, -1.2611333, 0.0 ] ] } },
{ "type": "Feature", "properties": { "id": "way/1513510248", "name": "", "name_en": "", "name_sw": "", "waterway": "drain", "covered": "", "width": "", "depth": "0.00000e+00", "layer": "-1", "blockage": "", "tunnel": "culvert", "natural_cl": "", "water": "", "source": "", "adm0_pcode": "KEN", "adm0_name": "Kenya", "adm1_pcode": "KE047", "adm1_name": "Nairobi", "adm2_pcode": "KE047288", "adm2_name": "Kamukunji", "adm3_pcode": "", "adm3_name": "", "adm4_pcode": "", "adm4_name": "", "name_latin": "", "display_name": "", "osm_id": "way/1513510248", "model_source": "river.geojson", "inspection_area": "Mathare Valley" }, "geometry": { "type": "LineString", "coordinates": [ [ 36.8654101, -1.2611333, 0.0 ], [ 36.865367, -1.261044, 0.0 ] ] } },
{ "type": "Feature", "properties": { "id": "way/107537669", "name": "", "name_en": "", "name_sw": "", "waterway": "drain", "covered": "", "width": "", "depth": "0.00000e+00", "layer": "0", "blockage": "", "tunnel": "", "natural_cl": "", "water": "", "source": "", "adm0_pcode": "KEN", "adm0_name": "Kenya", "adm1_pcode": "KE047", "adm1_name": "Nairobi", "adm2_pcode": "KE047288", "adm2_name": "Kamukunji", "adm3_pcode": "", "adm3_name": "", "adm4_pcode": "", "adm4_name": "", "name_latin": "", "display_name": "", "osm_id": "way/107537669", "model_source": "river.geojson", "inspection_area": "Mathare Valley" }, "geometry": { "type": "LineString", "coordinates": [ [ 36.865367, -1.261044, 0.0 ], [ 36.8650839, -1.260457, 0.0 ], [ 36.8648946, -1.2600885, 0.0 ], [ 36.8648827, -1.260061, 0.0 ], [ 36.8646359, -1.2595434, 0.0 ], [ 36.8640351, -1.2582834, 0.0 ] ] } },
{ "type": "Feature", "properties": { "id": "way/108429053", "name": "", "name_en": "", "name_sw": "", "waterway": "drain", "covered": "", "width": "", "depth": "0.00000e+00", "layer": "0", "blockage": "", "tunnel": "", "natural_cl": "", "water": "", "source": "", "adm0_pcode": "KEN", "adm0_name": "Kenya", "adm1_pcode": "KE047", "adm1_name": "Nairobi", "adm2_pcode": "KE047288", "adm2_name": "Kamukunji", "adm3_pcode": "", "adm3_name": "", "adm4_pcode": "", "adm4_name": "", "name_latin": "", "display_name": "", "osm_id": "way/108429053", "model_source": "river.geojson", "inspection_area": "Mathare Valley" }, "geometry": { "type": "LineString", "coordinates": [ [ 36.8623541, -1.2601124, 0.0 ], [ 36.8623692, -1.2602367, 0.0 ], [ 36.8623421, -1.2604402, 0.0 ], [ 36.8622328, -1.2604973, 0.0 ], [ 36.8621363, -1.2605608, 0.0 ] ] } },
{ "type": "Feature", "properties": { "id": "way/107537670", "name": "", "name_en": "", "name_sw": "", "waterway": "drain", "covered": "", "width": "", "depth": "0.00000e+00", "layer": "0", "blockage": "", "tunnel": "", "natural_cl": "", "water": "", "source": "", "adm0_pcode": "KEN", "adm0_name": "Kenya", "adm1_pcode": "KE047", "adm1_name": "Nairobi", "adm2_pcode": "KE047288", "adm2_name": "Kamukunji", "adm3_pcode": "", "adm3_name": "", "adm4_pcode": "", "adm4_name": "", "name_latin": "", "display_name": "", "osm_id": "way/107537670", "model_source": "river.geojson", "inspection_area": "Mathare Valley" }, "geometry": { "type": "LineString", "coordinates": [ [ 36.8636277, -1.2605903, 0.0 ], [ 36.8635094, -1.2606832, 0.0 ], [ 36.8633935, -1.2604705, 0.0 ], [ 36.8633231, -1.2602715, 0.0 ], [ 36.86320580000001, -1.2599305, 0.0 ], [ 36.8632441, -1.2598483, 0.0 ] ] } },
{ "type": "Feature", "properties": { "id": "way/108417652", "name": "", "name_en": "", "name_sw": "", "waterway": "drain", "covered": "", "width": "", "depth": "0.00000e+00", "layer": "0", "blockage": "", "tunnel": "", "natural_cl": "", "water": "", "source": "", "adm0_pcode": "KEN", "adm0_name": "Kenya", "adm1_pcode": "KE047", "adm1_name": "Nairobi", "adm2_pcode": "KE047288", "adm2_name": "Kamukunji", "adm3_pcode": "", "adm3_name": "", "adm4_pcode": "", "adm4_name": "", "name_latin": "", "display_name": "", "osm_id": "way/108417652", "model_source": "river.geojson", "inspection_area": "Mathare Valley" }, "geometry": { "type": "LineString", "coordinates": [ [ 36.862899, -1.2602395, 0.0 ], [ 36.8629907, -1.2602512, 0.0 ], [ 36.8628734, -1.2602812, 0.0 ] ] } },
{ "type": "Feature", "properties": { "id": "way/107537654", "name": "", "name_en": "", "name_sw": "", "waterway": "drain", "covered": "", "width": "", "depth": "0.00000e+00", "layer": "0", "blockage": "", "tunnel": "", "natural_cl": "", "water": "", "source": "", "adm0_pcode": "KEN", "adm0_name": "Kenya", "adm1_pcode": "KE047", "adm1_name": "Nairobi", "adm2_pcode": "KE047288", "adm2_name": "Kamukunji", "adm3_pcode": "", "adm3_name": "", "adm4_pcode": "", "adm4_name": "", "name_latin": "", "display_name": "", "osm_id": "way/107537654", "model_source": "river.geojson", "inspection_area": "Mathare Valley" }, "geometry": { "type": "LineString", "coordinates": [ [ 36.8635054, -1.2601398, 0.0 ], [ 36.86337, -1.2601767, 0.0 ] ] } },
{ "type": "Feature", "properties": { "id": "way/108429054", "name": "", "name_en": "", "name_sw": "", "waterway": "drain", "covered": "", "width": "", "depth": "0.00000e+00", "layer": "0", "blockage": "", "tunnel": "", "natural_cl": "", "water": "", "source": "", "adm0_pcode": "KEN", "adm0_name": "Kenya", "adm1_pcode": "KE047", "adm1_name": "Nairobi", "adm2_pcode": "KE047288", "adm2_name": "Kamukunji", "adm3_pcode": "", "adm3_name": "", "adm4_pcode": "", "adm4_name": "", "name_latin": "", "display_name": "", "osm_id": "way/108429054", "model_source": "river.geojson", "inspection_area": "Mathare Valley" }, "geometry": { "type": "LineString", "coordinates": [ [ 36.8621517, -1.2600458, 0.0 ], [ 36.8621912, -1.2600906, 0.0 ], [ 36.8621434, -1.2601769, 0.0 ] ] } },
{ "type": "Feature", "properties": { "id": "way/995298787", "name": "", "name_en": "", "name_sw": "", "waterway": "drain", "covered": "", "width": "", "depth": "0.00000e+00", "layer": "0", "blockage": "", "tunnel": "", "natural_cl": "", "water": "", "source": "", "adm0_pcode": "KEN", "adm0_name": "Kenya", "adm1_pcode": "KE047", "adm1_name": "Nairobi", "adm2_pcode": "KE047288", "adm2_name": "Kamukunji", "adm3_pcode": "", "adm3_name": "", "adm4_pcode": "", "adm4_name": "", "name_latin": "", "display_name": "", "osm_id": "way/995298787", "model_source": "river.geojson", "inspection_area": "Mathare Valley" }, "geometry": { "type": "LineString", "coordinates": [ [ 36.8635054, -1.2601398, 0.0 ], [ 36.8635315, -1.2600324, 0.0 ] ] } },
{ "type": "Feature", "properties": { "id": "way/107537655", "name": "", "name_en": "", "name_sw": "", "waterway": "drain", "covered": "", "width": "", "depth": "0.00000e+00", "layer": "0", "blockage": "", "tunnel": "", "natural_cl": "", "water": "", "source": "", "adm0_pcode": "KEN", "adm0_name": "Kenya", "adm1_pcode": "KE047", "adm1_name": "Nairobi", "adm2_pcode": "KE047288", "adm2_name": "Kamukunji", "adm3_pcode": "", "adm3_name": "", "adm4_pcode": "", "adm4_name": "", "name_latin": "", "display_name": "", "osm_id": "way/107537655", "model_source": "river.geojson", "inspection_area": "Mathare Valley" }, "geometry": { "type": "LineString", "coordinates": [ [ 36.8635375, -1.2605601, 0.0 ], [ 36.8634886, -1.2604824, 0.0 ], [ 36.86337, -1.2601767, 0.0 ], [ 36.863304, -1.2600487, 0.0 ], [ 36.8632913, -1.2599565, 0.0 ], [ 36.8632605, -1.2598836, 0.0 ], [ 36.8632441, -1.2598483, 0.0 ], [ 36.8632305, -1.2598312, 0.0 ], [ 36.863197, -1.2597891, 0.0 ], [ 36.8631028, -1.259695, 0.0 ], [ 36.8630527, -1.2596044, 0.0 ], [ 36.8630375, -1.2595769, 0.0 ] ] } },
{ "type": "Feature", "properties": { "id": "way/108418877", "name": "", "name_en": "", "name_sw": "", "waterway": "drain", "covered": "", "width": "", "depth": "0.00000e+00", "layer": "0", "blockage": "", "tunnel": "", "natural_cl": "", "water": "", "source": "", "adm0_pcode": "KEN", "adm0_name": "Kenya", "adm1_pcode": "KE047", "adm1_name": "Nairobi", "adm2_pcode": "KE047288", "adm2_name": "Kamukunji", "adm3_pcode": "", "adm3_name": "", "adm4_pcode": "", "adm4_name": "", "name_latin": "", "display_name": "", "osm_id": "way/108418877", "model_source": "river.geojson", "inspection_area": "Mathare Valley" }, "geometry": { "type": "LineString", "coordinates": [ [ 36.8631157, -1.2600735, 0.0 ], [ 36.8631398, -1.259841, 0.0 ] ] } },
{ "type": "Feature", "properties": { "id": "way/108422032", "name": "", "name_en": "", "name_sw": "", "waterway": "drain", "covered": "", "width": "", "depth": "0.00000e+00", "layer": "0", "blockage": "", "tunnel": "", "natural_cl": "", "water": "", "source": "", "adm0_pcode": "KEN", "adm0_name": "Kenya", "adm1_pcode": "KE047", "adm1_name": "Nairobi", "adm2_pcode": "KE047288", "adm2_name": "Kamukunji", "adm3_pcode": "", "adm3_name": "", "adm4_pcode": "", "adm4_name": "", "name_latin": "", "display_name": "", "osm_id": "way/108422032", "model_source": "river.geojson", "inspection_area": "Mathare Valley" }, "geometry": { "type": "LineString", "coordinates": [ [ 36.8627951, -1.2598768, 0.0 ], [ 36.8627545, -1.2598833, 0.0 ] ] } },
{ "type": "Feature", "properties": { "id": "way/108428349", "name": "", "name_en": "", "name_sw": "", "waterway": "drain", "covered": "", "width": "", "depth": "0.00000e+00", "layer": "0", "blockage": "", "tunnel": "", "natural_cl": "", "water": "", "source": "", "adm0_pcode": "KEN", "adm0_name": "Kenya", "adm1_pcode": "KE047", "adm1_name": "Nairobi", "adm2_pcode": "KE047288", "adm2_name": "Kamukunji", "adm3_pcode": "", "adm3_name": "", "adm4_pcode": "", "adm4_name": "", "name_latin": "", "display_name": "", "osm_id": "way/108428349", "model_source": "river.geojson", "inspection_area": "Mathare Valley" }, "geometry": { "type": "LineString", "coordinates": [ [ 36.8623671, -1.2597628, 0.0 ], [ 36.8624004, -1.2598185, 0.0 ], [ 36.8620299, -1.2599376, 0.0 ], [ 36.8618929, -1.2599873, 0.0 ] ] } },
{ "type": "Feature", "properties": { "id": "way/108425884", "name": "", "name_en": "", "name_sw": "", "waterway": "drain", "covered": "", "width": "", "depth": "0.00000e+00", "layer": "0", "blockage": "", "tunnel": "", "natural_cl": "", "water": "", "source": "", "adm0_pcode": "KEN", "adm0_name": "Kenya", "adm1_pcode": "KE047", "adm1_name": "Nairobi", "adm2_pcode": "KE047288", "adm2_name": "Kamukunji", "adm3_pcode": "", "adm3_name": "", "adm4_pcode": "", "adm4_name": "", "name_latin": "", "display_name": "", "osm_id": "way/108425884", "model_source": "river.geojson", "inspection_area": "Mathare Valley" }, "geometry": { "type": "LineString", "coordinates": [ [ 36.862758, -1.2599654, 0.0 ], [ 36.8627384, -1.2599307, 0.0 ], [ 36.8627545, -1.2598833, 0.0 ], [ 36.8627474, -1.2598395, 0.0 ], [ 36.8628318, -1.2597765, 0.0 ] ] } },
{ "type": "Feature", "properties": { "id": "way/107537657", "name": "", "name_en": "", "name_sw": "", "waterway": "drain", "covered": "", "width": "", "depth": "0.00000e+00", "layer": "0", "blockage": "", "tunnel": "", "natural_cl": "", "water": "", "source": "", "adm0_pcode": "KEN", "adm0_name": "Kenya", "adm1_pcode": "KE047", "adm1_name": "Nairobi", "adm2_pcode": "KE047288", "adm2_name": "Kamukunji", "adm3_pcode": "", "adm3_name": "", "adm4_pcode": "", "adm4_name": "", "name_latin": "", "display_name": "", "osm_id": "way/107537657", "model_source": "river.geojson", "inspection_area": "Mathare Valley" }, "geometry": { "type": "LineString", "coordinates": [ [ 36.8637985, -1.2597817, 0.0 ], [ 36.8637004, -1.2598179, 0.0 ], [ 36.863576, -1.2598659, 0.0 ] ] } },
{ "type": "Feature", "properties": { "id": "way/108428348", "name": "", "name_en": "", "name_sw": "", "waterway": "drain", "covered": "", "width": "", "depth": "0.00000e+00", "layer": "0", "blockage": "", "tunnel": "", "natural_cl": "", "water": "", "source": "", "adm0_pcode": "KEN", "adm0_name": "Kenya", "adm1_pcode": "KE047", "adm1_name": "Nairobi", "adm2_pcode": "KE047288", "adm2_name": "Kamukunji", "adm3_pcode": "", "adm3_name": "", "adm4_pcode": "", "adm4_name": "", "name_latin": "", "display_name": "", "osm_id": "way/108428348", "model_source": "river.geojson", "inspection_area": "Mathare Valley" }, "geometry": { "type": "LineString", "coordinates": [ [ 36.8625602, -1.2598081, 0.0 ], [ 36.8624004, -1.2598185, 0.0 ] ] } },
{ "type": "Feature", "properties": { "id": "way/108430319", "name": "", "name_en": "", "name_sw": "", "waterway": "drain", "covered": "", "width": "", "depth": "0.00000e+00", "layer": "0", "blockage": "", "tunnel": "", "natural_cl": "", "water": "", "source": "", "adm0_pcode": "KEN", "adm0_name": "Kenya", "adm1_pcode": "KE047", "adm1_name": "Nairobi", "adm2_pcode": "KE047288", "adm2_name": "Kamukunji", "adm3_pcode": "", "adm3_name": "", "adm4_pcode": "", "adm4_name": "", "name_latin": "", "display_name": "", "osm_id": "way/108430319", "model_source": "river.geojson", "inspection_area": "Mathare Valley" }, "geometry": { "type": "LineString", "coordinates": [ [ 36.8621394, -1.2598141, 0.0 ], [ 36.862072, -1.2598293, 0.0 ], [ 36.8620445, -1.2597871, 0.0 ] ] } },
{ "type": "Feature", "properties": { "id": "way/107537672", "name": "", "name_en": "", "name_sw": "", "waterway": "drain", "covered": "", "width": "", "depth": "0.00000e+00", "layer": "0", "blockage": "", "tunnel": "", "natural_cl": "", "water": "", "source": "", "adm0_pcode": "KEN", "adm0_name": "Kenya", "adm1_pcode": "KE047", "adm1_name": "Nairobi", "adm2_pcode": "KE047288", "adm2_name": "Kamukunji", "adm3_pcode": "", "adm3_name": "", "adm4_pcode": "", "adm4_name": "", "name_latin": "", "display_name": "", "osm_id": "way/107537672", "model_source": "river.geojson", "inspection_area": "Mathare Valley" }, "geometry": { "type": "LineString", "coordinates": [ [ 36.8640067, -1.2598287, 0.0 ], [ 36.8639829, -1.2597813, 0.0 ], [ 36.8639409, -1.2597612, 0.0 ] ] } },
{ "type": "Feature", "properties": { "id": "way/108421192", "name": "", "name_en": "", "name_sw": "", "waterway": "drain", "covered": "", "width": "", "depth": "0.00000e+00", "layer": "0", "blockage": "", "tunnel": "", "natural_cl": "", "water": "", "source": "", "adm0_pcode": "KEN", "adm0_name": "Kenya", "adm1_pcode": "KE047", "adm1_name": "Nairobi", "adm2_pcode": "KE047288", "adm2_name": "Kamukunji", "adm3_pcode": "", "adm3_name": "", "adm4_pcode": "", "adm4_name": "", "name_latin": "", "display_name": "", "osm_id": "way/108421192", "model_source": "river.geojson", "inspection_area": "Mathare Valley" }, "geometry": { "type": "LineString", "coordinates": [ [ 36.8632734, -1.2597571, 0.0 ], [ 36.8632305, -1.2598312, 0.0 ] ] } },
{ "type": "Feature", "properties": { "id": "way/108430320", "name": "", "name_en": "", "name_sw": "", "waterway": "drain", "covered": "", "width": "", "depth": "0.00000e+00", "layer": "0", "blockage": "", "tunnel": "", "natural_cl": "", "water": "", "source": "", "adm0_pcode": "KEN", "adm0_name": "Kenya", "adm1_pcode": "KE047", "adm1_name": "Nairobi", "adm2_pcode": "KE047288", "adm2_name": "Kamukunji", "adm3_pcode": "", "adm3_name": "", "adm4_pcode": "", "adm4_name": "", "name_latin": "", "display_name": "", "osm_id": "way/108430320", "model_source": "river.geojson", "inspection_area": "Mathare Valley" }, "geometry": { "type": "LineString", "coordinates": [ [ 36.8623886, -1.2597186, 0.0 ], [ 36.8622986, -1.2596718, 0.0 ], [ 36.8620445, -1.2597871, 0.0 ] ] } },
{ "type": "Feature", "properties": { "id": "way/107537667", "name": "", "name_en": "", "name_sw": "", "waterway": "drain", "covered": "", "width": "", "depth": "0.00000e+00", "layer": "0", "blockage": "", "tunnel": "", "natural_cl": "", "water": "", "source": "", "adm0_pcode": "KEN", "adm0_name": "Kenya", "adm1_pcode": "KE047", "adm1_name": "Nairobi", "adm2_pcode": "KE047288", "adm2_name": "Kamukunji", "adm3_pcode": "", "adm3_name": "", "adm4_pcode": "", "adm4_name": "", "name_latin": "", "display_name": "", "osm_id": "way/107537667", "model_source": "river.geojson", "inspection_area": "Mathare Valley" }, "geometry": { "type": "LineString", "coordinates": [ [ 36.8632441, -1.2598483, 0.0 ], [ 36.8633753, -1.2597627, 0.0 ], [ 36.8634512, -1.2597014, 0.0 ], [ 36.8634975, -1.259594, 0.0 ] ] } },
{ "type": "Feature", "properties": { "id": "way/107537675", "name": "", "name_en": "", "name_sw": "", "waterway": "drain", "covered": "", "width": "", "depth": "0.00000e+00", "layer": "0", "blockage": "", "tunnel": "", "natural_cl": "", "water": "", "source": "", "adm0_pcode": "KEN", "adm0_name": "Kenya", "adm1_pcode": "KE047", "adm1_name": "Nairobi", "adm2_pcode": "KE047288", "adm2_name": "Kamukunji", "adm3_pcode": "", "adm3_name": "", "adm4_pcode": "", "adm4_name": "", "name_latin": "", "display_name": "", "osm_id": "way/107537675", "model_source": "river.geojson", "inspection_area": "Mathare Valley" }, "geometry": { "type": "LineString", "coordinates": [ [ 36.862953, -1.2604806, 0.0 ], [ 36.862894, -1.2603552, 0.0 ], [ 36.8628763, -1.2602915, 0.0 ], [ 36.8628734, -1.2602812, 0.0 ], [ 36.8628394, -1.2601591, 0.0 ], [ 36.8628318, -1.2597765, 0.0 ], [ 36.8629859, -1.259695, 0.0 ], [ 36.8630375, -1.2595769, 0.0 ], [ 36.8630231, -1.2595411, 0.0 ], [ 36.8630147, -1.2595103, 0.0 ], [ 36.8629822, -1.2594206, 0.0 ], [ 36.8628844, -1.2593146, 0.0 ], [ 36.8627016, -1.2591164, 0.0 ], [ 36.8625536, -1.2589382, 0.0 ] ] } },
{ "type": "Feature", "properties": { "id": "way/108430581", "name": "", "name_en": "", "name_sw": "", "waterway": "drain", "covered": "", "width": "", "depth": "0.00000e+00", "layer": "0", "blockage": "", "tunnel": "", "natural_cl": "", "water": "", "source": "", "adm0_pcode": "KEN", "adm0_name": "Kenya", "adm1_pcode": "KE047", "adm1_name": "Nairobi", "adm2_pcode": "KE047288", "adm2_name": "Kamukunji", "adm3_pcode": "", "adm3_name": "", "adm4_pcode": "", "adm4_name": "", "name_latin": "", "display_name": "", "osm_id": "way/108430581", "model_source": "river.geojson", "inspection_area": "Mathare Valley" }, "geometry": { "type": "LineString", "coordinates": [ [ 36.8623445, -1.2595962, 0.0 ], [ 36.8620722, -1.2596525, 0.0 ], [ 36.8620264, -1.2595761, 0.0 ] ] } },
{ "type": "Feature", "properties": { "id": "way/108428350", "name": "", "name_en": "", "name_sw": "", "waterway": "drain", "covered": "", "width": "", "depth": "0.00000e+00", "layer": "0", "blockage": "", "tunnel": "", "natural_cl": "", "water": "", "source": "", "adm0_pcode": "KEN", "adm0_name": "Kenya", "adm1_pcode": "KE047", "adm1_name": "Nairobi", "adm2_pcode": "KE047288", "adm2_name": "Kamukunji", "adm3_pcode": "", "adm3_name": "", "adm4_pcode": "", "adm4_name": "", "name_latin": "", "display_name": "", "osm_id": "way/108428350", "model_source": "river.geojson", "inspection_area": "Mathare Valley" }, "geometry": { "type": "LineString", "coordinates": [ [ 36.8631036, -1.2595617, 0.0 ], [ 36.8630866, -1.2595852, 0.0 ], [ 36.8630527, -1.2596044, 0.0 ] ] } },
{ "type": "Feature", "properties": { "id": "way/108430580", "name": "", "name_en": "", "name_sw": "", "waterway": "drain", "covered": "", "width": "", "depth": "0.00000e+00", "layer": "0", "blockage": "", "tunnel": "", "natural_cl": "", "water": "", "source": "", "adm0_pcode": "KEN", "adm0_name": "Kenya", "adm1_pcode": "KE047", "adm1_name": "Nairobi", "adm2_pcode": "KE047288", "adm2_name": "Kamukunji", "adm3_pcode": "", "adm3_name": "", "adm4_pcode": "", "adm4_name": "", "name_latin": "", "display_name": "", "osm_id": "way/108430580", "model_source": "river.geojson", "inspection_area": "Mathare Valley" }, "geometry": { "type": "LineString", "coordinates": [ [ 36.8623955, -1.2595304, 0.0 ], [ 36.8623747, -1.259505, 0.0 ], [ 36.8622908, -1.2595096, 0.0 ], [ 36.8622271, -1.2595479, 0.0 ], [ 36.862117, -1.2595673, 0.0 ], [ 36.8620264, -1.2595761, 0.0 ], [ 36.861941, -1.25951, 0.0 ] ] } },
{ "type": "Feature", "properties": { "id": "way/108430673", "name": "", "name_en": "", "name_sw": "", "waterway": "drain", "covered": "", "width": "", "depth": "0.00000e+00", "layer": "0", "blockage": "", "tunnel": "", "natural_cl": "", "water": "", "source": "", "adm0_pcode": "KEN", "adm0_name": "Kenya", "adm1_pcode": "KE047", "adm1_name": "Nairobi", "adm2_pcode": "KE047288", "adm2_name": "Kamukunji", "adm3_pcode": "", "adm3_name": "", "adm4_pcode": "", "adm4_name": "", "name_latin": "", "display_name": "", "osm_id": "way/108430673", "model_source": "river.geojson", "inspection_area": "Mathare Valley" }, "geometry": { "type": "LineString", "coordinates": [ [ 36.8631954, -1.2594573, 0.0 ], [ 36.8630867, -1.259307, 0.0 ], [ 36.8630109, -1.2592849, 0.0 ], [ 36.8628955, -1.2593111, 0.0 ], [ 36.8628844, -1.2593146, 0.0 ] ] } },
{ "type": "Feature", "properties": { "id": "way/107537673", "name": "", "name_en": "", "name_sw": "", "waterway": "drain", "covered": "", "width": "", "depth": "0.00000e+00", "layer": "0", "blockage": "", "tunnel": "", "natural_cl": "", "water": "", "source": "", "adm0_pcode": "KEN", "adm0_name": "Kenya", "adm1_pcode": "KE047", "adm1_name": "Nairobi", "adm2_pcode": "KE047288", "adm2_name": "Kamukunji", "adm3_pcode": "", "adm3_name": "", "adm4_pcode": "", "adm4_name": "", "name_latin": "", "display_name": "", "osm_id": "way/107537673", "model_source": "river.geojson", "inspection_area": "Mathare Valley" }, "geometry": { "type": "LineString", "coordinates": [ [ 36.8635315, -1.2600324, 0.0 ], [ 36.863576, -1.2598659, 0.0 ], [ 36.8635363, -1.2597586, 0.0 ], [ 36.863517, -1.259637, 0.0 ], [ 36.8634975, -1.259594, 0.0 ], [ 36.8634546, -1.259497, 0.0 ], [ 36.863333, -1.2592091, 0.0 ], [ 36.8633046, -1.259137, 0.0 ], [ 36.8632375, -1.2589605, 0.0 ], [ 36.8630733, -1.2586441, 0.0 ] ] } },
{ "type": "Feature", "properties": { "id": "way/108433193", "name": "", "name_en": "", "name_sw": "", "waterway": "drain", "covered": "", "width": "", "depth": "0.00000e+00", "layer": "0", "blockage": "", "tunnel": "", "natural_cl": "", "water": "", "source": "", "adm0_pcode": "KEN", "adm0_name": "Kenya", "adm1_pcode": "KE047", "adm1_name": "Nairobi", "adm2_pcode": "KE047288", "adm2_name": "Kamukunji", "adm3_pcode": "", "adm3_name": "", "adm4_pcode": "", "adm4_name": "", "name_latin": "", "display_name": "", "osm_id": "way/108433193", "model_source": "river.geojson", "inspection_area": "Mathare Valley" }, "geometry": { "type": "LineString", "coordinates": [ [ 36.8625971, -1.2594752, 0.0 ], [ 36.8621623, -1.2591106, 0.0 ] ] } },
{ "type": "Feature", "properties": { "id": "way/108433196", "name": "", "name_en": "", "name_sw": "", "waterway": "drain", "covered": "", "width": "", "depth": "0.00000e+00", "layer": "0", "blockage": "", "tunnel": "", "natural_cl": "", "water": "", "source": "", "adm0_pcode": "KEN", "adm0_name": "Kenya", "adm1_pcode": "KE047", "adm1_name": "Nairobi", "adm2_pcode": "KE047288", "adm2_name": "Kamukunji", "adm3_pcode": "", "adm3_name": "", "adm4_pcode": "", "adm4_name": "", "name_latin": "", "display_name": "", "osm_id": "way/108433196", "model_source": "river.geojson", "inspection_area": "Mathare Valley" }, "geometry": { "type": "LineString", "coordinates": [ [ 36.8626618, -1.2594249, 0.0 ], [ 36.8622493, -1.2590271, 0.0 ] ] } },
{ "type": "Feature", "properties": { "id": "way/108433195", "name": "", "name_en": "", "name_sw": "", "waterway": "drain", "covered": "", "width": "", "depth": "0.00000e+00", "layer": "0", "blockage": "", "tunnel": "", "natural_cl": "", "water": "", "source": "", "adm0_pcode": "KEN", "adm0_name": "Kenya", "adm1_pcode": "KE047", "adm1_name": "Nairobi", "adm2_pcode": "KE047288", "adm2_name": "Kamukunji", "adm3_pcode": "", "adm3_name": "", "adm4_pcode": "", "adm4_name": "", "name_latin": "", "display_name": "", "osm_id": "way/108433195", "model_source": "river.geojson", "inspection_area": "Mathare Valley" }, "geometry": { "type": "LineString", "coordinates": [ [ 36.8627121, -1.2593704, 0.0 ], [ 36.8623311, -1.2590163, 0.0 ] ] } },
{ "type": "Feature", "properties": { "id": "way/108435235", "name": "", "name_en": "", "name_sw": "", "waterway": "drain", "covered": "", "width": "", "depth": "0.00000e+00", "layer": "0", "blockage": "", "tunnel": "", "natural_cl": "", "water": "", "source": "", "adm0_pcode": "KEN", "adm0_name": "Kenya", "adm1_pcode": "KE047", "adm1_name": "Nairobi", "adm2_pcode": "KE047288", "adm2_name": "Kamukunji", "adm3_pcode": "", "adm3_name": "", "adm4_pcode": "", "adm4_name": "", "name_latin": "", "display_name": "", "osm_id": "way/108435235", "model_source": "river.geojson", "inspection_area": "Mathare Valley" }, "geometry": { "type": "LineString", "coordinates": [ [ 36.8636792, -1.259742, 0.0 ], [ 36.8636076, -1.2595867, 0.0 ], [ 36.8635511, -1.2594611, 0.0 ], [ 36.8634907, -1.2593193, 0.0 ], [ 36.8634411, -1.2591825, 0.0 ], [ 36.8634005, -1.2591081, 0.0 ], [ 36.8633656, -1.2589561, 0.0 ], [ 36.8631981, -1.2585873, 0.0 ] ] } },
{ "type": "Feature", "properties": { "id": "way/108435237", "name": "", "name_en": "", "name_sw": "", "waterway": "drain", "covered": "", "width": "", "depth": "0.00000e+00", "layer": "0", "blockage": "", "tunnel": "", "natural_cl": "", "water": "", "source": "", "adm0_pcode": "KEN", "adm0_name": "Kenya", "adm1_pcode": "KE047", "adm1_name": "Nairobi", "adm2_pcode": "KE047288", "adm2_name": "Kamukunji", "adm3_pcode": "", "adm3_name": "", "adm4_pcode": "", "adm4_name": "", "name_latin": "", "display_name": "", "osm_id": "way/108435237", "model_source": "river.geojson", "inspection_area": "Mathare Valley" }, "geometry": { "type": "LineString", "coordinates": [ [ 36.8637513, -1.2597075, 0.0 ], [ 36.8636826, -1.2595565, 0.0 ], [ 36.8636283, -1.2594311, 0.0 ], [ 36.8635595, -1.2592889, 0.0 ], [ 36.8635019, -1.2591672, 0.0 ], [ 36.8634713, -1.2590869, 0.0 ], [ 36.8632613, -1.258562, 0.0 ] ] } },
{ "type": "Feature", "properties": { "id": "way/108435236", "name": "", "name_en": "", "name_sw": "", "waterway": "drain", "covered": "", "width": "", "depth": "0.00000e+00", "layer": "0", "blockage": "", "tunnel": "", "natural_cl": "", "water": "", "source": "", "adm0_pcode": "KEN", "adm0_name": "Kenya", "adm1_pcode": "KE047", "adm1_name": "Nairobi", "adm2_pcode": "KE047288", "adm2_name": "Kamukunji", "adm3_pcode": "", "adm3_name": "", "adm4_pcode": "", "adm4_name": "", "name_latin": "", "display_name": "", "osm_id": "way/108435236", "model_source": "river.geojson", "inspection_area": "Mathare Valley" }, "geometry": { "type": "LineString", "coordinates": [ [ 36.8638244, -1.2596805, 0.0 ], [ 36.8637558, -1.2595287, 0.0 ], [ 36.8636976, -1.2593993, 0.0 ], [ 36.863631, -1.2592573, 0.0 ], [ 36.8635433, -1.2590819, 0.0 ], [ 36.8633149, -1.2585405, 0.0 ] ] } },
{ "type": "Feature", "properties": { "id": "way/108420179", "name": "", "name_en": "", "name_sw": "", "waterway": "drain", "covered": "", "width": "", "depth": "0.00000e+00", "layer": "0", "blockage": "", "tunnel": "", "natural_cl": "", "water": "", "source": "", "adm0_pcode": "KEN", "adm0_name": "Kenya", "adm1_pcode": "KE047", "adm1_name": "Nairobi", "adm2_pcode": "KE047288", "adm2_name": "Kamukunji", "adm3_pcode": "", "adm3_name": "", "adm4_pcode": "", "adm4_name": "", "name_latin": "", "display_name": "", "osm_id": "way/108420179", "model_source": "river.geojson", "inspection_area": "Mathare Valley" }, "geometry": { "type": "LineString", "coordinates": [ [ 36.86056, -1.2617318, 0.0 ], [ 36.8605634, -1.2616818, 0.0 ] ] } },
{ "type": "Feature", "properties": { "id": "way/108420163", "name": "", "name_en": "", "name_sw": "", "waterway": "drain", "covered": "", "width": "", "depth": "0.00000e+00", "layer": "0", "blockage": "", "tunnel": "", "natural_cl": "", "water": "", "source": "", "adm0_pcode": "KEN", "adm0_name": "Kenya", "adm1_pcode": "KE047", "adm1_name": "Nairobi", "adm2_pcode": "KE047288", "adm2_name": "Kamukunji", "adm3_pcode": "", "adm3_name": "", "adm4_pcode": "", "adm4_name": "", "name_latin": "", "display_name": "", "osm_id": "way/108420163", "model_source": "river.geojson", "inspection_area": "Mathare Valley" }, "geometry": { "type": "LineString", "coordinates": [ [ 36.861231, -1.2617131, 0.0 ], [ 36.861176, -1.2616616, 0.0 ], [ 36.8610935, -1.2616873, 0.0 ], [ 36.861023, -1.2617142, 0.0 ], [ 36.8609784, -1.2616513, 0.0 ], [ 36.8608942, -1.2616564, 0.0 ] ] } },
{ "type": "Feature", "properties": { "id": "way/1416834407", "name": "", "name_en": "", "name_sw": "", "waterway": "stream", "covered": "", "width": "", "depth": "0.00000e+00", "layer": "0", "blockage": "", "tunnel": "", "natural_cl": "", "water": "", "source": "", "adm0_pcode": "KEN", "adm0_name": "Kenya", "adm1_pcode": "KE047", "adm1_name": "Nairobi", "adm2_pcode": "KE047279", "adm2_name": "Roysambu", "adm3_pcode": "", "adm3_name": "", "adm4_pcode": "", "adm4_name": "", "name_latin": "", "display_name": "", "osm_id": "way/1416834407", "model_source": "river.geojson", "inspection_area": "Mathare Valley" }, "geometry": { "type": "LineString", "coordinates": [ [ 36.848387039189177, -1.257058971217713, 0.0 ], [ 36.8484177, -1.2570828, 0.0 ], [ 36.8485178, -1.2571829, 0.0 ], [ 36.8485786, -1.2572151, 0.0 ], [ 36.8487145, -1.2572008, 0.0 ], [ 36.8487932, -1.2572365, 0.0 ], [ 36.8488576, -1.2573295, 0.0 ], [ 36.8488933, -1.2573903, 0.0 ], [ 36.8491186, -1.2574653, 0.0 ], [ 36.8493725, -1.2575619, 0.0 ], [ 36.84963, -1.257662, 0.0 ], [ 36.8500234, -1.2576477, 0.0 ], [ 36.8504883, -1.2576513, 0.0 ], [ 36.8508889, -1.2576727, 0.0 ], [ 36.8510462, -1.2577299, 0.0 ], [ 36.8510552, -1.2577978, 0.0 ], [ 36.8510733, -1.2584817, 0.0 ], [ 36.8510892, -1.2585719, 0.0 ], [ 36.8513037, -1.2586345, 0.0 ], [ 36.8517687, -1.2587596, 0.0 ], [ 36.8518581, -1.2588383, 0.0 ], [ 36.8520047, -1.2588919, 0.0 ], [ 36.8521692, -1.2589313, 0.0 ], [ 36.8522371, -1.2589456, 0.0 ], [ 36.8523051, -1.2589742, 0.0 ], [ 36.8523659, -1.2590242, 0.0 ], [ 36.852416, -1.2591386, 0.0 ], [ 36.8524768, -1.2592209, 0.0 ], [ 36.8525376, -1.2592816, 0.0 ], [ 36.8527128, -1.2594747, 0.0 ], [ 36.85277, -1.2595078, 0.0 ], [ 36.8528147, -1.2594989, 0.0 ], [ 36.8528898, -1.2595185, 0.0 ], [ 36.852981, -1.2595185, 0.0 ], [ 36.8530651, -1.2595489, 0.0 ], [ 36.8531419, -1.2595811, 0.0 ], [ 36.8532618, -1.2595775, 0.0 ], [ 36.8533762, -1.2595418, 0.0 ], [ 36.8534692, -1.2595632, 0.0 ], [ 36.8535443, -1.2595757, 0.0 ], [ 36.8535997, -1.2595936, 0.0 ], [ 36.8536355, -1.2596168, 0.0 ], [ 36.8536873, -1.2596776, 0.0 ], [ 36.8537302, -1.2597652, 0.0 ], [ 36.8538071, -1.2598457, 0.0 ], [ 36.85385, -1.2598832, 0.0 ], [ 36.8539091, -1.2599654, 0.0 ], [ 36.8539681, -1.2600316, 0.0 ], [ 36.8540253, -1.2600834, 0.0 ], [ 36.8540879, -1.2601281, 0.0 ], [ 36.8541558, -1.2601818, 0.0 ], [ 36.8542917, -1.2603069, 0.0 ], [ 36.8543722, -1.2603498, 0.0 ], [ 36.8544491, -1.2604052, 0.0 ], [ 36.854467, -1.260441, 0.0 ], [ 36.8545689, -1.2605232, 0.0 ], [ 36.8547227, -1.2606716, 0.0 ], [ 36.8547852, -1.2607288, 0.0 ], [ 36.8548121, -1.2607771, 0.0 ], [ 36.8548572, -1.2608562, 0.0 ], [ 36.8548997, -1.2609308, 0.0 ], [ 36.854973, -1.2610291, 0.0 ], [ 36.8550874, -1.2611525, 0.0 ], [ 36.8551304, -1.2612133, 0.0 ], [ 36.855252, -1.2613497, 0.0 ] ] } },
{ "type": "Feature", "properties": { "id": "way/112470648", "name": "Mathare River", "name_en": "", "name_sw": "", "waterway": "stream", "covered": "", "width": "", "depth": "0.00000e+00", "layer": "0", "blockage": "", "tunnel": "", "natural_cl": "", "water": "", "source": "", "adm0_pcode": "KEN", "adm0_name": "Kenya", "adm1_pcode": "KE047", "adm1_name": "Nairobi", "adm2_pcode": "KE047288", "adm2_name": "Kamukunji", "adm3_pcode": "", "adm3_name": "", "adm4_pcode": "", "adm4_name": "", "name_latin": "Mathare River", "display_name": "Mathare River", "osm_id": "way/112470648", "model_source": "river.geojson", "inspection_area": "Mathare Valley" }, "geometry": { "type": "LineString", "coordinates": [ [ 36.849849715250038, -1.263983253586939, 0.0 ], [ 36.8499274, -1.2639702, 0.0 ], [ 36.850057, -1.2638874, 0.0 ], [ 36.8502287, -1.2638531, 0.0 ], [ 36.8503067, -1.263803, 0.0 ], [ 36.8503489, -1.2637758, 0.0 ], [ 36.8504202, -1.2636714, 0.0 ], [ 36.8503918, -1.2635785, 0.0 ], [ 36.8505291, -1.2634583, 0.0 ], [ 36.8506664, -1.2634583, 0.0 ], [ 36.8508209, -1.2635442, 0.0 ], [ 36.8508854, -1.2635878, 0.0 ], [ 36.8509514, -1.2636295, 0.0 ], [ 36.8510924, -1.2637382, 0.0 ], [ 36.8511721, -1.2637641, 0.0 ], [ 36.8512419, -1.2638018, 0.0 ], [ 36.8514231, -1.2638799, 0.0 ], [ 36.8515775, -1.2639407, 0.0 ], [ 36.851724, -1.2640111, 0.0 ], [ 36.8518739, -1.2641689, 0.0 ], [ 36.8519492, -1.26424, 0.0 ], [ 36.8520278, -1.2642264, 0.0 ], [ 36.852123, -1.264165, 0.0 ], [ 36.852262, -1.2641071, 0.0 ], [ 36.8523543, -1.2639797, 0.0 ], [ 36.8524762, -1.2638308, 0.0 ], [ 36.8525633, -1.2637501, 0.0 ], [ 36.852729, -1.2637463, 0.0 ], [ 36.8528993, -1.2637515, 0.0 ], [ 36.853001, -1.2637038, 0.0 ], [ 36.8531667, -1.263648, 0.0 ], [ 36.8533105, -1.2636194, 0.0 ], [ 36.8534226, -1.263618, 0.0 ], [ 36.8535739, -1.2636542, 0.0 ], [ 36.8538005, -1.2637489, 0.0 ], [ 36.8539763, -1.263771, 0.0 ], [ 36.8540859, -1.2637889, 0.0 ], [ 36.8541979, -1.2638203, 0.0 ], [ 36.8543361, -1.2638523, 0.0 ], [ 36.8544727, -1.2638769, 0.0 ], [ 36.854673, -1.2639068, 0.0 ], [ 36.854843, -1.263894, 0.0 ], [ 36.8550524, -1.2638617, 0.0 ], [ 36.8552155, -1.2638617, 0.0 ], [ 36.8557305, -1.2640504, 0.0 ], [ 36.8558935, -1.2641191, 0.0 ], [ 36.8560824, -1.2640848, 0.0 ], [ 36.8563055, -1.2639989, 0.0 ], [ 36.8565458, -1.2639732, 0.0 ], [ 36.8567518, -1.2640333, 0.0 ], [ 36.8570351, -1.2641191, 0.0 ], [ 36.8572153, -1.2641448, 0.0 ], [ 36.857387, -1.2642306, 0.0 ], [ 36.8576101, -1.2641791, 0.0 ], [ 36.8578762, -1.2641534, 0.0 ], [ 36.8581595, -1.2641448, 0.0 ], [ 36.8583483, -1.2640848, 0.0 ], [ 36.8586229, -1.2639989, 0.0 ], [ 36.8589234, -1.2639475, 0.0 ], [ 36.8590092, -1.2638273, 0.0 ], [ 36.8589663, -1.2636643, 0.0 ], [ 36.8588633, -1.2634669, 0.0 ], [ 36.8588461, -1.2633296, 0.0 ], [ 36.8587946, -1.2631923, 0.0 ], [ 36.8589834, -1.2630722, 0.0 ], [ 36.8591293, -1.2629435, 0.0 ], [ 36.8592409, -1.2628491, 0.0 ], [ 36.8593525, -1.2627204, 0.0 ], [ 36.8593565, -1.2625182, 0.0 ], [ 36.85952420000001, -1.2624544, 0.0 ], [ 36.8597458, -1.2623705, 0.0 ], [ 36.8599329, -1.2622952, 0.0 ], [ 36.8602022, -1.2621369, 0.0 ], [ 36.8602966, -1.2618794, 0.0 ], [ 36.8604426, -1.2617765, 0.0 ], [ 36.8605634, -1.2616818, 0.0 ], [ 36.8606123, -1.2616434, 0.0 ], [ 36.8606228, -1.2616306, 0.0 ], [ 36.8607945, -1.2615963, 0.0 ], [ 36.8608107, -1.2615868, 0.0 ], [ 36.8608801, -1.2615459, 0.0 ], [ 36.8609404, -1.2615105, 0.0 ], [ 36.8610605, -1.2615105, 0.0 ], [ 36.8613009, -1.261356, 0.0 ], [ 36.8614382, -1.2611844, 0.0 ], [ 36.8615712, -1.2611326, 0.0 ], [ 36.8617171, -1.2610982, 0.0 ], [ 36.8618287, -1.261021, 0.0 ], [ 36.8619489, -1.2609352, 0.0 ], [ 36.86204, -1.2608608, 0.0 ], [ 36.8621146, -1.2607668, 0.0 ], [ 36.8621393, -1.2607126, 0.0 ], [ 36.8621526, -1.2606564, 0.0 ], [ 36.8621453, -1.2605795, 0.0 ], [ 36.8621363, -1.2605608, 0.0 ], [ 36.8620776, -1.2604384, 0.0 ], [ 36.8619781, -1.2602761, 0.0 ], [ 36.86194, -1.2601451, 0.0 ], [ 36.8619049, -1.2600579, 0.0 ], [ 36.8618929, -1.2599873, 0.0 ], [ 36.8618859, -1.2599464, 0.0 ], [ 36.8618834, -1.2598059, 0.0 ], [ 36.8619212, -1.2595706, 0.0 ], [ 36.861941, -1.25951, 0.0 ], [ 36.8619676, -1.2594286, 0.0 ], [ 36.8620686, -1.25928, 0.0 ], [ 36.8621431, -1.2591338, 0.0 ], [ 36.8621623, -1.2591106, 0.0 ], [ 36.8622043, -1.25906, 0.0 ], [ 36.8622493, -1.2590271, 0.0 ], [ 36.8623311, -1.2590163, 0.0 ], [ 36.8624209, -1.2590045, 0.0 ], [ 36.8625536, -1.2589382, 0.0 ], [ 36.8625926, -1.2589187, 0.0 ], [ 36.8627557, -1.25885, 0.0 ], [ 36.8628844, -1.2587642, 0.0 ], [ 36.8630733, -1.2586441, 0.0 ], [ 36.8631848, -1.2585926, 0.0 ], [ 36.8631981, -1.2585873, 0.0 ], [ 36.8632613, -1.258562, 0.0 ], [ 36.8633149, -1.2585405, 0.0 ], [ 36.8633565, -1.2585239, 0.0 ], [ 36.8633734, -1.2585189, 0.0 ], [ 36.8634727, -1.2584895, 0.0 ], [ 36.8635397, -1.2584704, 0.0 ], [ 36.8636226, -1.2584467, 0.0 ], [ 36.8638028, -1.2583866, 0.0 ], [ 36.8639144, -1.2583437, 0.0 ], [ 36.8640351, -1.2582834, 0.0 ], [ 36.8641032, -1.2582493, 0.0 ], [ 36.8641376, -1.2581893, 0.0 ], [ 36.8642151, -1.2580656, 0.0 ], [ 36.8643178, -1.257846, 0.0 ], [ 36.8644186, -1.2576622, 0.0 ], [ 36.8645127, -1.2574956, 0.0 ], [ 36.8646075, -1.2573475, 0.0 ], [ 36.864689, -1.2572282, 0.0 ], [ 36.8648281, -1.2571407, 0.0 ], [ 36.8649417, -1.2571239, 0.0 ], [ 36.8650581, -1.2571448, 0.0 ], [ 36.8652268, -1.2572046, 0.0 ], [ 36.8653089, -1.2572371, 0.0 ], [ 36.8653943, -1.2572451, 0.0 ], [ 36.8655253, -1.2572368, 0.0 ], [ 36.8657168, -1.2572058, 0.0 ], [ 36.8658431, -1.2572027, 0.0 ], [ 36.8660087, -1.2572119, 0.0 ], [ 36.866036170590718, -1.257212252753507, 0.0 ] ] } },
{ "type": "Feature", "properties": { "id": "way/108435233", "name": "", "name_en": "", "name_sw": "", "waterway": "drain", "covered": "", "width": "", "depth": "0.00000e+00", "layer": "0", "blockage": "", "tunnel": "", "natural_cl": "", "water": "", "source": "", "adm0_pcode": "KEN", "adm0_name": "Kenya", "adm1_pcode": "KE047", "adm1_name": "Nairobi", "adm2_pcode": "KE047288", "adm2_name": "Kamukunji", "adm3_pcode": "", "adm3_name": "", "adm4_pcode": "", "adm4_name": "", "name_latin": "", "display_name": "", "osm_id": "way/108435233", "model_source": "river.geojson", "inspection_area": "Mathare Valley" }, "geometry": { "type": "LineString", "coordinates": [ [ 36.8638913, -1.2596429, 0.0 ], [ 36.8638139, -1.2595061, 0.0 ], [ 36.8637506, -1.2593751, 0.0 ], [ 36.8636948, -1.2592292, 0.0 ], [ 36.8635541, -1.258888, 0.0 ], [ 36.8633734, -1.2585189, 0.0 ] ] } },
{ "type": "Feature", "properties": { "id": "way/108435234", "name": "", "name_en": "", "name_sw": "", "waterway": "drain", "covered": "", "width": "", "depth": "0.00000e+00", "layer": "0", "blockage": "", "tunnel": "", "natural_cl": "", "water": "", "source": "", "adm0_pcode": "KEN", "adm0_name": "Kenya", "adm1_pcode": "KE047", "adm1_name": "Nairobi", "adm2_pcode": "KE047288", "adm2_name": "Kamukunji", "adm3_pcode": "", "adm3_name": "", "adm4_pcode": "", "adm4_name": "", "name_latin": "", "display_name": "", "osm_id": "way/108435234", "model_source": "river.geojson", "inspection_area": "Mathare Valley" }, "geometry": { "type": "LineString", "coordinates": [ [ 36.8640854, -1.2596433, 0.0 ], [ 36.863744, -1.2589701, 0.0 ], [ 36.8635862, -1.2585891, 0.0 ], [ 36.8635397, -1.2584704, 0.0 ] ] } },
{ "type": "Feature", "properties": { "id": "way/108435238", "name": "", "name_en": "", "name_sw": "", "waterway": "drain", "covered": "", "width": "", "depth": "0.00000e+00", "layer": "0", "blockage": "", "tunnel": "", "natural_cl": "", "water": "", "source": "", "adm0_pcode": "KEN", "adm0_name": "Kenya", "adm1_pcode": "KE047", "adm1_name": "Nairobi", "adm2_pcode": "KE047288", "adm2_name": "Kamukunji", "adm3_pcode": "", "adm3_name": "", "adm4_pcode": "", "adm4_name": "", "name_latin": "", "display_name": "", "osm_id": "way/108435238", "model_source": "river.geojson", "inspection_area": "Mathare Valley" }, "geometry": { "type": "LineString", "coordinates": [ [ 36.8639627, -1.2596032, 0.0 ], [ 36.8637905, -1.2592716, 0.0 ], [ 36.8637568, -1.2592018, 0.0 ], [ 36.8637346, -1.2591421, 0.0 ], [ 36.8634727, -1.2584895, 0.0 ] ] } },
{ "type": "Feature", "properties": { "id": "way/107537662", "name": "", "name_en": "", "name_sw": "", "waterway": "drain", "covered": "", "width": "", "depth": "0.00000e+00", "layer": "0", "blockage": "", "tunnel": "", "natural_cl": "", "water": "", "source": "", "adm0_pcode": "KEN", "adm0_name": "Kenya", "adm1_pcode": "KE047", "adm1_name": "Nairobi", "adm2_pcode": "KE047288", "adm2_name": "Kamukunji", "adm3_pcode": "", "adm3_name": "", "adm4_pcode": "", "adm4_name": "", "name_latin": "", "display_name": "", "osm_id": "way/107537662", "model_source": "river.geojson", "inspection_area": "Mathare Valley" }, "geometry": { "type": "LineString", "coordinates": [ [ 36.8630731, -1.259088, 0.0 ], [ 36.8632375, -1.2589605, 0.0 ] ] } },
{ "type": "Feature", "properties": { "id": "way/107537661", "name": "", "name_en": "", "name_sw": "", "waterway": "drain", "covered": "", "width": "", "depth": "0.00000e+00", "layer": "0", "blockage": "", "tunnel": "", "natural_cl": "", "water": "", "source": "", "adm0_pcode": "KEN", "adm0_name": "Kenya", "adm1_pcode": "KE047", "adm1_name": "Nairobi", "adm2_pcode": "KE047288", "adm2_name": "Kamukunji", "adm3_pcode": "", "adm3_name": "", "adm4_pcode": "", "adm4_name": "", "name_latin": "", "display_name": "", "osm_id": "way/107537661", "model_source": "river.geojson", "inspection_area": "Mathare Valley" }, "geometry": { "type": "LineString", "coordinates": [ [ 36.862945, -1.2590495, 0.0 ], [ 36.8628972, -1.2589284, 0.0 ], [ 36.8628844, -1.2587642, 0.0 ] ] } },
{ "type": "Feature", "properties": { "id": "way/1262644025", "name": "", "name_en": "", "name_sw": "", "waterway": "stream", "covered": "", "width": "", "depth": "0.00000e+00", "layer": "0", "blockage": "", "tunnel": "", "natural_cl": "", "water": "", "source": "", "adm0_pcode": "KEN", "adm0_name": "Kenya", "adm1_pcode": "KE047", "adm1_name": "Nairobi", "adm2_pcode": "KE047286", "adm2_name": "Embakasi West", "adm3_pcode": "", "adm3_name": "", "adm4_pcode": "", "adm4_name": "", "name_latin": "", "display_name": "", "osm_id": "way/1262644025", "model_source": "river.geojson", "inspection_area": "Korogocho" }, "geometry": { "type": "LineString", "coordinates": [ [ 36.892215181118679, -1.260527157571711, 0.0 ], [ 36.8922166, -1.2605255, 0.0 ], [ 36.8922354, -1.2604826, 0.0 ], [ 36.8922488, -1.2604129, 0.0 ], [ 36.8922757, -1.2603056, 0.0 ], [ 36.8923186, -1.2601903, 0.0 ], [ 36.8923776, -1.2600562, 0.0 ], [ 36.8924795, -1.2598578, 0.0 ], [ 36.8925331, -1.2597452, 0.0 ], [ 36.8926378, -1.2596379, 0.0 ], [ 36.8927531, -1.2595253, 0.0 ], [ 36.8928769, -1.2593745, 0.0 ], [ 36.8929329, -1.259215, 0.0 ], [ 36.89315, -1.2591259, 0.0 ], [ 36.8932793, -1.2590828, 0.0 ], [ 36.8934006, -1.2590271, 0.0 ], [ 36.8935219, -1.2589826, 0.0 ], [ 36.8936019, -1.2589841, 0.0 ], [ 36.893717, -1.258937, 0.0 ], [ 36.8938318, -1.2589233, 0.0 ], [ 36.8939654, -1.2588808, 0.0 ], [ 36.8939992, -1.2588616, 0.0 ], [ 36.8940155, -1.2588363, 0.0 ] ] } },
{ "type": "Feature", "properties": { "id": "way/1262644024", "name": "", "name_en": "", "name_sw": "", "waterway": "stream", "covered": "", "width": "", "depth": "0.00000e+00", "layer": "-1", "blockage": "", "tunnel": "culvert", "natural_cl": "", "water": "", "source": "", "adm0_pcode": "KEN", "adm0_name": "Kenya", "adm1_pcode": "KE047", "adm1_name": "Nairobi", "adm2_pcode": "KE047283", "adm2_name": "Embakasi North", "adm3_pcode": "", "adm3_name": "", "adm4_pcode": "", "adm4_name": "", "name_latin": "", "display_name": "", "osm_id": "way/1262644024", "model_source": "river.geojson", "inspection_area": "Korogocho" }, "geometry": { "type": "LineString", "coordinates": [ [ 36.8940155, -1.2588363, 0.0 ], [ 36.8940561, -1.2587262, 0.0 ] ] } },
{ "type": "Feature", "properties": { "id": "way/25785654", "name": "", "name_en": "", "name_sw": "", "waterway": "stream", "covered": "", "width": "", "depth": "0.00000e+00", "layer": "0", "blockage": "", "tunnel": "", "natural_cl": "", "water": "", "source": "", "adm0_pcode": "KEN", "adm0_name": "Kenya", "adm1_pcode": "KE047", "adm1_name": "Nairobi", "adm2_pcode": "KE047283", "adm2_name": "Embakasi North", "adm3_pcode": "", "adm3_name": "", "adm4_pcode": "", "adm4_name": "", "name_latin": "", "display_name": "", "osm_id": "way/25785654", "model_source": "river.geojson", "inspection_area": "Korogocho" }, "geometry": { "type": "LineString", "coordinates": [ [ 36.8940561, -1.2587262, 0.0 ], [ 36.8941121, -1.2586608, 0.0 ], [ 36.8942893, -1.2585734, 0.0 ], [ 36.8943998, -1.2585246, 0.0 ], [ 36.8946053, -1.2584295, 0.0 ], [ 36.8948682, -1.2583259, 0.0 ], [ 36.8951735, -1.2582305, 0.0 ], [ 36.8954485, -1.2581494, 0.0 ], [ 36.8956543, -1.2580873, 0.0 ], [ 36.8957644, -1.258034, 0.0 ], [ 36.8959809, -1.257985, 0.0 ], [ 36.8962097, -1.2577911, 0.0 ], [ 36.8964145, -1.257765, 0.0 ], [ 36.8965409, -1.2577497, 0.0 ], [ 36.8984624, -1.2575254, 0.0 ], [ 36.8985169, -1.2575123, 0.0 ], [ 36.8985626, -1.2574862, 0.0 ], [ 36.8986824, -1.2573947, 0.0 ], [ 36.8989308, -1.2572226, 0.0 ], [ 36.8991639, -1.257068, 0.0 ], [ 36.8993208, -1.2569721, 0.0 ], [ 36.8995212, -1.2568719, 0.0 ], [ 36.8995878, -1.2568404, 0.0 ], [ 36.8999189, -1.2565833, 0.0 ], [ 36.9000322, -1.2563546, 0.0 ], [ 36.9001106, -1.2562196, 0.0 ], [ 36.900166406161468, -1.25619127014461, 0.0 ] ] } },
{ "type": "Feature", "properties": { "id": "way/112470692", "name": "Nairobi River", "name_en": "", "name_sw": "", "waterway": "river", "covered": "", "width": "", "depth": "0.00000e+00", "layer": "0", "blockage": "", "tunnel": "", "natural_cl": "", "water": "", "source": "", "adm0_pcode": "KEN", "adm0_name": "Kenya", "adm1_pcode": "KE047", "adm1_name": "Nairobi", "adm2_pcode": "KE047283", "adm2_name": "Embakasi North", "adm3_pcode": "", "adm3_name": "", "adm4_pcode": "", "adm4_name": "", "name_latin": "Nairobi River", "display_name": "Nairobi River", "osm_id": "way/112470692", "model_source": "river.geojson", "inspection_area": "Korogocho" }, "geometry": { "type": "LineString", "coordinates": [ [ 36.886109055141397, -1.257849976191701, 0.0 ], [ 36.8862823, -1.2577424, 0.0 ], [ 36.8866074, -1.257631, 0.0 ], [ 36.8867442, -1.2575426, 0.0 ], [ 36.8868204, -1.2574614, 0.0 ], [ 36.8868972, -1.2573621, 0.0 ], [ 36.886929, -1.2572919, 0.0 ], [ 36.8869502, -1.257027, 0.0 ], [ 36.8868812, -1.2568332, 0.0 ], [ 36.8868702, -1.2567321, 0.0 ], [ 36.8868707, -1.2566134, 0.0 ], [ 36.8869205, -1.2564029, 0.0 ], [ 36.8870458, -1.2561481, 0.0 ], [ 36.8871104, -1.2560828, 0.0 ], [ 36.8873869, -1.2559863, 0.0 ], [ 36.8876073, -1.2558804, 0.0 ], [ 36.8877785, -1.2558354, 0.0 ], [ 36.8878972, -1.2557922, 0.0 ], [ 36.8880167, -1.2557024, 0.0 ], [ 36.8881939, -1.2554598, 0.0 ], [ 36.8882304, -1.2552121, 0.0 ], [ 36.8882626, -1.2549943, 0.0 ], [ 36.8883338, -1.2548332, 0.0 ], [ 36.8884999, -1.2546993, 0.0 ], [ 36.8887456, -1.254541, 0.0 ], [ 36.8889554, -1.2544049, 0.0 ], [ 36.8891289, -1.254325, 0.0 ], [ 36.8893037, -1.2543075, 0.0 ], [ 36.8894381, -1.2543415, 0.0 ], [ 36.8896767, -1.2543533, 0.0 ], [ 36.8900715, -1.2542001, 0.0 ], [ 36.8902999, -1.2539511, 0.0 ], [ 36.8905206, -1.2535339, 0.0 ], [ 36.8906066, -1.2532723, 0.0 ], [ 36.8907197, -1.252927, 0.0 ], [ 36.8907905, -1.2526995, 0.0 ], [ 36.8909578, -1.2523412, 0.0 ], [ 36.8911638, -1.2521314, 0.0 ], [ 36.8914489, -1.2521179, 0.0 ], [ 36.891738, -1.2523872, 0.0 ], [ 36.8919088, -1.2526358, 0.0 ], [ 36.8920778, -1.2528498, 0.0 ], [ 36.892224, -1.2528887, 0.0 ], [ 36.8923024, -1.2529091, 0.0 ], [ 36.8924776, -1.2528481, 0.0 ], [ 36.8930532, -1.2526865, 0.0 ], [ 36.8931781, -1.2525905, 0.0 ], [ 36.8932605, -1.2523876, 0.0 ], [ 36.8932225, -1.2522595, 0.0 ], [ 36.8931516, -1.2518812, 0.0 ], [ 36.893045, -1.251585, 0.0 ], [ 36.892973, -1.25126, 0.0 ], [ 36.8929048, -1.2509308, 0.0 ], [ 36.8928774, -1.2507189, 0.0 ], [ 36.8928274, -1.2504217, 0.0 ], [ 36.8928386, -1.2501172, 0.0 ], [ 36.8929535, -1.2497861, 0.0 ], [ 36.8930554, -1.249585, 0.0 ], [ 36.8931754, -1.2494065, 0.0 ], [ 36.8931397, -1.2492071, 0.0 ], [ 36.8931735, -1.2489388, 0.0 ], [ 36.8932003, -1.2486277, 0.0 ], [ 36.8932781, -1.2484614, 0.0 ], [ 36.8933451, -1.2482657, 0.0 ], [ 36.8935785, -1.2483488, 0.0 ], [ 36.8936428, -1.2485258, 0.0 ], [ 36.8936767, -1.248922, 0.0 ], [ 36.8937834, -1.2483657, 0.0 ], [ 36.8938175, -1.2482622, 0.0 ], [ 36.8939817, -1.2482379, 0.0 ], [ 36.8944134, -1.2482203, 0.0 ], [ 36.8946062, -1.2481641, 0.0 ], [ 36.8948403, -1.2480662, 0.0 ], [ 36.89491, -1.2479897, 0.0 ], [ 36.8949818, -1.247914, 0.0 ], [ 36.8950579, -1.247773, 0.0 ], [ 36.895049, -1.2476885, 0.0 ], [ 36.8950656, -1.2474351, 0.0 ], [ 36.8950504, -1.2471584, 0.0 ], [ 36.895038, -1.2468995, 0.0 ], [ 36.8950366, -1.2464989, 0.0 ], [ 36.8950917, -1.2460639, 0.0 ], [ 36.895201900000011, -1.2459802, 0.0 ], [ 36.8954113, -1.2460018, 0.0 ], [ 36.8958407, -1.2461233, 0.0 ], [ 36.8960732, -1.2461214, 0.0 ], [ 36.8962703, -1.2459307, 0.0 ], [ 36.8963307, -1.2458225, 0.0 ], [ 36.8963359, -1.2457751, 0.0 ], [ 36.8962767, -1.2455854, 0.0 ], [ 36.8961816, -1.2453719, 0.0 ], [ 36.8960343, -1.2450424, 0.0 ], [ 36.8959233, -1.2447668, 0.0 ], [ 36.8958476, -1.2444837, 0.0 ], [ 36.8958444, -1.2441676, 0.0 ], [ 36.8959426, -1.2439852, 0.0 ], [ 36.8959903, -1.2439463, 0.0 ], [ 36.8961124, -1.2438405, 0.0 ], [ 36.8963854, -1.2437258, 0.0 ], [ 36.8966231, -1.2436738, 0.0 ], [ 36.8967542, -1.2436614, 0.0 ], [ 36.8969002, -1.2437074, 0.0 ], [ 36.897195645282174, -1.243804755935073, 0.0 ] ] } },
{ "type": "Feature", "properties": { "id": "way/828184356", "name": "Mathare River", "name_en": "", "name_sw": "", "waterway": "stream", "covered": "", "width": "", "depth": "0.00000e+00", "layer": "0", "blockage": "", "tunnel": "", "natural_cl": "", "water": "", "source": "", "adm0_pcode": "KEN", "adm0_name": "Kenya", "adm1_pcode": "KE047", "adm1_name": "Nairobi", "adm2_pcode": "KE047283", "adm2_name": "Embakasi North", "adm3_pcode": "", "adm3_name": "", "adm4_pcode": "", "adm4_name": "", "name_latin": "Mathare River", "display_name": "Mathare River", "osm_id": "way/828184356", "model_source": "river.geojson", "inspection_area": "Korogocho" }, "geometry": { "type": "LineString", "coordinates": [ [ 36.883714903845963, -1.249634447780824, 0.0 ], [ 36.8838596, -1.2496713, 0.0 ], [ 36.8841343, -1.249637, 0.0 ], [ 36.8842683, -1.2495115, 0.0 ], [ 36.8844027, -1.249432, 0.0 ], [ 36.8845279, -1.2493729, 0.0 ], [ 36.8846857, -1.2492726, 0.0 ], [ 36.8848475, -1.2491639, 0.0 ], [ 36.885042, -1.2490466, 0.0 ], [ 36.885286, -1.2489712, 0.0 ], [ 36.8855143, -1.2489642, 0.0 ], [ 36.8856406, -1.249016, 0.0 ], [ 36.8857479, -1.2490497, 0.0 ], [ 36.8858678, -1.2491278, 0.0 ], [ 36.8859965, -1.2491902, 0.0 ], [ 36.8861148, -1.2492827, 0.0 ], [ 36.8862258, -1.2494021, 0.0 ], [ 36.8863704, -1.2495271, 0.0 ], [ 36.8864729, -1.2495501, 0.0 ], [ 36.8865928, -1.2495179, 0.0 ], [ 36.8868249, -1.24946, 0.0 ], [ 36.8869916, -1.24943, 0.0 ], [ 36.8871124, -1.2493941, 0.0 ], [ 36.8872555, -1.2492559, 0.0 ], [ 36.8874537, -1.2491716, 0.0 ], [ 36.8876349, -1.2491003, 0.0 ], [ 36.8877229, -1.2490273, 0.0 ], [ 36.8877992, -1.2489752, 0.0 ], [ 36.8879894, -1.2489288, 0.0 ], [ 36.8881275, -1.2489045, 0.0 ], [ 36.8882636, -1.2488517, 0.0 ], [ 36.8883448, -1.2487796, 0.0 ], [ 36.8883904, -1.248742, 0.0 ], [ 36.8884075, -1.2486951, 0.0 ], [ 36.8884135, -1.2486632, 0.0 ], [ 36.8884028, -1.2486103, 0.0 ], [ 36.8884117, -1.2485569, 0.0 ], [ 36.8884086, -1.2484989, 0.0 ], [ 36.8884124, -1.2484482, 0.0 ], [ 36.8884264, -1.2483817, 0.0 ], [ 36.8884312, -1.2483068, 0.0 ], [ 36.888413, -1.2482266, 0.0 ], [ 36.8884046, -1.2480127, 0.0 ], [ 36.8884338, -1.2478821, 0.0 ], [ 36.8885036, -1.247781, 0.0 ], [ 36.8885875, -1.2477044, 0.0 ], [ 36.8886318, -1.2476618, 0.0 ], [ 36.888673, -1.2476384, 0.0 ], [ 36.8887527, -1.2475904, 0.0 ], [ 36.8888032, -1.247561, 0.0 ], [ 36.8888201, -1.2475305, 0.0 ], [ 36.8888865, -1.2473724, 0.0 ], [ 36.888894, -1.2472427, 0.0 ], [ 36.8889222, -1.2471115, 0.0 ], [ 36.8889776, -1.2469734, 0.0 ], [ 36.8890301, -1.2468402, 0.0 ], [ 36.8890774, -1.2467593, 0.0 ], [ 36.8891521, -1.2467154, 0.0 ], [ 36.8892484, -1.2467137, 0.0 ], [ 36.8893293, -1.24672, 0.0 ], [ 36.8894472, -1.246728, 0.0 ], [ 36.8895759, -1.2467709, 0.0 ], [ 36.889739, -1.246831, 0.0 ], [ 36.88985060000001, -1.2468138, 0.0 ], [ 36.8899707, -1.246728, 0.0 ], [ 36.8900405, -1.2465778, 0.0 ], [ 36.8901186, -1.2464674, 0.0 ], [ 36.8901573, -1.246351, 0.0 ], [ 36.8902094, -1.2462888, 0.0 ], [ 36.8902776, -1.246185, 0.0 ], [ 36.89035, -1.2460684, 0.0 ], [ 36.8904343, -1.245978, 0.0 ], [ 36.8905383, -1.2458337, 0.0 ], [ 36.8906189, -1.2456903, 0.0 ], [ 36.8906981, -1.2455621, 0.0 ], [ 36.8907631, -1.2452966, 0.0 ], [ 36.8908082, -1.2450808, 0.0 ], [ 36.8908243, -1.2449947, 0.0 ], [ 36.8908387, -1.2448477, 0.0 ], [ 36.8908293, -1.2447594, 0.0 ], [ 36.8908258, -1.2445618, 0.0 ], [ 36.89082590000001, -1.2444237, 0.0 ], [ 36.8908753, -1.2442911, 0.0 ], [ 36.8909284, -1.2442326, 0.0 ], [ 36.8909864, -1.2442033, 0.0 ], [ 36.891138, -1.2442052, 0.0 ], [ 36.8912359, -1.2442188, 0.0 ], [ 36.8913513, -1.2442521, 0.0 ], [ 36.8917646, -1.2443768, 0.0 ], [ 36.8919124, -1.2444143, 0.0 ], [ 36.8920845, -1.2444334, 0.0 ], [ 36.8922199, -1.244416, 0.0 ], [ 36.8922538, -1.2444197, 0.0 ], [ 36.8924341, -1.2443682, 0.0 ], [ 36.8926744, -1.2443425, 0.0 ], [ 36.8928461, -1.2442738, 0.0 ], [ 36.8930381, -1.2441366, 0.0 ], [ 36.893216, -1.2440623, 0.0 ], [ 36.8933505, -1.2439363, 0.0 ], [ 36.8933603, -1.2438191, 0.0 ], [ 36.8933834, -1.2437432, 0.0 ], [ 36.8934189, -1.2436255, 0.0 ], [ 36.8934607, -1.2435123, 0.0 ], [ 36.8935307, -1.2434261, 0.0 ], [ 36.8936299, -1.2432186, 0.0 ], [ 36.893697, -1.2430825, 0.0 ], [ 36.8938554, -1.243009, 0.0 ], [ 36.8940515, -1.243002, 0.0 ], [ 36.8944267, -1.2429618, 0.0 ], [ 36.8946729, -1.2429781, 0.0 ], [ 36.8948202, -1.2429867, 0.0 ], [ 36.8950948, -1.2431154, 0.0 ], [ 36.8952837, -1.2430468, 0.0 ], [ 36.8954811, -1.2430725, 0.0 ], [ 36.8956184, -1.2431326, 0.0 ], [ 36.8957386, -1.243227, 0.0 ], [ 36.8958587, -1.2433643, 0.0 ], [ 36.8960132, -1.2434415, 0.0 ], [ 36.8961334, -1.2435016, 0.0 ], [ 36.8963051, -1.2435616, 0.0 ], [ 36.8964595, -1.2435101, 0.0 ], [ 36.896538667051793, -1.24343344025885, 0.0 ] ] } },
{ "type": "Feature", "properties": { "id": "way/1534557663", "name": "", "name_en": "", "name_sw": "", "waterway": "stream", "covered": "", "width": "", "depth": "0.00000e+00", "layer": "0", "blockage": "", "tunnel": "", "natural_cl": "", "water": "", "source": "", "adm0_pcode": "KEN", "adm0_name": "Kenya", "adm1_pcode": "KE047", "adm1_name": "Nairobi", "adm2_pcode": "KE047283", "adm2_name": "Embakasi North", "adm3_pcode": "", "adm3_name": "", "adm4_pcode": "", "adm4_name": "", "name_latin": "", "display_name": "", "osm_id": "way/1534557663", "model_source": "river.geojson", "inspection_area": "Korogocho" }, "geometry": { "type": "LineString", "coordinates": [ [ 36.89833, -1.2465183, 0.0 ], [ 36.898387, -1.2464824, 0.0 ], [ 36.8984064, -1.2464905, 0.0 ], [ 36.8984192, -1.2464848, 0.0 ], [ 36.8984339, -1.2464643, 0.0 ], [ 36.8984544, -1.246468, 0.0 ], [ 36.8984564, -1.246455, 0.0 ], [ 36.8984705, -1.2464426, 0.0 ], [ 36.8984745, -1.2464221, 0.0 ], [ 36.8984648, -1.2464161, 0.0 ], [ 36.8984755, -1.2463893, 0.0 ], [ 36.8984923, -1.2463497, 0.0 ], [ 36.8984815, -1.2463303, 0.0 ], [ 36.8984527, -1.2463222, 0.0 ], [ 36.8984172, -1.2462773, 0.0 ], [ 36.8984145, -1.246215, 0.0 ], [ 36.898393, -1.2461948, 0.0 ], [ 36.8982884, -1.2462579, 0.0 ], [ 36.8982334, -1.2463075, 0.0 ], [ 36.8981912, -1.2463222, 0.0 ], [ 36.8981771, -1.2463102, 0.0 ], [ 36.8981295, -1.2462491, 0.0 ], [ 36.8980946, -1.2461241, 0.0 ], [ 36.8980946, -1.2461053, 0.0 ], [ 36.8981027, -1.2460879, 0.0 ], [ 36.8980993, -1.2460815, 0.0 ], [ 36.8980819, -1.2460678, 0.0 ], [ 36.8980765, -1.2460601, 0.0 ], [ 36.898069, -1.2460512, 0.0 ], [ 36.8980578, -1.2460447, 0.0 ], [ 36.8980336, -1.246046, 0.0 ], [ 36.8980252, -1.2460427, 0.0 ], [ 36.8980162, -1.2460249, 0.0 ], [ 36.8980175, -1.245975, 0.0 ], [ 36.8980108, -1.2459548, 0.0 ], [ 36.8979887, -1.2459428, 0.0 ], [ 36.8979756, -1.2459341, 0.0 ], [ 36.8979723, -1.2459217, 0.0 ], [ 36.8979739, -1.2458962, 0.0 ], [ 36.8979454, -1.2458117, 0.0 ], [ 36.8979451, -1.2457765, 0.0 ], [ 36.8978351, -1.2454735, 0.0 ], [ 36.8977734, -1.2453051, 0.0 ], [ 36.8977709, -1.2452965, 0.0 ], [ 36.8977718, -1.2452901, 0.0 ], [ 36.8977743, -1.2452736, 0.0 ], [ 36.8977704, -1.245263, 0.0 ], [ 36.8977449, -1.2452281, 0.0 ], [ 36.8977312, -1.2452137, 0.0 ], [ 36.8977268, -1.2452023, 0.0 ], [ 36.8977265, -1.2451919, 0.0 ], [ 36.8977265, -1.2451634, 0.0 ], [ 36.8977158, -1.2451396, 0.0 ], [ 36.8977034, -1.2451179, 0.0 ], [ 36.8976846, -1.2451011, 0.0 ], [ 36.8976373, -1.245021, 0.0 ], [ 36.8976283, -1.2450032, 0.0 ], [ 36.8976259, -1.2449871, 0.0 ], [ 36.8976199, -1.244966, 0.0 ], [ 36.8975867, -1.2449063, 0.0 ], [ 36.8975505, -1.2448728, 0.0 ], [ 36.8975433, -1.2448681, 0.0 ], [ 36.8975369, -1.2448651, 0.0 ], [ 36.8975284, -1.2448648, 0.0 ], [ 36.8975195, -1.2448574, 0.0 ], [ 36.8975072, -1.2448413, 0.0 ], [ 36.8975054, -1.2448351, 0.0 ], [ 36.8975039, -1.2448294, 0.0 ], [ 36.8974837, -1.2448066, 0.0 ], [ 36.8974843, -1.2448011, 0.0 ], [ 36.897488, -1.2447932, 0.0 ], [ 36.8974878, -1.2447791, 0.0 ], [ 36.8974967, -1.2447617, 0.0 ], [ 36.8974987, -1.2447545, 0.0 ], [ 36.89749770000001, -1.2447481, 0.0 ], [ 36.8974717, -1.2447069, 0.0 ], [ 36.8974662, -1.244702, 0.0 ], [ 36.897464, -1.2446984, 0.0 ], [ 36.8974615, -1.244694, 0.0 ], [ 36.8974583, -1.2446906, 0.0 ], [ 36.897442, -1.2446855, 0.0 ], [ 36.8974323, -1.2446833, 0.0 ], [ 36.8974234, -1.2446796, 0.0 ], [ 36.897408, -1.2446764, 0.0 ], [ 36.8973922, -1.2446663, 0.0 ], [ 36.8973778, -1.2446539, 0.0 ], [ 36.8973681, -1.2446441, 0.0 ], [ 36.8973443, -1.244637, 0.0 ], [ 36.8973091, -1.2446099, 0.0 ], [ 36.8972911, -1.2445846, 0.0 ], [ 36.897288, -1.2445727, 0.0 ], [ 36.8972844, -1.2445596, 0.0 ], [ 36.8972724, -1.2445482, 0.0 ], [ 36.8972699, -1.244541, 0.0 ], [ 36.8972635, -1.2445338, 0.0 ], [ 36.8972068, -1.2444976, 0.0 ], [ 36.8971973, -1.2444885, 0.0 ], [ 36.8971921, -1.2444813, 0.0 ], [ 36.8971817, -1.2444761, 0.0 ], [ 36.8971673, -1.2444672, 0.0 ], [ 36.8971592, -1.2444632, 0.0 ], [ 36.8971523, -1.2444624, 0.0 ], [ 36.897145, -1.2444654, 0.0 ], [ 36.8971409, -1.2444647, 0.0 ], [ 36.8971314, -1.2444615, 0.0 ], [ 36.8971213, -1.2444595, 0.0 ], [ 36.897113, -1.2444592, 0.0 ], [ 36.8971081, -1.244453, 0.0 ], [ 36.8970821, -1.2444334, 0.0 ], [ 36.8970543, -1.2444124, 0.0 ], [ 36.8970474, -1.2444057, 0.0 ], [ 36.8970422, -1.2444004, 0.0 ], [ 36.8970352, -1.2444, 0.0 ], [ 36.8970306, -1.244396, 0.0 ], [ 36.8970275, -1.2443886, 0.0 ], [ 36.8970216, -1.2443793, 0.0 ], [ 36.8970035, -1.2443682, 0.0 ], [ 36.8969944, -1.2443632, 0.0 ], [ 36.8969882, -1.2443618, 0.0 ], [ 36.8969854, -1.2443575, 0.0 ], [ 36.8969859, -1.2443328, 0.0 ], [ 36.8969839, -1.2443258, 0.0 ], [ 36.8969793, -1.2443187, 0.0 ], [ 36.8969532, -1.2443008, 0.0 ], [ 36.8969388, -1.2442898, 0.0 ], [ 36.896926, -1.2442864, 0.0 ], [ 36.8969133, -1.244277, 0.0 ], [ 36.8969024, -1.2442614, 0.0 ], [ 36.8968922, -1.2442581, 0.0 ], [ 36.8968664, -1.2442366, 0.0 ], [ 36.8968571, -1.2442211, 0.0 ], [ 36.8968461, -1.2442044, 0.0 ], [ 36.896836, -1.2441967, 0.0 ], [ 36.8968213, -1.2442008, 0.0 ], [ 36.8967287, -1.2441743, 0.0 ], [ 36.8966938, -1.2441253, 0.0 ], [ 36.8966248, -1.2440301, 0.0 ], [ 36.8965799, -1.2439137, 0.0 ] ] } },
{ "type": "Feature", "properties": { "id": "way/828051716", "name": "Nairobi River", "name_en": "", "name_sw": "", "waterway": "stream", "covered": "", "width": "", "depth": "0.00000e+00", "layer": "-1", "blockage": "", "tunnel": "culvert", "natural_cl": "", "water": "", "source": "", "adm0_pcode": "KEN", "adm0_name": "Kenya", "adm1_pcode": "KE047", "adm1_name": "Nairobi", "adm2_pcode": "KE047289", "adm2_name": "Starehe", "adm3_pcode": "", "adm3_name": "", "adm4_pcode": "", "adm4_name": "", "name_latin": "Nairobi River", "display_name": "Nairobi River", "osm_id": "way/828051716", "model_source": "river.geojson", "inspection_area": "Gikomba Market" }, "geometry": { "type": "LineString", "coordinates": [ [ 36.8372382, -1.2860945, 0.0 ], [ 36.8373861, -1.2862178, 0.0 ] ] } },
{ "type": "Feature", "properties": { "id": "way/828051717", "name": "Nairobi River", "name_en": "", "name_sw": "", "waterway": "stream", "covered": "", "width": "", "depth": "0.00000e+00", "layer": "0", "blockage": "", "tunnel": "", "natural_cl": "", "water": "", "source": "", "adm0_pcode": "KEN", "adm0_name": "Kenya", "adm1_pcode": "KE047", "adm1_name": "Nairobi", "adm2_pcode": "KE047289", "adm2_name": "Starehe", "adm3_pcode": "", "adm3_name": "", "adm4_pcode": "", "adm4_name": "", "name_latin": "Nairobi River", "display_name": "Nairobi River", "osm_id": "way/828051717", "model_source": "river.geojson", "inspection_area": "Gikomba Market" }, "geometry": { "type": "LineString", "coordinates": [ [ 36.8361005, -1.2854177, 0.0 ], [ 36.8363456, -1.2858543, 0.0 ], [ 36.8365602, -1.2860173, 0.0 ], [ 36.8366889, -1.2860602, 0.0 ], [ 36.8368692, -1.2860602, 0.0 ], [ 36.837058, -1.2860087, 0.0 ], [ 36.8372382, -1.2860945, 0.0 ] ] } },
{ "type": "Feature", "properties": { "id": "way/828051718", "name": "Nairobi River", "name_en": "", "name_sw": "", "waterway": "stream", "covered": "", "width": "", "depth": "0.00000e+00", "layer": "-1", "blockage": "", "tunnel": "culvert", "natural_cl": "", "water": "", "source": "", "adm0_pcode": "KEN", "adm0_name": "Kenya", "adm1_pcode": "KE047", "adm1_name": "Nairobi", "adm2_pcode": "KE047289", "adm2_name": "Starehe", "adm3_pcode": "", "adm3_name": "", "adm4_pcode": "", "adm4_name": "", "name_latin": "Nairobi River", "display_name": "Nairobi River", "osm_id": "way/828051718", "model_source": "river.geojson", "inspection_area": "Gikomba Market" }, "geometry": { "type": "LineString", "coordinates": [ [ 36.8360028, -1.2851378, 0.0 ], [ 36.8361005, -1.2854177, 0.0 ] ] } },
{ "type": "Feature", "properties": { "id": "way/828051719", "name": "Nairobi River", "name_en": "", "name_sw": "Mto Nairobi", "waterway": "stream", "covered": "", "width": "", "depth": "0.00000e+00", "layer": "0", "blockage": "", "tunnel": "", "natural_cl": "", "water": "", "source": "", "adm0_pcode": "KEN", "adm0_name": "Kenya", "adm1_pcode": "KE047", "adm1_name": "Nairobi", "adm2_pcode": "KE047289", "adm2_name": "Starehe", "adm3_pcode": "", "adm3_name": "", "adm4_pcode": "", "adm4_name": "", "name_latin": "Nairobi River", "display_name": "Nairobi River", "osm_id": "way/828051719", "model_source": "river.geojson", "inspection_area": "Gikomba Market" }, "geometry": { "type": "LineString", "coordinates": [ [ 36.8323341, -1.281268, 0.0 ], [ 36.8326324, -1.2814427, 0.0 ], [ 36.8328008, -1.2816668, 0.0 ], [ 36.8329639, -1.2818727, 0.0 ], [ 36.8330754, -1.2821645, 0.0 ], [ 36.8331269, -1.2823275, 0.0 ], [ 36.8331956, -1.2823876, 0.0 ], [ 36.833599, -1.2826536, 0.0 ], [ 36.8337106, -1.2827995, 0.0 ], [ 36.8337707, -1.2829711, 0.0 ], [ 36.8338565, -1.2830226, 0.0 ], [ 36.8339767, -1.2831856, 0.0 ], [ 36.8339852, -1.2833486, 0.0 ], [ 36.8340367, -1.2834859, 0.0 ], [ 36.8341741, -1.2835975, 0.0 ], [ 36.8343629, -1.2836576, 0.0 ], [ 36.8346204, -1.2837605, 0.0 ], [ 36.8347266, -1.2838991, 0.0 ], [ 36.8348382, -1.2840807, 0.0 ], [ 36.834919, -1.2842426, 0.0 ], [ 36.8350584, -1.2844456, 0.0 ], [ 36.8351777, -1.2845901, 0.0 ], [ 36.8353849, -1.2847431, 0.0 ], [ 36.8355645, -1.2847902, 0.0 ], [ 36.8358564, -1.284979, 0.0 ], [ 36.8360028, -1.2851378, 0.0 ] ] } },
{ "type": "Feature", "properties": { "id": "way/828051720", "name": "Nairobi River", "name_en": "", "name_sw": "Mto Nairobi", "waterway": "stream", "covered": "", "width": "", "depth": "0.00000e+00", "layer": "-1", "blockage": "", "tunnel": "culvert", "natural_cl": "", "water": "", "source": "", "adm0_pcode": "KEN", "adm0_name": "Kenya", "adm1_pcode": "KE047", "adm1_name": "Nairobi", "adm2_pcode": "KE047289", "adm2_name": "Starehe", "adm3_pcode": "", "adm3_name": "", "adm4_pcode": "", "adm4_name": "", "name_latin": "Nairobi River", "display_name": "Nairobi River", "osm_id": "way/828051720", "model_source": "river.geojson", "inspection_area": "Gikomba Market" }, "geometry": { "type": "LineString", "coordinates": [ [ 36.8319339, -1.2811862, 0.0 ], [ 36.8321087, -1.2812297, 0.0 ], [ 36.8323341, -1.281268, 0.0 ] ] } },
{ "type": "Feature", "properties": { "id": "way/687438824", "name": "", "name_en": "", "name_sw": "", "waterway": "stream", "covered": "", "width": "", "depth": "0.00000e+00", "layer": "0", "blockage": "", "tunnel": "", "natural_cl": "", "water": "", "source": "", "adm0_pcode": "KEN", "adm0_name": "Kenya", "adm1_pcode": "KE047", "adm1_name": "Nairobi", "adm2_pcode": "KE047289", "adm2_name": "Starehe", "adm3_pcode": "", "adm3_name": "", "adm4_pcode": "", "adm4_name": "", "name_latin": "", "display_name": "", "osm_id": "way/687438824", "model_source": "river.geojson", "inspection_area": "Gikomba Market" }, "geometry": { "type": "LineString", "coordinates": [ [ 36.8306194, -1.2810098, 0.0 ], [ 36.8307853, -1.280984, 0.0 ], [ 36.830977, -1.2809666, 0.0 ], [ 36.8311661, -1.2809585, 0.0 ], [ 36.8312129, -1.2809717, 0.0 ] ] } },
{ "type": "Feature", "properties": { "id": "way/24968935", "name": "Nairobi River", "name_en": "", "name_sw": "", "waterway": "river", "covered": "", "width": "", "depth": "0.00000e+00", "layer": "0", "blockage": "", "tunnel": "", "natural_cl": "", "water": "", "source": "", "adm0_pcode": "KEN", "adm0_name": "Kenya", "adm1_pcode": "KE047", "adm1_name": "Nairobi", "adm2_pcode": "KE047288", "adm2_name": "Kamukunji", "adm3_pcode": "", "adm3_name": "", "adm4_pcode": "", "adm4_name": "", "name_latin": "Nairobi River", "display_name": "Nairobi River", "osm_id": "way/24968935", "model_source": "river.geojson", "inspection_area": "Gikomba Market" }, "geometry": { "type": "LineString", "coordinates": [ [ 36.8373861, -1.2862178, 0.0 ], [ 36.8375578, -1.2862607, 0.0 ], [ 36.8377638, -1.2863037, 0.0 ], [ 36.837944, -1.286338, 0.0 ], [ 36.8381243, -1.2863551, 0.0 ], [ 36.8383131, -1.2862951, 0.0 ], [ 36.8385449, -1.2863037, 0.0 ], [ 36.8387423, -1.286338, 0.0 ], [ 36.8389483, -1.2862693, 0.0 ], [ 36.8390684, -1.2863122, 0.0 ], [ 36.8391886, -1.2863294, 0.0 ], [ 36.8394976, -1.2863466, 0.0 ], [ 36.8397722, -1.2863551, 0.0 ], [ 36.8400297, -1.2863122, 0.0 ], [ 36.8402443, -1.2863466, 0.0 ], [ 36.8404675, -1.2864753, 0.0 ], [ 36.8406992, -1.2866469, 0.0 ], [ 36.8408537, -1.2868614, 0.0 ], [ 36.8410082, -1.2869558, 0.0 ], [ 36.8411026, -1.2871188, 0.0 ], [ 36.8411627, -1.2872733, 0.0 ], [ 36.8413086, -1.2873934, 0.0 ], [ 36.8414888, -1.2874363, 0.0 ], [ 36.8416262, -1.287505, 0.0 ], [ 36.8417978, -1.287505, 0.0 ], [ 36.8420038, -1.287505, 0.0 ], [ 36.8422957, -1.2875565, 0.0 ], [ 36.8425531, -1.287565, 0.0 ], [ 36.8426905, -1.2875221, 0.0 ], [ 36.8427248, -1.2873334, 0.0 ], [ 36.8429136, -1.2872046, 0.0 ], [ 36.8429995, -1.2869987, 0.0 ], [ 36.8431454, -1.2868099, 0.0 ], [ 36.8431625, -1.2866126, 0.0 ], [ 36.8432741, -1.2864667, 0.0 ], [ 36.8434458, -1.2864409, 0.0 ], [ 36.8436174, -1.2864495, 0.0 ], [ 36.8437462, -1.286501, 0.0 ], [ 36.8438406, -1.2866469, 0.0 ], [ 36.8439608, -1.2868185, 0.0 ], [ 36.8440638, -1.2869129, 0.0 ], [ 36.8442612, -1.2870073, 0.0 ], [ 36.84445, -1.2870416, 0.0 ], [ 36.8448191, -1.2871017, 0.0 ], [ 36.8450937, -1.2871617, 0.0 ], [ 36.8453169, -1.2871617, 0.0 ], [ 36.8455229, -1.2871961, 0.0 ], [ 36.8456945, -1.287239, 0.0 ], [ 36.845892, -1.2873419, 0.0 ], [ 36.8460207, -1.2874106, 0.0 ], [ 36.8462009, -1.2874278, 0.0 ], [ 36.8464584, -1.2874363, 0.0 ], [ 36.846536820883159, -1.287458262233797, 0.0 ] ] } },
{ "type": "Feature", "properties": { "id": "way/828051721", "name": "Nairobi River", "name_en": "", "name_sw": "Mto Nairobi", "waterway": "river", "covered": "", "width": "", "depth": "0.00000e+00", "layer": "0", "blockage": "", "tunnel": "", "natural_cl": "", "water": "", "source": "", "adm0_pcode": "KEN", "adm0_name": "Kenya", "adm1_pcode": "KE047", "adm1_name": "Nairobi", "adm2_pcode": "KE047289", "adm2_name": "Starehe", "adm3_pcode": "", "adm3_name": "", "adm4_pcode": "", "adm4_name": "", "name_latin": "Nairobi River", "display_name": "Nairobi River", "osm_id": "way/828051721", "model_source": "river.geojson", "inspection_area": "Gikomba Market" }, "geometry": { "type": "LineString", "coordinates": [ [ 36.830118170252575, -1.280735156767017, 0.0 ], [ 36.8305309, -1.2809621, 0.0 ], [ 36.8306194, -1.2810098, 0.0 ], [ 36.8307237, -1.2810661, 0.0 ], [ 36.8309125, -1.281109, 0.0 ], [ 36.8310498, -1.2810146, 0.0 ], [ 36.8312129, -1.2809717, 0.0 ], [ 36.8314532, -1.2810232, 0.0 ], [ 36.8319339, -1.2811862, 0.0 ] ] } },
{ "type": "Feature", "properties": { "id": "way/25745840", "name": "Ngong River", "name_en": "", "name_sw": "", "waterway": "river", "covered": "", "width": "", "depth": "0.00000e+00", "layer": "0", "blockage": "", "tunnel": "", "natural_cl": "", "water": "", "source": "", "adm0_pcode": "KEN", "adm0_name": "Kenya", "adm1_pcode": "KE047", "adm1_name": "Nairobi", "adm2_pcode": "KE047287", "adm2_name": "Makadara", "adm3_pcode": "", "adm3_name": "", "adm4_pcode": "", "adm4_name": "", "name_latin": "Ngong River", "display_name": "Ngong River", "osm_id": "way/25745840", "model_source": "river.geojson", "inspection_area": "South B" }, "geometry": { "type": "LineString", "coordinates": [ [ 36.840958725947765, -1.306531289772413, 0.0 ], [ 36.8410045, -1.306562, 0.0 ], [ 36.8410421, -1.3065875, 0.0 ], [ 36.8411235, -1.3066427, 0.0 ], [ 36.8412369, -1.3067178, 0.0 ], [ 36.8413703, -1.3068091, 0.0 ], [ 36.8414079, -1.3068709, 0.0 ], [ 36.8414462, -1.3069451, 0.0 ], [ 36.841486, -1.3071166, 0.0 ], [ 36.8415024, -1.3072656, 0.0 ], [ 36.8415222, -1.3074065, 0.0 ], [ 36.8415282, -1.3075431, 0.0 ], [ 36.841518, -1.3076922, 0.0 ], [ 36.8414938, -1.3078233, 0.0 ], [ 36.841468, -1.3079263, 0.0 ], [ 36.8414423, -1.3080464, 0.0 ], [ 36.8414165, -1.3081494, 0.0 ], [ 36.8413564, -1.3082438, 0.0 ], [ 36.841262, -1.3083553, 0.0 ], [ 36.8411651, -1.308438, 0.0 ], [ 36.8410906, -1.3085197, 0.0 ], [ 36.8410344, -1.3086097, 0.0 ], [ 36.8409748, -1.3087036, 0.0 ], [ 36.8408908, -1.308866, 0.0 ], [ 36.8408587, -1.3089545, 0.0 ], [ 36.8408257, -1.3090163, 0.0 ], [ 36.8407704, -1.3091615, 0.0 ], [ 36.8407505, -1.3092114, 0.0 ], [ 36.8407446, -1.3092885, 0.0 ], [ 36.8407517, -1.309368, 0.0 ], [ 36.8407836, -1.3095163, 0.0 ], [ 36.8408094, -1.3095856, 0.0 ], [ 36.8408781, -1.3096965, 0.0 ], [ 36.8409364, -1.3097521, 0.0 ], [ 36.8410874, -1.3098127, 0.0 ], [ 36.8413679, -1.3098369, 0.0 ], [ 36.841502, -1.3098571, 0.0 ], [ 36.8416292, -1.3098794, 0.0 ], [ 36.8418665, -1.3099114, 0.0 ], [ 36.8419789, -1.3099266, 0.0 ], [ 36.8420128, -1.3099366, 0.0 ], [ 36.842027, -1.3099408, 0.0 ], [ 36.8420717, -1.3099636, 0.0 ], [ 36.842195, -1.3100457, 0.0 ], [ 36.8428518, -1.3104138, 0.0 ], [ 36.8429578, -1.3104732, 0.0 ], [ 36.8431041, -1.3105933, 0.0 ], [ 36.8431667, -1.3106533, 0.0 ], [ 36.8432292, -1.310743, 0.0 ], [ 36.8432517, -1.310785, 0.0 ], [ 36.8432708, -1.310831, 0.0 ], [ 36.843335, -1.3109922, 0.0 ], [ 36.8433877, -1.3111304, 0.0 ], [ 36.8434924, -1.3113081, 0.0 ], [ 36.8436808, -1.3114553, 0.0 ], [ 36.8437892, -1.3115081, 0.0 ], [ 36.8438287, -1.311526, 0.0 ], [ 36.8439404, -1.3115731, 0.0 ], [ 36.8439706, -1.3115846, 0.0 ], [ 36.8439949, -1.311605, 0.0 ], [ 36.8440571, -1.3116829, 0.0 ], [ 36.8441211, -1.3117667, 0.0 ], [ 36.844186, -1.3118669, 0.0 ], [ 36.8442999, -1.3120555, 0.0 ], [ 36.8445212, -1.312322, 0.0 ], [ 36.8446904, -1.3123989, 0.0 ], [ 36.8449125, -1.3124545, 0.0 ], [ 36.8449897, -1.3124718, 0.0 ], [ 36.8450665, -1.3124891, 0.0 ], [ 36.8452188, -1.3125077, 0.0 ], [ 36.8453247, -1.3125459, 0.0 ], [ 36.8453923, -1.3125926, 0.0 ], [ 36.8454346, -1.3126227, 0.0 ], [ 36.8455507, -1.3127136, 0.0 ], [ 36.845731, -1.3128201, 0.0 ], [ 36.8460327, -1.3129642, 0.0 ], [ 36.8462902, -1.313122, 0.0 ], [ 36.8465331, -1.3132845, 0.0 ], [ 36.8467325, -1.3134074, 0.0 ], [ 36.8468977, -1.3134838, 0.0 ], [ 36.8470171, -1.3135407, 0.0 ], [ 36.8472396, -1.3136183, 0.0 ], [ 36.8473535, -1.3136514, 0.0 ], [ 36.8474278, -1.3136719, 0.0 ], [ 36.8475203, -1.3136701, 0.0 ], [ 36.8476824, -1.313628, 0.0 ], [ 36.8479231, -1.3135636, 0.0 ], [ 36.8482362, -1.3134913, 0.0 ], [ 36.8484261, -1.3134276, 0.0 ], [ 36.8485254, -1.3133961, 0.0 ], [ 36.8486887, -1.3133492, 0.0 ], [ 36.8488484, -1.3133297, 0.0 ], [ 36.8490036, -1.3133368, 0.0 ], [ 36.8491317, -1.3133587, 0.0 ], [ 36.8492573, -1.3133949, 0.0 ], [ 36.8495621, -1.3134206, 0.0 ], [ 36.8498331, -1.3134249, 0.0 ], [ 36.8499256, -1.3134118, 0.0 ], [ 36.8500712, -1.3134035, 0.0 ], [ 36.8502038, -1.3133868, 0.0 ], [ 36.8503536, -1.313405, 0.0 ], [ 36.8504445, -1.313418, 0.0 ], [ 36.8505526, -1.3134495, 0.0 ], [ 36.8506151, -1.31349, 0.0 ], [ 36.8506914, -1.3135961, 0.0 ], [ 36.8507571, -1.3136633, 0.0 ], [ 36.8508156, -1.3137592, 0.0 ], [ 36.8508587, -1.3138194, 0.0 ], [ 36.8509911, -1.3140041, 0.0 ], [ 36.8511045, -1.3141653, 0.0 ], [ 36.851126, -1.3142363, 0.0 ], [ 36.8511695, -1.3142858, 0.0 ], [ 36.851206, -1.3143426, 0.0 ], [ 36.8512201, -1.3143827, 0.0 ], [ 36.8512315, -1.3144491, 0.0 ], [ 36.8512722, -1.3145198, 0.0 ], [ 36.8513028, -1.3145722, 0.0 ], [ 36.8514889, -1.3147163, 0.0 ], [ 36.8517487, -1.3148906, 0.0 ], [ 36.8519701, -1.3150383, 0.0 ], [ 36.8521312, -1.3151584, 0.0 ], [ 36.8521744, -1.315218, 0.0 ], [ 36.8522095, -1.315264, 0.0 ], [ 36.8524159, -1.3154028, 0.0 ], [ 36.8526179, -1.3155224, 0.0 ], [ 36.852845, -1.3155916, 0.0 ], [ 36.8531283, -1.3157803, 0.0 ], [ 36.8531822, -1.3158165, 0.0 ], [ 36.8533977, -1.3158648, 0.0 ], [ 36.8537033, -1.3159176, 0.0 ], [ 36.854050775046126, -1.315987062629961, 0.0 ] ] } },
{ "type": "Feature", "properties": { "id": "way/25746615", "name": "", "name_en": "", "name_sw": "", "waterway": "stream", "covered": "", "width": "", "depth": "0.00000e+00", "layer": "-1", "blockage": "", "tunnel": "", "natural_cl": "", "water": "", "source": "", "adm0_pcode": "KEN", "adm0_name": "Kenya", "adm1_pcode": "KE047", "adm1_name": "Nairobi", "adm2_pcode": "KE047277", "adm2_name": "Langata", "adm3_pcode": "", "adm3_name": "", "adm4_pcode": "", "adm4_name": "", "name_latin": "", "display_name": "", "osm_id": "way/25746615", "model_source": "river.geojson", "inspection_area": "South B" }, "geometry": { "type": "LineString", "coordinates": [ [ 36.8407, -1.3204912, 0.0 ], [ 36.8410004, -1.3205341, 0.0 ], [ 36.8412407, -1.3206199, 0.0 ], [ 36.8414639, -1.3206628, 0.0 ], [ 36.841687, -1.3206371, 0.0 ], [ 36.8421677, -1.3204912, 0.0 ], [ 36.8426226, -1.3203196, 0.0 ], [ 36.8430689, -1.3200364, 0.0 ], [ 36.8432491, -1.3199935, 0.0 ], [ 36.8435324, -1.3200364, 0.0 ], [ 36.8440731, -1.3200622, 0.0 ], [ 36.8444508, -1.3200793, 0.0 ], [ 36.8449143, -1.3200793, 0.0 ], [ 36.8452919, -1.3200536, 0.0 ], [ 36.8457039, -1.3199849, 0.0 ], [ 36.8459614, -1.3198219, 0.0 ], [ 36.8462017, -1.3196331, 0.0 ], [ 36.8465622, -1.3193757, 0.0 ], [ 36.8466738, -1.3192127, 0.0 ], [ 36.8467682, -1.3190239, 0.0 ], [ 36.846897, -1.3189552, 0.0 ], [ 36.8471115, -1.3188952, 0.0 ], [ 36.8473347, -1.318878, 0.0 ], [ 36.847472, -1.3188952, 0.0 ], [ 36.8475922, -1.3189466, 0.0 ], [ 36.8476224, -1.3189504, 0.0 ], [ 36.8477638, -1.3189724, 0.0 ], [ 36.8479698, -1.3189037, 0.0 ], [ 36.8481501, -1.3188179, 0.0 ], [ 36.8482187, -1.3187235, 0.0 ], [ 36.8484762, -1.3185948, 0.0 ], [ 36.8485192, -1.3185004, 0.0 ], [ 36.8487595, -1.3184061, 0.0 ], [ 36.8488453, -1.3183374, 0.0 ], [ 36.8489483, -1.318183, 0.0 ], [ 36.8489226, -1.317977, 0.0 ], [ 36.8489311, -1.3177882, 0.0 ], [ 36.8490341, -1.3176681, 0.0 ], [ 36.8492487, -1.3175308, 0.0 ], [ 36.8493775, -1.317445, 0.0 ], [ 36.8494976, -1.3173077, 0.0 ], [ 36.8496092, -1.3172648, 0.0 ], [ 36.84975510000001, -1.3172648, 0.0 ], [ 36.8498667, -1.3172219, 0.0 ], [ 36.8500298, -1.3171704, 0.0 ], [ 36.8501843, -1.3172047, 0.0 ], [ 36.85033880000001, -1.3171876, 0.0 ], [ 36.8506383, -1.3170832, 0.0 ], [ 36.8507851, -1.3169731, 0.0 ], [ 36.8508704, -1.3168552, 0.0 ], [ 36.8508869, -1.3168328, 0.0 ], [ 36.8509068, -1.3168129, 0.0 ], [ 36.850934, -1.3167975, 0.0 ], [ 36.8509653, -1.3167929, 0.0 ], [ 36.8509954, -1.3167836, 0.0 ], [ 36.8510191, -1.3167875, 0.0 ], [ 36.8510903, -1.3168271, 0.0 ], [ 36.8511344, -1.3168368, 0.0 ], [ 36.8511786, -1.3168361, 0.0 ], [ 36.851217, -1.3168304, 0.0 ], [ 36.8512503, -1.3168208, 0.0 ], [ 36.8512785, -1.3168041, 0.0 ], [ 36.8513086, -1.3167881, 0.0 ], [ 36.8513651, -1.3167479, 0.0 ], [ 36.8513912, -1.3167343, 0.0 ], [ 36.8514956, -1.316703, 0.0 ], [ 36.8515736, -1.3166772, 0.0 ], [ 36.85165, -1.3166504, 0.0 ], [ 36.8518002, -1.3165682, 0.0 ], [ 36.8518825, -1.3165333, 0.0 ], [ 36.8519363, -1.3165076, 0.0 ], [ 36.8519639, -1.3164782, 0.0 ], [ 36.8519891, -1.3164589, 0.0 ], [ 36.8520119, -1.3164532, 0.0 ], [ 36.8520324, -1.3164474, 0.0 ], [ 36.8520491, -1.3164282, 0.0 ], [ 36.8520676, -1.3164199, 0.0 ], [ 36.8520839, -1.3164226, 0.0 ], [ 36.8521176, -1.3164282, 0.0 ], [ 36.8521387, -1.316434, 0.0 ], [ 36.8521648, -1.3164285, 0.0 ], [ 36.8522002, -1.316396, 0.0 ], [ 36.8522573, -1.3163542, 0.0 ], [ 36.8522867, -1.3163309, 0.0 ], [ 36.8523121, -1.3163068, 0.0 ], [ 36.85237, -1.3162726, 0.0 ], [ 36.8525112, -1.3161873, 0.0 ], [ 36.8526232, -1.3161368, 0.0 ], [ 36.8526889, -1.3161001, 0.0 ], [ 36.8527493, -1.3160689, 0.0 ], [ 36.8528075, -1.3160122, 0.0 ], [ 36.852863, -1.315967, 0.0 ], [ 36.8529783, -1.3158969, 0.0 ], [ 36.8530699, -1.3158602, 0.0 ], [ 36.8531318, -1.3158347, 0.0 ], [ 36.8531822, -1.3158165, 0.0 ] ] } },
{ "type": "Feature", "properties": { "id": "way/1135672749", "name": "drainage system", "name_en": "", "name_sw": "", "waterway": "drain", "covered": "", "width": "", "depth": "0.00000e+00", "layer": "-1", "blockage": "", "tunnel": "yes", "natural_cl": "", "water": "", "source": "", "adm0_pcode": "KEN", "adm0_name": "Kenya", "adm1_pcode": "KE047", "adm1_name": "Nairobi", "adm2_pcode": "KE047277", "adm2_name": "Langata", "adm3_pcode": "", "adm3_name": "", "adm4_pcode": "", "adm4_name": "", "name_latin": "drainage system", "display_name": "drainage system", "osm_id": "way/1135672749", "model_source": "river.geojson", "inspection_area": "Kibera" }, "geometry": { "type": "LineString", "coordinates": [ [ 36.7852042, -1.3159932, 0.0 ], [ 36.7852392, -1.3160601, 0.0 ] ] } },
{ "type": "Feature", "properties": { "id": "way/1135672753", "name": "", "name_en": "", "name_sw": "", "waterway": "drain", "covered": "", "width": "", "depth": "0.00000e+00", "layer": "-1", "blockage": "", "tunnel": "yes", "natural_cl": "", "water": "", "source": "", "adm0_pcode": "KEN", "adm0_name": "Kenya", "adm1_pcode": "KE047", "adm1_name": "Nairobi", "adm2_pcode": "KE047277", "adm2_name": "Langata", "adm3_pcode": "", "adm3_name": "", "adm4_pcode": "", "adm4_name": "", "name_latin": "", "display_name": "", "osm_id": "way/1135672753", "model_source": "river.geojson", "inspection_area": "Kibera" }, "geometry": { "type": "LineString", "coordinates": [ [ 36.7845077, -1.3157582, 0.0 ], [ 36.7846745, -1.3161632, 0.0 ], [ 36.7847075, -1.316257, 0.0 ] ] } },
{ "type": "Feature", "properties": { "id": "way/1135672750", "name": "drainage system", "name_en": "", "name_sw": "", "waterway": "drain", "covered": "", "width": "", "depth": "0.00000e+00", "layer": "-1", "blockage": "", "tunnel": "culvert", "natural_cl": "", "water": "", "source": "", "adm0_pcode": "KEN", "adm0_name": "Kenya", "adm1_pcode": "KE047", "adm1_name": "Nairobi", "adm2_pcode": "KE047277", "adm2_name": "Langata", "adm3_pcode": "", "adm3_name": "", "adm4_pcode": "", "adm4_name": "", "name_latin": "drainage system", "display_name": "drainage system", "osm_id": "way/1135672750", "model_source": "river.geojson", "inspection_area": "Kibera" }, "geometry": { "type": "LineString", "coordinates": [ [ 36.7851857, -1.3159494, 0.0 ], [ 36.7852042, -1.3159932, 0.0 ] ] } },
{ "type": "Feature", "properties": { "id": "way/578578957", "name": "", "name_en": "", "name_sw": "", "waterway": "drain", "covered": "", "width": "", "depth": "0.00000e+00", "layer": "-1", "blockage": "", "tunnel": "yes", "natural_cl": "", "water": "", "source": "", "adm0_pcode": "KEN", "adm0_name": "Kenya", "adm1_pcode": "KE047", "adm1_name": "Nairobi", "adm2_pcode": "KE047277", "adm2_name": "Langata", "adm3_pcode": "", "adm3_name": "", "adm4_pcode": "", "adm4_name": "", "name_latin": "", "display_name": "", "osm_id": "way/578578957", "model_source": "river.geojson", "inspection_area": "Kibera" }, "geometry": { "type": "LineString", "coordinates": [ [ 36.7820893, -1.3178392, 0.0 ], [ 36.7821543, -1.3174393, 0.0 ], [ 36.7821874, -1.317397, 0.0 ] ] } },
{ "type": "Feature", "properties": { "id": "way/578578958", "name": "", "name_en": "", "name_sw": "", "waterway": "drain", "covered": "", "width": "", "depth": "0.00000e+00", "layer": "-1", "blockage": "", "tunnel": "yes", "natural_cl": "", "water": "", "source": "", "adm0_pcode": "KEN", "adm0_name": "Kenya", "adm1_pcode": "KE047", "adm1_name": "Nairobi", "adm2_pcode": "KE047277", "adm2_name": "Langata", "adm3_pcode": "", "adm3_name": "", "adm4_pcode": "", "adm4_name": "", "name_latin": "", "display_name": "", "osm_id": "way/578578958", "model_source": "river.geojson", "inspection_area": "Kibera" }, "geometry": { "type": "LineString", "coordinates": [ [ 36.7829721, -1.3176822, 0.0 ], [ 36.782885, -1.3173713, 0.0 ], [ 36.7828636, -1.3173034, 0.0 ] ] } },
{ "type": "Feature", "properties": { "id": "way/1135671752", "name": "drainage system", "name_en": "", "name_sw": "", "waterway": "drain", "covered": "", "width": "", "depth": "0.00000e+00", "layer": "-1", "blockage": "", "tunnel": "yes", "natural_cl": "", "water": "", "source": "", "adm0_pcode": "KEN", "adm0_name": "Kenya", "adm1_pcode": "KE047", "adm1_name": "Nairobi", "adm2_pcode": "KE047277", "adm2_name": "Langata", "adm3_pcode": "", "adm3_name": "", "adm4_pcode": "", "adm4_name": "", "name_latin": "drainage system", "display_name": "drainage system", "osm_id": "way/1135671752", "model_source": "river.geojson", "inspection_area": "Kibera" }, "geometry": { "type": "LineString", "coordinates": [ [ 36.780813, -1.3174168, 0.0 ], [ 36.7808485, -1.3175185, 0.0 ] ] } },
{ "type": "Feature", "properties": { "id": "way/1135671753", "name": "drainage system", "name_en": "", "name_sw": "", "waterway": "drain", "covered": "", "width": "", "depth": "0.00000e+00", "layer": "-1", "blockage": "", "tunnel": "culvert", "natural_cl": "", "water": "", "source": "", "adm0_pcode": "KEN", "adm0_name": "Kenya", "adm1_pcode": "KE047", "adm1_name": "Nairobi", "adm2_pcode": "KE047277", "adm2_name": "Langata", "adm3_pcode": "", "adm3_name": "", "adm4_pcode": "", "adm4_name": "", "name_latin": "drainage system", "display_name": "drainage system", "osm_id": "way/1135671753", "model_source": "river.geojson", "inspection_area": "Kibera" }, "geometry": { "type": "LineString", "coordinates": [ [ 36.780806, -1.3174004, 0.0 ], [ 36.780813, -1.3174168, 0.0 ] ] } },
{ "type": "Feature", "properties": { "id": "way/1135671750", "name": "drainage system", "name_en": "", "name_sw": "", "waterway": "drain", "covered": "", "width": "", "depth": "0.00000e+00", "layer": "-1", "blockage": "", "tunnel": "yes", "natural_cl": "", "water": "", "source": "", "adm0_pcode": "KEN", "adm0_name": "Kenya", "adm1_pcode": "KE047", "adm1_name": "Nairobi", "adm2_pcode": "KE047277", "adm2_name": "Langata", "adm3_pcode": "", "adm3_name": "", "adm4_pcode": "", "adm4_name": "", "name_latin": "drainage system", "display_name": "drainage system", "osm_id": "way/1135671750", "model_source": "river.geojson", "inspection_area": "Kibera" }, "geometry": { "type": "LineString", "coordinates": [ [ 36.7811594, -1.3172219, 0.0 ], [ 36.7811499, -1.3172717, 0.0 ] ] } },
{ "type": "Feature", "properties": { "id": "way/1135671746", "name": "drainage system", "name_en": "", "name_sw": "", "waterway": "drain", "covered": "", "width": "", "depth": "0.00000e+00", "layer": "-1", "blockage": "", "tunnel": "yes", "natural_cl": "", "water": "", "source": "", "adm0_pcode": "KEN", "adm0_name": "Kenya", "adm1_pcode": "KE047", "adm1_name": "Nairobi", "adm2_pcode": "KE047277", "adm2_name": "Langata", "adm3_pcode": "", "adm3_name": "", "adm4_pcode": "", "adm4_name": "", "name_latin": "drainage system", "display_name": "drainage system", "osm_id": "way/1135671746", "model_source": "river.geojson", "inspection_area": "Kibera" }, "geometry": { "type": "LineString", "coordinates": [ [ 36.7817243, -1.3172013, 0.0 ], [ 36.7817178, -1.3172591, 0.0 ] ] } },
{ "type": "Feature", "properties": { "id": "way/1135671751", "name": "drainage system", "name_en": "", "name_sw": "", "waterway": "drain", "covered": "", "width": "", "depth": "0.00000e+00", "layer": "-1", "blockage": "", "tunnel": "culvert", "natural_cl": "", "water": "", "source": "", "adm0_pcode": "KEN", "adm0_name": "Kenya", "adm1_pcode": "KE047", "adm1_name": "Nairobi", "adm2_pcode": "KE047277", "adm2_name": "Langata", "adm3_pcode": "", "adm3_name": "", "adm4_pcode": "", "adm4_name": "", "name_latin": "drainage system", "display_name": "drainage system", "osm_id": "way/1135671751", "model_source": "river.geojson", "inspection_area": "Kibera" }, "geometry": { "type": "LineString", "coordinates": [ [ 36.7811619, -1.3172097, 0.0 ], [ 36.7811594, -1.3172219, 0.0 ] ] } },
{ "type": "Feature", "properties": { "id": "way/1135671747", "name": "drainage system", "name_en": "", "name_sw": "", "waterway": "drain", "covered": "", "width": "", "depth": "0.00000e+00", "layer": "-1", "blockage": "", "tunnel": "culvert", "natural_cl": "", "water": "", "source": "", "adm0_pcode": "KEN", "adm0_name": "Kenya", "adm1_pcode": "KE047", "adm1_name": "Nairobi", "adm2_pcode": "KE047277", "adm2_name": "Langata", "adm3_pcode": "", "adm3_name": "", "adm4_pcode": "", "adm4_name": "", "name_latin": "drainage system", "display_name": "drainage system", "osm_id": "way/1135671747", "model_source": "river.geojson", "inspection_area": "Kibera" }, "geometry": { "type": "LineString", "coordinates": [ [ 36.781727, -1.3171776, 0.0 ], [ 36.7817243, -1.3172013, 0.0 ] ] } },
{ "type": "Feature", "properties": { "id": "way/1135671748", "name": "drainage system", "name_en": "", "name_sw": "", "waterway": "drain", "covered": "", "width": "", "depth": "0.00000e+00", "layer": "-1", "blockage": "", "tunnel": "yes", "natural_cl": "", "water": "", "source": "", "adm0_pcode": "KEN", "adm0_name": "Kenya", "adm1_pcode": "KE047", "adm1_name": "Nairobi", "adm2_pcode": "KE047277", "adm2_name": "Langata", "adm3_pcode": "", "adm3_name": "", "adm4_pcode": "", "adm4_name": "", "name_latin": "drainage system", "display_name": "drainage system", "osm_id": "way/1135671748", "model_source": "river.geojson", "inspection_area": "Kibera" }, "geometry": { "type": "LineString", "coordinates": [ [ 36.7814088, -1.3171322, 0.0 ], [ 36.7814106, -1.3171878, 0.0 ] ] } },
{ "type": "Feature", "properties": { "id": "way/1135671749", "name": "drainage system", "name_en": "", "name_sw": "", "waterway": "drain", "covered": "", "width": "", "depth": "0.00000e+00", "layer": "-1", "blockage": "", "tunnel": "culvert", "natural_cl": "", "water": "", "source": "", "adm0_pcode": "KEN", "adm0_name": "Kenya", "adm1_pcode": "KE047", "adm1_name": "Nairobi", "adm2_pcode": "KE047277", "adm2_name": "Langata", "adm3_pcode": "", "adm3_name": "", "adm4_pcode": "", "adm4_name": "", "name_latin": "drainage system", "display_name": "drainage system", "osm_id": "way/1135671749", "model_source": "river.geojson", "inspection_area": "Kibera" }, "geometry": { "type": "LineString", "coordinates": [ [ 36.7814082, -1.3171098, 0.0 ], [ 36.7814088, -1.3171322, 0.0 ] ] } },
{ "type": "Feature", "properties": { "id": "way/77029434", "name": "Motoine River", "name_en": "", "name_sw": "", "waterway": "river", "covered": "", "width": "", "depth": "0.00000e+00", "layer": "-1", "blockage": "", "tunnel": "", "natural_cl": "", "water": "", "source": "", "adm0_pcode": "KEN", "adm0_name": "Kenya", "adm1_pcode": "KE047", "adm1_name": "Nairobi", "adm2_pcode": "KE047277", "adm2_name": "Langata", "adm3_pcode": "", "adm3_name": "", "adm4_pcode": "", "adm4_name": "", "name_latin": "Motoine River", "display_name": "Motoine River", "osm_id": "way/77029434", "model_source": "river.geojson", "inspection_area": "Kibera" }, "geometry": { "type": "LineString", "coordinates": [ [ 36.780586848780047, -1.317575295175103, 0.0 ], [ 36.7807983, -1.3175412, 0.0 ], [ 36.7808485, -1.3175185, 0.0 ], [ 36.7810344, -1.3173858, 0.0 ], [ 36.7811499, -1.3172717, 0.0 ], [ 36.781234, -1.3172228, 0.0 ], [ 36.78132380000001, -1.3171886, 0.0 ], [ 36.7814106, -1.3171878, 0.0 ], [ 36.7815024, -1.3171932, 0.0 ], [ 36.7815911, -1.3172021, 0.0 ], [ 36.7816736, -1.317239, 0.0 ], [ 36.7817178, -1.3172591, 0.0 ], [ 36.7818588, -1.317306, 0.0 ], [ 36.7819177, -1.3173211, 0.0 ], [ 36.7820216, -1.3173478, 0.0 ], [ 36.7821874, -1.317397, 0.0 ], [ 36.7822456, -1.3174143, 0.0 ], [ 36.782531, -1.317444, 0.0 ], [ 36.7827218, -1.3173584, 0.0 ], [ 36.7828636, -1.3173034, 0.0 ], [ 36.7829701, -1.3172617, 0.0 ], [ 36.7830741, -1.3171611, 0.0 ], [ 36.7832163, -1.3169992, 0.0 ], [ 36.7833921, -1.3168419, 0.0 ], [ 36.7834766, -1.3167768, 0.0 ], [ 36.7836061, -1.3167011, 0.0 ], [ 36.7836753, -1.3166624, 0.0 ], [ 36.7837123, -1.3166487, 0.0 ], [ 36.7837494, -1.3166641, 0.0 ], [ 36.783862, -1.3165871, 0.0 ], [ 36.7839423, -1.3165472, 0.0 ], [ 36.7840049, -1.3165115, 0.0 ], [ 36.7840662, -1.3165007, 0.0 ], [ 36.7841251, -1.3165061, 0.0 ], [ 36.7842286, -1.3164784, 0.0 ], [ 36.7843559, -1.3164311, 0.0 ], [ 36.7844882, -1.3163355, 0.0 ], [ 36.7845534, -1.3162972, 0.0 ], [ 36.7846136, -1.316284, 0.0 ], [ 36.7847075, -1.316257, 0.0 ], [ 36.7848188, -1.3162138, 0.0 ], [ 36.7849014, -1.3161575, 0.0 ], [ 36.7849516, -1.3161409, 0.0 ], [ 36.7850805, -1.3161065, 0.0 ], [ 36.7851207, -1.316065, 0.0 ], [ 36.7851666, -1.316065, 0.0 ], [ 36.7852199, -1.3160861, 0.0 ], [ 36.7852392, -1.3160601, 0.0 ], [ 36.7852668, -1.316057, 0.0 ], [ 36.7853118, -1.3160603, 0.0 ], [ 36.7854144, -1.3160563, 0.0 ], [ 36.7854708, -1.3160211, 0.0 ], [ 36.7854861, -1.3160456, 0.0 ], [ 36.7855331, -1.316065, 0.0 ], [ 36.7855845, -1.3160717, 0.0 ], [ 36.7856135, -1.3161025, 0.0 ], [ 36.7856517, -1.3160958, 0.0 ], [ 36.7857242, -1.3161421, 0.0 ], [ 36.785781, -1.3161683, 0.0 ], [ 36.7858565, -1.3161982, 0.0 ], [ 36.7859457, -1.3162182, 0.0 ], [ 36.7859907, -1.3161991, 0.0 ], [ 36.7860091, -1.3162232, 0.0 ], [ 36.7860247, -1.3162219, 0.0 ], [ 36.7860376, -1.3162071, 0.0 ], [ 36.7860651, -1.3162135, 0.0 ], [ 36.786102, -1.316191, 0.0 ], [ 36.7861325, -1.3161629, 0.0 ], [ 36.7862049, -1.3161274, 0.0 ], [ 36.7862671, -1.3160976, 0.0 ], [ 36.7863039, -1.3160788, 0.0 ], [ 36.7863344, -1.3160808, 0.0 ], [ 36.7863605, -1.3160898, 0.0 ], [ 36.7864754, -1.3160408, 0.0 ], [ 36.7866044, -1.3159832, 0.0 ], [ 36.7867526, -1.3159688, 0.0 ], [ 36.7868735, -1.3159276, 0.0 ], [ 36.7869607, -1.3159075, 0.0 ], [ 36.7870478, -1.3158988, 0.0 ], [ 36.7871397, -1.3159195, 0.0 ], [ 36.7872114, -1.3158813, 0.0 ], [ 36.7872901, -1.3158572, 0.0 ], [ 36.7873422, -1.3158357, 0.0 ], [ 36.7873878, -1.3158451, 0.0 ], [ 36.7875103, -1.3157983, 0.0 ], [ 36.7876878, -1.3156913, 0.0 ], [ 36.7877003, -1.3156561, 0.0 ], [ 36.787774, -1.3156407, 0.0 ], [ 36.7878739, -1.3155818, 0.0 ], [ 36.7879611, -1.3154962, 0.0 ], [ 36.7880101, -1.3154657, 0.0 ], [ 36.7880605, -1.3154323, 0.0 ], [ 36.7881063, -1.3153849, 0.0 ], [ 36.7881425, -1.3153755, 0.0 ], [ 36.788167, -1.3153279, 0.0 ], [ 36.7881988, -1.3153041, 0.0 ], [ 36.7882181, -1.315277, 0.0 ], [ 36.7882468, -1.3152334, 0.0 ], [ 36.7882709, -1.3152136, 0.0 ], [ 36.7883028, -1.3152116, 0.0 ], [ 36.7883971, -1.3151791, 0.0 ], [ 36.788416, -1.3150963, 0.0 ], [ 36.7884573, -1.315038, 0.0 ], [ 36.7884913, -1.3149433, 0.0 ], [ 36.7885717, -1.3148004, 0.0 ], [ 36.7887212, -1.3145924, 0.0 ], [ 36.7888267, -1.3145224, 0.0 ], [ 36.7888931, -1.314491, 0.0 ], [ 36.7889757, -1.3144696, 0.0 ], [ 36.7890532, -1.3144783, 0.0 ], [ 36.7891131, -1.314497, 0.0 ], [ 36.789207, -1.3145914, 0.0 ], [ 36.7893614, -1.314671, 0.0 ], [ 36.7894415, -1.314754, 0.0 ], [ 36.7895596, -1.3148543, 0.0 ], [ 36.7897139, -1.314883, 0.0 ], [ 36.789777, -1.3148898, 0.0 ], [ 36.7898179, -1.3149207, 0.0 ], [ 36.7898642, -1.3149354, 0.0 ], [ 36.7899035, -1.314961, 0.0 ], [ 36.7898997, -1.3150018, 0.0 ], [ 36.7899258, -1.3150427, 0.0 ], [ 36.7899694, -1.3150427, 0.0 ], [ 36.7900518, -1.3150485, 0.0 ], [ 36.7901733, -1.3151205, 0.0 ], [ 36.7902749, -1.3151783, 0.0 ], [ 36.7903101, -1.3152136, 0.0 ], [ 36.7903262, -1.3152565, 0.0 ], [ 36.7903218, -1.3153106, 0.0 ], [ 36.7902745, -1.3153678, 0.0 ], [ 36.7902255, -1.3154314, 0.0 ], [ 36.7901989, -1.315582, 0.0 ], [ 36.7901943, -1.3156688, 0.0 ], [ 36.7901783, -1.3157812, 0.0 ], [ 36.790172, -1.3158593, 0.0 ], [ 36.7901507, -1.3159662, 0.0 ], [ 36.7901446, -1.3160289, 0.0 ], [ 36.7901434, -1.316084, 0.0 ], [ 36.7901598, -1.3161635, 0.0 ], [ 36.7901774, -1.3162198, 0.0 ], [ 36.790134, -1.316349, 0.0 ], [ 36.7900999, -1.3165215, 0.0 ], [ 36.7901244, -1.3166116, 0.0 ], [ 36.7901279, -1.3166773, 0.0 ], [ 36.790182, -1.3167428, 0.0 ], [ 36.790298, -1.316793, 0.0 ], [ 36.7903148, -1.3168601, 0.0 ], [ 36.7905132, -1.3169122, 0.0 ], [ 36.7905526, -1.3168856, 0.0 ], [ 36.7906881, -1.3168451, 0.0 ], [ 36.7908708, -1.3168125, 0.0 ], [ 36.7910088, -1.3168145, 0.0 ], [ 36.7910722, -1.3168175, 0.0 ], [ 36.7911077, -1.3168333, 0.0 ], [ 36.7912184, -1.3167933, 0.0 ], [ 36.7912896, -1.3167865, 0.0 ], [ 36.7913843, -1.3168231, 0.0 ], [ 36.7914468, -1.3168733, 0.0 ], [ 36.791516, -1.31697, 0.0 ], [ 36.7915291, -1.3170096, 0.0 ], [ 36.7915475, -1.3170715, 0.0 ], [ 36.7916176, -1.3171892, 0.0 ], [ 36.7917277, -1.3172912, 0.0 ], [ 36.7918216, -1.31732, 0.0 ], [ 36.7919428, -1.3173801, 0.0 ], [ 36.7919676, -1.3174859, 0.0 ], [ 36.791959, -1.3175935, 0.0 ], [ 36.7919542, -1.3177677, 0.0 ], [ 36.7919808, -1.3178627, 0.0 ], [ 36.7920135, -1.3179035, 0.0 ], [ 36.7920388, -1.3179528, 0.0 ], [ 36.7921179, -1.3180124, 0.0 ], [ 36.7922097, -1.3180547, 0.0 ], [ 36.7922694, -1.3180775, 0.0 ], [ 36.7923304, -1.3181338, 0.0 ], [ 36.792359, -1.3181878, 0.0 ], [ 36.7924062, -1.3182082, 0.0 ], [ 36.7924947, -1.3182652, 0.0 ], [ 36.7925779, -1.3183242, 0.0 ], [ 36.7926007, -1.3183228, 0.0 ], [ 36.7926462, -1.3183529, 0.0 ], [ 36.7926966, -1.3183724, 0.0 ], [ 36.7927247, -1.3183966, 0.0 ], [ 36.7927589, -1.3183993, 0.0 ], [ 36.792796, -1.3184206, 0.0 ], [ 36.7928643, -1.3183847, 0.0 ], [ 36.7929158, -1.318352, 0.0 ], [ 36.7929439, -1.3183403, 0.0 ], [ 36.7929817, -1.3183726, 0.0 ], [ 36.7930209, -1.3183581, 0.0 ], [ 36.7931461, -1.3183054, 0.0 ], [ 36.7932149, -1.3182819, 0.0 ], [ 36.7932858, -1.3182836, 0.0 ], [ 36.7933643, -1.3182976, 0.0 ], [ 36.7934047, -1.3183235, 0.0 ], [ 36.7934397, -1.3183536, 0.0 ], [ 36.793513, -1.3183743, 0.0 ], [ 36.7935663, -1.3183858, 0.0 ], [ 36.7936152, -1.318396, 0.0 ], [ 36.7936836, -1.3184214, 0.0 ], [ 36.7937091, -1.3184652, 0.0 ], [ 36.7937444, -1.3184586, 0.0 ], [ 36.7937855, -1.3184824, 0.0 ], [ 36.7938163, -1.3185258, 0.0 ], [ 36.7938343, -1.3186047, 0.0 ], [ 36.7940001, -1.3187262, 0.0 ], [ 36.7940964, -1.3187507, 0.0 ], [ 36.7941949, -1.3188231, 0.0 ], [ 36.7942453, -1.318883, 0.0 ], [ 36.7942762, -1.3189861, 0.0 ], [ 36.7943816, -1.3191681, 0.0 ], [ 36.7945022, -1.3192497, 0.0 ], [ 36.7945687, -1.3192917, 0.0 ], [ 36.7946211, -1.3194559, 0.0 ], [ 36.7946238, -1.3194954, 0.0 ], [ 36.7946678, -1.3195294, 0.0 ], [ 36.7947706, -1.3195584, 0.0 ], [ 36.7948485, -1.3195324, 0.0 ], [ 36.7949099, -1.3195113, 0.0 ], [ 36.7949551, -1.3194755, 0.0 ], [ 36.7950316, -1.3194738, 0.0 ], [ 36.795045855947365, -1.319476588783268, 0.0 ] ] } },
{ "type": "Feature", "properties": { "id": "way/239567538", "name": "drainage system", "name_en": "", "name_sw": "", "waterway": "drain", "covered": "", "width": "", "depth": "0.00000e+00", "layer": "-1", "blockage": "", "tunnel": "yes", "natural_cl": "", "water": "", "source": "", "adm0_pcode": "KEN", "adm0_name": "Kenya", "adm1_pcode": "KE047", "adm1_name": "Nairobi", "adm2_pcode": "KE047277", "adm2_name": "Langata", "adm3_pcode": "", "adm3_name": "", "adm4_pcode": "", "adm4_name": "", "name_latin": "drainage system", "display_name": "drainage system", "osm_id": "way/239567538", "model_source": "river.geojson", "inspection_area": "Kibera" }, "geometry": { "type": "LineString", "coordinates": [ [ 36.78045680000001, -1.3161961, 0.0 ], [ 36.780457, -1.3162133, 0.0 ], [ 36.7804557, -1.3162761, 0.0 ], [ 36.7804368, -1.316471, 0.0 ], [ 36.7804345, -1.3164987, 0.0 ], [ 36.7804127, -1.3165023, 0.0 ], [ 36.7804075, -1.3165571, 0.0 ], [ 36.7803966, -1.3165601, 0.0 ], [ 36.7803926, -1.3165708, 0.0 ], [ 36.7803849, -1.3165738, 0.0 ], [ 36.7803762, -1.3166016, 0.0 ], [ 36.7803768, -1.3167069, 0.0 ], [ 36.7803922, -1.3167073, 0.0 ], [ 36.7804167, -1.3167079, 0.0 ], [ 36.7804416, -1.3167173, 0.0 ], [ 36.7804922, -1.3167139, 0.0 ], [ 36.7806085, -1.3167116, 0.0 ], [ 36.7806172, -1.3167578, 0.0 ], [ 36.7805862, -1.3168096, 0.0 ], [ 36.7806648, -1.3168609, 0.0 ], [ 36.780765, -1.3172808, 0.0 ], [ 36.780806, -1.3174004, 0.0 ] ] } },
{ "type": "Feature", "properties": { "id": "way/239567549", "name": "drainage system", "name_en": "", "name_sw": "", "waterway": "drain", "covered": "", "width": "", "depth": "0.00000e+00", "layer": "-1", "blockage": "", "tunnel": "yes", "natural_cl": "", "water": "", "source": "", "adm0_pcode": "KEN", "adm0_name": "Kenya", "adm1_pcode": "KE047", "adm1_name": "Nairobi", "adm2_pcode": "KE047277", "adm2_name": "Langata", "adm3_pcode": "", "adm3_name": "", "adm4_pcode": "", "adm4_name": "", "name_latin": "drainage system", "display_name": "drainage system", "osm_id": "way/239567549", "model_source": "river.geojson", "inspection_area": "Kibera" }, "geometry": { "type": "LineString", "coordinates": [ [ 36.7815815, -1.316484, 0.0 ], [ 36.781563, -1.3166285, 0.0 ], [ 36.7815052, -1.3166558, 0.0 ], [ 36.7814787, -1.3166943, 0.0 ], [ 36.7814602, -1.3168445, 0.0 ], [ 36.7814546, -1.3168665, 0.0 ], [ 36.781499, -1.3168825, 0.0 ], [ 36.7814032, -1.3170034, 0.0 ], [ 36.7814082, -1.3171098, 0.0 ] ] } },
{ "type": "Feature", "properties": { "id": "way/239567548", "name": "drainage system", "name_en": "", "name_sw": "", "waterway": "drain", "covered": "", "width": "", "depth": "0.00000e+00", "layer": "-1", "blockage": "", "tunnel": "yes", "natural_cl": "", "water": "", "source": "", "adm0_pcode": "KEN", "adm0_name": "Kenya", "adm1_pcode": "KE047", "adm1_name": "Nairobi", "adm2_pcode": "KE047277", "adm2_name": "Langata", "adm3_pcode": "", "adm3_name": "", "adm4_pcode": "", "adm4_name": "", "name_latin": "drainage system", "display_name": "drainage system", "osm_id": "way/239567548", "model_source": "river.geojson", "inspection_area": "Kibera" }, "geometry": { "type": "LineString", "coordinates": [ [ 36.7812568, -1.3163166, 0.0 ], [ 36.7812575, -1.3164804, 0.0 ], [ 36.7810635, -1.3166062, 0.0 ], [ 36.7810365, -1.3167943, 0.0 ], [ 36.780973, -1.3168707, 0.0 ], [ 36.7810247, -1.3170176, 0.0 ], [ 36.7810296, -1.3170381, 0.0 ], [ 36.7810823, -1.3170779, 0.0 ], [ 36.7811356, -1.31709, 0.0 ], [ 36.7811815, -1.3171088, 0.0 ], [ 36.7811619, -1.3172097, 0.0 ] ] } },
{ "type": "Feature", "properties": { "id": "way/239567545", "name": "drainage system", "name_en": "", "name_sw": "", "waterway": "drain", "covered": "", "width": "", "depth": "0.00000e+00", "layer": "-1", "blockage": "", "tunnel": "yes", "natural_cl": "", "water": "", "source": "", "adm0_pcode": "KEN", "adm0_name": "Kenya", "adm1_pcode": "KE047", "adm1_name": "Nairobi", "adm2_pcode": "KE047277", "adm2_name": "Langata", "adm3_pcode": "", "adm3_name": "", "adm4_pcode": "", "adm4_name": "", "name_latin": "drainage system", "display_name": "drainage system", "osm_id": "way/239567545", "model_source": "river.geojson", "inspection_area": "Kibera" }, "geometry": { "type": "LineString", "coordinates": [ [ 36.7813704, -1.3164687, 0.0 ], [ 36.7813822, -1.3167226, 0.0 ], [ 36.7813328, -1.3168389, 0.0 ], [ 36.7813551, -1.3169483, 0.0 ], [ 36.7814032, -1.3170034, 0.0 ] ] } },
{ "type": "Feature", "properties": { "id": "way/239567547", "name": "drainage system", "name_en": "", "name_sw": "", "waterway": "drain", "covered": "", "width": "", "depth": "0.00000e+00", "layer": "-1", "blockage": "", "tunnel": "yes", "natural_cl": "", "water": "", "source": "", "adm0_pcode": "KEN", "adm0_name": "Kenya", "adm1_pcode": "KE047", "adm1_name": "Nairobi", "adm2_pcode": "KE047277", "adm2_name": "Langata", "adm3_pcode": "", "adm3_name": "", "adm4_pcode": "", "adm4_name": "", "name_latin": "drainage system", "display_name": "drainage system", "osm_id": "way/239567547", "model_source": "river.geojson", "inspection_area": "Kibera" }, "geometry": { "type": "LineString", "coordinates": [ [ 36.7821163, -1.3157983, 0.0 ], [ 36.7820724, -1.3158591, 0.0 ], [ 36.7821888, -1.3160026, 0.0 ], [ 36.7820853, -1.3161047, 0.0 ], [ 36.7818554, -1.3164581, 0.0 ], [ 36.7818089, -1.3164478, 0.0 ], [ 36.781754, -1.3169369, 0.0 ], [ 36.781727, -1.3171776, 0.0 ] ] } },
{ "type": "Feature", "properties": { "id": "way/1135669285", "name": "drainage system", "name_en": "", "name_sw": "", "waterway": "drain", "covered": "", "width": "", "depth": "0.00000e+00", "layer": "-1", "blockage": "", "tunnel": "yes", "natural_cl": "", "water": "", "source": "", "adm0_pcode": "KEN", "adm0_name": "Kenya", "adm1_pcode": "KE047", "adm1_name": "Nairobi", "adm2_pcode": "KE047277", "adm2_name": "Langata", "adm3_pcode": "", "adm3_name": "", "adm4_pcode": "", "adm4_name": "", "name_latin": "drainage system", "display_name": "drainage system", "osm_id": "way/1135669285", "model_source": "river.geojson", "inspection_area": "Kibera" }, "geometry": { "type": "LineString", "coordinates": [ [ 36.78314420000001, -1.3160549, 0.0 ], [ 36.7831897, -1.3160506, 0.0 ], [ 36.7832213, -1.3160616, 0.0 ], [ 36.7834097, -1.316264, 0.0 ], [ 36.7834283, -1.3162901, 0.0 ], [ 36.7835367, -1.3164338, 0.0 ], [ 36.7836422, -1.3165566, 0.0 ], [ 36.7837123, -1.3166487, 0.0 ] ] } },
{ "type": "Feature", "properties": { "id": "way/1135668658", "name": "drainage system", "name_en": "", "name_sw": "", "waterway": "drain", "covered": "", "width": "", "depth": "0.00000e+00", "layer": "-1", "blockage": "", "tunnel": "culvert", "natural_cl": "", "water": "", "source": "", "adm0_pcode": "KEN", "adm0_name": "Kenya", "adm1_pcode": "KE047", "adm1_name": "Nairobi", "adm2_pcode": "KE047277", "adm2_name": "Langata", "adm3_pcode": "", "adm3_name": "", "adm4_pcode": "", "adm4_name": "", "name_latin": "drainage system", "display_name": "drainage system", "osm_id": "way/1135668658", "model_source": "river.geojson", "inspection_area": "Kibera" }, "geometry": { "type": "LineString", "coordinates": [ [ 36.7812564, -1.3162171, 0.0 ], [ 36.7812568, -1.3163166, 0.0 ] ] } },
{ "type": "Feature", "properties": { "id": "way/772140031", "name": "drainage system", "name_en": "", "name_sw": "", "waterway": "drain", "covered": "", "width": "", "depth": "0.00000e+00", "layer": "-1", "blockage": "", "tunnel": "yes", "natural_cl": "", "water": "", "source": "", "adm0_pcode": "KEN", "adm0_name": "Kenya", "adm1_pcode": "KE047", "adm1_name": "Nairobi", "adm2_pcode": "KE047277", "adm2_name": "Langata", "adm3_pcode": "", "adm3_name": "", "adm4_pcode": "", "adm4_name": "", "name_latin": "drainage system", "display_name": "drainage system", "osm_id": "way/772140031", "model_source": "river.geojson", "inspection_area": "Kibera" }, "geometry": { "type": "LineString", "coordinates": [ [ 36.7821857, -1.3156281, 0.0 ], [ 36.7822276, -1.3155401, 0.0 ], [ 36.7822678, -1.3155752, 0.0 ], [ 36.7826907, -1.3159036, 0.0 ], [ 36.7827842, -1.316103, 0.0 ], [ 36.7829817, -1.3163375, 0.0 ], [ 36.7831215, -1.3164691, 0.0 ], [ 36.7834766, -1.3167768, 0.0 ] ] } },
{ "type": "Feature", "properties": { "id": "way/1135668659", "name": "drainage system", "name_en": "", "name_sw": "", "waterway": "drain", "covered": "", "width": "", "depth": "0.00000e+00", "layer": "-1", "blockage": "", "tunnel": "yes", "natural_cl": "", "water": "", "source": "", "adm0_pcode": "KEN", "adm0_name": "Kenya", "adm1_pcode": "KE047", "adm1_name": "Nairobi", "adm2_pcode": "KE047277", "adm2_name": "Langata", "adm3_pcode": "", "adm3_name": "", "adm4_pcode": "", "adm4_name": "", "name_latin": "drainage system", "display_name": "drainage system", "osm_id": "way/1135668659", "model_source": "river.geojson", "inspection_area": "Kibera" }, "geometry": { "type": "LineString", "coordinates": [ [ 36.7816549, -1.3160749, 0.0 ], [ 36.7812564, -1.3162171, 0.0 ] ] } },
{ "type": "Feature", "properties": { "id": "way/239567540", "name": "drainage system", "name_en": "", "name_sw": "", "waterway": "drain", "covered": "", "width": "", "depth": "0.00000e+00", "layer": "0", "blockage": "", "tunnel": "", "natural_cl": "", "water": "", "source": "", "adm0_pcode": "KEN", "adm0_name": "Kenya", "adm1_pcode": "KE047", "adm1_name": "Nairobi", "adm2_pcode": "KE047277", "adm2_name": "Langata", "adm3_pcode": "", "adm3_name": "", "adm4_pcode": "", "adm4_name": "", "name_latin": "drainage system", "display_name": "drainage system", "osm_id": "way/239567540", "model_source": "river.geojson", "inspection_area": "Kibera" }, "geometry": { "type": "LineString", "coordinates": [ [ 36.7807219, -1.315104, 0.0 ], [ 36.7804471, -1.3157681, 0.0 ], [ 36.7803955, -1.3158694, 0.0 ], [ 36.7803219, -1.3160348, 0.0 ], [ 36.7802953, -1.3160517, 0.0 ], [ 36.7802808, -1.3160512, 0.0 ], [ 36.7802321, -1.3160663, 0.0 ], [ 36.7801377, -1.3162926, 0.0 ], [ 36.780127542018214, -1.316552470208731, 0.0 ] ] } },
{ "type": "Feature", "properties": { "id": "way/239567539", "name": "drainage system", "name_en": "", "name_sw": "", "waterway": "drain", "covered": "", "width": "", "depth": "0.00000e+00", "layer": "-1", "blockage": "", "tunnel": "yes", "natural_cl": "", "water": "", "source": "", "adm0_pcode": "KEN", "adm0_name": "Kenya", "adm1_pcode": "KE047", "adm1_name": "Nairobi", "adm2_pcode": "KE047277", "adm2_name": "Langata", "adm3_pcode": "", "adm3_name": "", "adm4_pcode": "", "adm4_name": "", "name_latin": "drainage system", "display_name": "drainage system", "osm_id": "way/239567539", "model_source": "river.geojson", "inspection_area": "Kibera" }, "geometry": { "type": "LineString", "coordinates": [ [ 36.7823272, -1.315912, 0.0 ], [ 36.7824331, -1.31588, 0.0 ], [ 36.782642, -1.3161038, 0.0 ], [ 36.7827842, -1.316103, 0.0 ], [ 36.7828316, -1.3160412, 0.0 ], [ 36.7829376, -1.3161263, 0.0 ], [ 36.7829609, -1.3162331, 0.0 ], [ 36.783054, -1.3162813, 0.0 ], [ 36.7832379, -1.3162387, 0.0 ], [ 36.7833241, -1.3162478, 0.0 ], [ 36.7834097, -1.316264, 0.0 ] ] } },
{ "type": "Feature", "properties": { "id": "way/1135672757", "name": "", "name_en": "", "name_sw": "", "waterway": "drain", "covered": "", "width": "", "depth": "0.00000e+00", "layer": "-1", "blockage": "", "tunnel": "yes", "natural_cl": "", "water": "", "source": "", "adm0_pcode": "KEN", "adm0_name": "Kenya", "adm1_pcode": "KE047", "adm1_name": "Nairobi", "adm2_pcode": "KE047277", "adm2_name": "Langata", "adm3_pcode": "", "adm3_name": "", "adm4_pcode": "", "adm4_name": "", "name_latin": "", "display_name": "", "osm_id": "way/1135672757", "model_source": "river.geojson", "inspection_area": "Kibera" }, "geometry": { "type": "LineString", "coordinates": [ [ 36.7843832, -1.3157811, 0.0 ], [ 36.7844026, -1.3158946, 0.0 ], [ 36.7844544, -1.3160984, 0.0 ], [ 36.7845171, -1.316204, 0.0 ], [ 36.7845324, -1.3162591, 0.0 ], [ 36.7845534, -1.3162972, 0.0 ] ] } },
{ "type": "Feature", "properties": { "id": "way/1135669286", "name": "drainage system", "name_en": "", "name_sw": "", "waterway": "drain", "covered": "", "width": "", "depth": "0.00000e+00", "layer": "-1", "blockage": "", "tunnel": "culvert", "natural_cl": "", "water": "", "source": "", "adm0_pcode": "KEN", "adm0_name": "Kenya", "adm1_pcode": "KE047", "adm1_name": "Nairobi", "adm2_pcode": "KE047277", "adm2_name": "Langata", "adm3_pcode": "", "adm3_name": "", "adm4_pcode": "", "adm4_name": "", "name_latin": "drainage system", "display_name": "drainage system", "osm_id": "way/1135669286", "model_source": "river.geojson", "inspection_area": "Kibera" }, "geometry": { "type": "LineString", "coordinates": [ [ 36.7830789, -1.315999, 0.0 ], [ 36.78314420000001, -1.3160549, 0.0 ] ] } },
{ "type": "Feature", "properties": { "id": "way/239567546", "name": "drainage system", "name_en": "", "name_sw": "", "waterway": "drain", "covered": "", "width": "", "depth": "0.00000e+00", "layer": "-1", "blockage": "", "tunnel": "yes", "natural_cl": "", "water": "", "source": "", "adm0_pcode": "KEN", "adm0_name": "Kenya", "adm1_pcode": "KE047", "adm1_name": "Nairobi", "adm2_pcode": "KE047277", "adm2_name": "Langata", "adm3_pcode": "", "adm3_name": "", "adm4_pcode": "", "adm4_name": "", "name_latin": "drainage system", "display_name": "drainage system", "osm_id": "way/239567546", "model_source": "river.geojson", "inspection_area": "Kibera" }, "geometry": { "type": "LineString", "coordinates": [ [ 36.7798586, -1.3154213, 0.0 ], [ 36.7799269, -1.3154245, 0.0 ], [ 36.7799365, -1.3156011, 0.0 ], [ 36.779967, -1.3156702, 0.0 ], [ 36.7799871, -1.3161543, 0.0 ], [ 36.77998663908744, -1.316155009401862, 0.0 ] ] } },
{ "type": "Feature", "properties": { "id": "way/239567542", "name": "drainage system", "name_en": "", "name_sw": "", "waterway": "drain", "covered": "", "width": "", "depth": "0.00000e+00", "layer": "-1", "blockage": "", "tunnel": "yes", "natural_cl": "", "water": "", "source": "", "adm0_pcode": "KEN", "adm0_name": "Kenya", "adm1_pcode": "KE047", "adm1_name": "Nairobi", "adm2_pcode": "KE047277", "adm2_name": "Langata", "adm3_pcode": "", "adm3_name": "", "adm4_pcode": "", "adm4_name": "", "name_latin": "drainage system", "display_name": "drainage system", "osm_id": "way/239567542", "model_source": "river.geojson", "inspection_area": "Kibera" }, "geometry": { "type": "LineString", "coordinates": [ [ 36.7798224, -1.3153639, 0.0 ], [ 36.7797872, -1.3153858, 0.0 ], [ 36.7797885, -1.315413, 0.0 ], [ 36.779777810848074, -1.315415210234939, 0.0 ] ] } },
{ "type": "Feature", "properties": { "id": "way/238451658", "name": "drainage system", "name_en": "", "name_sw": "", "waterway": "drain", "covered": "", "width": "", "depth": "0.00000e+00", "layer": "-1", "blockage": "", "tunnel": "yes", "natural_cl": "", "water": "", "source": "", "adm0_pcode": "KEN", "adm0_name": "Kenya", "adm1_pcode": "KE047", "adm1_name": "Nairobi", "adm2_pcode": "KE047277", "adm2_name": "Langata", "adm3_pcode": "", "adm3_name": "", "adm4_pcode": "", "adm4_name": "", "name_latin": "drainage system", "display_name": "drainage system", "osm_id": "way/238451658", "model_source": "river.geojson", "inspection_area": "Kibera" }, "geometry": { "type": "LineString", "coordinates": [ [ 36.7834098, -1.3151506, 0.0 ], [ 36.7833229, -1.3152185, 0.0 ], [ 36.7833174, -1.315343, 0.0 ], [ 36.7834158, -1.3154244, 0.0 ], [ 36.7834365, -1.3154969, 0.0 ], [ 36.7834572, -1.3155383, 0.0 ], [ 36.7834631, -1.3155798, 0.0 ], [ 36.7834587, -1.3156626, 0.0 ], [ 36.783401, -1.3157189, 0.0 ], [ 36.7833802, -1.315747, 0.0 ], [ 36.7833876, -1.3158032, 0.0 ], [ 36.7833995, -1.3158447, 0.0 ], [ 36.783435, -1.3158964, 0.0 ], [ 36.7835001, -1.3159038, 0.0 ], [ 36.7835268, -1.3159157, 0.0 ], [ 36.7836334, -1.316114, 0.0 ], [ 36.7836471, -1.3161354, 0.0 ], [ 36.783694, -1.3162087, 0.0 ], [ 36.7837281, -1.3163108, 0.0 ], [ 36.7837932, -1.3164129, 0.0 ], [ 36.7839423, -1.3165472, 0.0 ] ] } },
{ "type": "Feature", "properties": { "id": "way/238451653", "name": "", "name_en": "", "name_sw": "", "waterway": "drain", "covered": "", "width": "", "depth": "0.00000e+00", "layer": "-1", "blockage": "", "tunnel": "yes", "natural_cl": "", "water": "", "source": "", "adm0_pcode": "KEN", "adm0_name": "Kenya", "adm1_pcode": "KE047", "adm1_name": "Nairobi", "adm2_pcode": "KE047277", "adm2_name": "Langata", "adm3_pcode": "", "adm3_name": "", "adm4_pcode": "", "adm4_name": "", "name_latin": "", "display_name": "", "osm_id": "way/238451653", "model_source": "river.geojson", "inspection_area": "Kibera" }, "geometry": { "type": "LineString", "coordinates": [ [ 36.7825407, -1.3149295, 0.0 ], [ 36.7825488, -1.3149317, 0.0 ], [ 36.7825893, -1.3149549, 0.0 ], [ 36.7827256, -1.3152568, 0.0 ], [ 36.7827655, -1.3153007, 0.0 ], [ 36.7828804, -1.3154085, 0.0 ], [ 36.7829876, -1.3155518, 0.0 ], [ 36.7830733, -1.3157148, 0.0 ], [ 36.7831163, -1.3158933, 0.0 ], [ 36.7831757, -1.3159668, 0.0 ], [ 36.7832326, -1.3160167, 0.0 ], [ 36.7833229, -1.3161046, 0.0 ], [ 36.783401, -1.3161928, 0.0 ], [ 36.7834354, -1.3162426, 0.0 ], [ 36.7834911, -1.316328, 0.0 ], [ 36.7836771, -1.3165401, 0.0 ], [ 36.7837135, -1.3166104, 0.0 ], [ 36.7837123, -1.3166487, 0.0 ] ] } },
{ "type": "Feature", "properties": { "id": "way/1135672755", "name": "", "name_en": "", "name_sw": "", "waterway": "drain", "covered": "", "width": "", "depth": "0.00000e+00", "layer": "-1", "blockage": "", "tunnel": "culvert", "natural_cl": "", "water": "", "source": "", "adm0_pcode": "KEN", "adm0_name": "Kenya", "adm1_pcode": "KE047", "adm1_name": "Nairobi", "adm2_pcode": "KE047277", "adm2_name": "Langata", "adm3_pcode": "", "adm3_name": "", "adm4_pcode": "", "adm4_name": "", "name_latin": "", "display_name": "", "osm_id": "way/1135672755", "model_source": "river.geojson", "inspection_area": "Kibera" }, "geometry": { "type": "LineString", "coordinates": [ [ 36.7843789, -1.3157607, 0.0 ], [ 36.7843832, -1.3157811, 0.0 ] ] } },
{ "type": "Feature", "properties": { "id": "way/1135672754", "name": "", "name_en": "", "name_sw": "", "waterway": "drain", "covered": "", "width": "", "depth": "0.00000e+00", "layer": "-1", "blockage": "", "tunnel": "culvert", "natural_cl": "", "water": "", "source": "", "adm0_pcode": "KEN", "adm0_name": "Kenya", "adm1_pcode": "KE047", "adm1_name": "Nairobi", "adm2_pcode": "KE047277", "adm2_name": "Langata", "adm3_pcode": "", "adm3_name": "", "adm4_pcode": "", "adm4_name": "", "name_latin": "", "display_name": "", "osm_id": "way/1135672754", "model_source": "river.geojson", "inspection_area": "Kibera" }, "geometry": { "type": "LineString", "coordinates": [ [ 36.7845004, -1.3157325, 0.0 ], [ 36.7845077, -1.3157582, 0.0 ] ] } },
{ "type": "Feature", "properties": { "id": "way/1135672756", "name": "", "name_en": "", "name_sw": "", "waterway": "drain", "covered": "", "width": "", "depth": "0.00000e+00", "layer": "-1", "blockage": "", "tunnel": "yes", "natural_cl": "", "water": "", "source": "", "adm0_pcode": "KEN", "adm0_name": "Kenya", "adm1_pcode": "KE047", "adm1_name": "Nairobi", "adm2_pcode": "KE047277", "adm2_name": "Langata", "adm3_pcode": "", "adm3_name": "", "adm4_pcode": "", "adm4_name": "", "name_latin": "", "display_name": "", "osm_id": "way/1135672756", "model_source": "river.geojson", "inspection_area": "Kibera" }, "geometry": { "type": "LineString", "coordinates": [ [ 36.7843597, -1.315654, 0.0 ], [ 36.7843789, -1.3157607, 0.0 ] ] } },
{ "type": "Feature", "properties": { "id": "way/238451661", "name": "", "name_en": "", "name_sw": "", "waterway": "drain", "covered": "", "width": "", "depth": "0.00000e+00", "layer": "-1", "blockage": "", "tunnel": "yes", "natural_cl": "", "water": "", "source": "", "adm0_pcode": "KEN", "adm0_name": "Kenya", "adm1_pcode": "KE047", "adm1_name": "Nairobi", "adm2_pcode": "KE047277", "adm2_name": "Langata", "adm3_pcode": "", "adm3_name": "", "adm4_pcode": "", "adm4_name": "", "name_latin": "", "display_name": "", "osm_id": "way/238451661", "model_source": "river.geojson", "inspection_area": "Kibera" }, "geometry": { "type": "LineString", "coordinates": [ [ 36.784361, -1.3156488, 0.0 ], [ 36.7843605, -1.315646, 0.0 ], [ 36.7843547, -1.3156295, 0.0 ], [ 36.7843382, -1.3155619, 0.0 ], [ 36.7843185, -1.3154811, 0.0 ], [ 36.7843197, -1.3154413, 0.0 ], [ 36.7843136, -1.3153894, 0.0 ], [ 36.7842695, -1.3151924, 0.0 ], [ 36.7842393, -1.3152007, 0.0 ], [ 36.7840932, -1.3152469, 0.0 ], [ 36.7840449, -1.3152711, 0.0 ], [ 36.7839968, -1.3152922, 0.0 ], [ 36.7839348, -1.3153204, 0.0 ], [ 36.783902, -1.3153439, 0.0 ], [ 36.7839077, -1.3153934, 0.0 ], [ 36.7838976, -1.3154355, 0.0 ], [ 36.7839134, -1.3154847, 0.0 ], [ 36.783902, -1.3155123, 0.0 ], [ 36.7838281, -1.315559, 0.0 ], [ 36.7837614, -1.3155347, 0.0 ], [ 36.7836977, -1.3155271, 0.0 ], [ 36.7836835, -1.3155651, 0.0 ], [ 36.7836861, -1.3155957, 0.0 ], [ 36.7837159, -1.3156651, 0.0 ], [ 36.7837457, -1.315723, 0.0 ], [ 36.783775, -1.3157665, 0.0 ], [ 36.7837785, -1.3158551, 0.0 ], [ 36.7837836, -1.3158865, 0.0 ], [ 36.7837932, -1.3159201, 0.0 ], [ 36.7838008, -1.3160047, 0.0 ], [ 36.7838074, -1.3160737, 0.0 ], [ 36.7837897, -1.3161018, 0.0 ], [ 36.7837553, -1.3161099, 0.0 ], [ 36.7837189, -1.316124, 0.0 ], [ 36.7836499, -1.3161382, 0.0 ] ] } },
{ "type": "Feature", "properties": { "id": "way/1135672758", "name": "drainage system", "name_en": "", "name_sw": "", "waterway": "drain", "covered": "", "width": "", "depth": "0.00000e+00", "layer": "-1", "blockage": "", "tunnel": "culvert", "natural_cl": "", "water": "", "source": "", "adm0_pcode": "KEN", "adm0_name": "Kenya", "adm1_pcode": "KE047", "adm1_name": "Nairobi", "adm2_pcode": "KE047277", "adm2_name": "Langata", "adm3_pcode": "", "adm3_name": "", "adm4_pcode": "", "adm4_name": "", "name_latin": "drainage system", "display_name": "drainage system", "osm_id": "way/1135672758", "model_source": "river.geojson", "inspection_area": "Kibera" }, "geometry": { "type": "LineString", "coordinates": [ [ 36.7843582, -1.315646, 0.0 ], [ 36.7843597, -1.315654, 0.0 ] ] } },
{ "type": "Feature", "properties": { "id": "way/1135668112", "name": "drainage system", "name_en": "", "name_sw": "", "waterway": "drain", "covered": "", "width": "", "depth": "0.00000e+00", "layer": "-1", "blockage": "", "tunnel": "culvert", "natural_cl": "", "water": "", "source": "", "adm0_pcode": "KEN", "adm0_name": "Kenya", "adm1_pcode": "KE047", "adm1_name": "Nairobi", "adm2_pcode": "KE047277", "adm2_name": "Langata", "adm3_pcode": "", "adm3_name": "", "adm4_pcode": "", "adm4_name": "", "name_latin": "drainage system", "display_name": "drainage system", "osm_id": "way/1135668112", "model_source": "river.geojson", "inspection_area": "Kibera" }, "geometry": { "type": "LineString", "coordinates": [ [ 36.7821646, -1.3156195, 0.0 ], [ 36.7821857, -1.3156281, 0.0 ] ] } },
{ "type": "Feature", "properties": { "id": "way/1135668113", "name": "drainage system", "name_en": "", "name_sw": "", "waterway": "drain", "covered": "", "width": "", "depth": "0.00000e+00", "layer": "-1", "blockage": "", "tunnel": "yes", "natural_cl": "", "water": "", "source": "", "adm0_pcode": "KEN", "adm0_name": "Kenya", "adm1_pcode": "KE047", "adm1_name": "Nairobi", "adm2_pcode": "KE047277", "adm2_name": "Langata", "adm3_pcode": "", "adm3_name": "", "adm4_pcode": "", "adm4_name": "", "name_latin": "drainage system", "display_name": "drainage system", "osm_id": "way/1135668113", "model_source": "river.geojson", "inspection_area": "Kibera" }, "geometry": { "type": "LineString", "coordinates": [ [ 36.7819746, -1.3155065, 0.0 ], [ 36.7820589, -1.3155672, 0.0 ], [ 36.7821646, -1.3156195, 0.0 ] ] } },
{ "type": "Feature", "properties": { "id": "way/238451660", "name": "drainage system", "name_en": "", "name_sw": "", "waterway": "drain", "covered": "", "width": "", "depth": "0.00000e+00", "layer": "0", "blockage": "", "tunnel": "", "natural_cl": "", "water": "", "source": "", "adm0_pcode": "KEN", "adm0_name": "Kenya", "adm1_pcode": "KE047", "adm1_name": "Nairobi", "adm2_pcode": "KE047277", "adm2_name": "Langata", "adm3_pcode": "", "adm3_name": "", "adm4_pcode": "", "adm4_name": "", "name_latin": "drainage system", "display_name": "drainage system", "osm_id": "way/238451660", "model_source": "river.geojson", "inspection_area": "Kibera" }, "geometry": { "type": "LineString", "coordinates": [ [ 36.7838253, -1.3155562, 0.0 ], [ 36.7837586, -1.3155319, 0.0 ], [ 36.7836949, -1.3155243, 0.0 ] ] } },
{ "type": "Feature", "properties": { "id": "way/238451667", "name": "", "name_en": "", "name_sw": "", "waterway": "drain", "covered": "", "width": "", "depth": "0.00000e+00", "layer": "-1", "blockage": "", "tunnel": "yes", "natural_cl": "", "water": "", "source": "", "adm0_pcode": "KEN", "adm0_name": "Kenya", "adm1_pcode": "KE047", "adm1_name": "Nairobi", "adm2_pcode": "KE047277", "adm2_name": "Langata", "adm3_pcode": "", "adm3_name": "", "adm4_pcode": "", "adm4_name": "", "name_latin": "", "display_name": "", "osm_id": "way/238451667", "model_source": "river.geojson", "inspection_area": "Kibera" }, "geometry": { "type": "LineString", "coordinates": [ [ 36.7845467, -1.3153133, 0.0 ], [ 36.7844482, -1.3153516, 0.0 ], [ 36.7844368, -1.3154039, 0.0 ], [ 36.7844463, -1.3154581, 0.0 ], [ 36.7844587, -1.3154971, 0.0 ], [ 36.7844805, -1.3156113, 0.0 ], [ 36.7845004, -1.3157325, 0.0 ] ] } },
{ "type": "Feature", "properties": { "id": "way/238451665", "name": "", "name_en": "", "name_sw": "", "waterway": "drain", "covered": "", "width": "", "depth": "0.00000e+00", "layer": "-1", "blockage": "", "tunnel": "yes", "natural_cl": "", "water": "", "source": "", "adm0_pcode": "KEN", "adm0_name": "Kenya", "adm1_pcode": "KE047", "adm1_name": "Nairobi", "adm2_pcode": "KE047277", "adm2_name": "Langata", "adm3_pcode": "", "adm3_name": "", "adm4_pcode": "", "adm4_name": "", "name_latin": "", "display_name": "", "osm_id": "way/238451665", "model_source": "river.geojson", "inspection_area": "Kibera" }, "geometry": { "type": "LineString", "coordinates": [ [ 36.7840449, -1.3152711, 0.0 ], [ 36.7840975, -1.3153683, 0.0 ], [ 36.7841171, -1.3154129, 0.0 ], [ 36.784141, -1.3154617, 0.0 ], [ 36.7841529, -1.315529, 0.0 ], [ 36.7841697, -1.3155869, 0.0 ], [ 36.7841875, -1.3156525, 0.0 ], [ 36.7842164, -1.3156682, 0.0 ], [ 36.7842807, -1.3156595, 0.0 ], [ 36.7843577, -1.3156432, 0.0 ] ] } },
{ "type": "Feature", "properties": { "id": "way/238451666", "name": "drainage system", "name_en": "", "name_sw": "", "waterway": "drain", "covered": "", "width": "", "depth": "0.00000e+00", "layer": "-1", "blockage": "", "tunnel": "yes", "natural_cl": "", "water": "", "source": "", "adm0_pcode": "KEN", "adm0_name": "Kenya", "adm1_pcode": "KE047", "adm1_name": "Nairobi", "adm2_pcode": "KE047277", "adm2_name": "Langata", "adm3_pcode": "", "adm3_name": "", "adm4_pcode": "", "adm4_name": "", "name_latin": "drainage system", "display_name": "drainage system", "osm_id": "way/238451666", "model_source": "river.geojson", "inspection_area": "Kibera" }, "geometry": { "type": "LineString", "coordinates": [ [ 36.7828658, -1.3151468, 0.0 ], [ 36.7828235, -1.3151726, 0.0 ], [ 36.7828023, -1.3151859, 0.0 ], [ 36.7827743, -1.3152112, 0.0 ], [ 36.782755, -1.3152245, 0.0 ], [ 36.7827366, -1.3152328, 0.0 ], [ 36.7827256, -1.3152568, 0.0 ] ] } },
{ "type": "Feature", "properties": { "id": "way/239567543", "name": "", "name_en": "", "name_sw": "", "waterway": "drain", "covered": "", "width": "", "depth": "0.00000e+00", "layer": "-1", "blockage": "", "tunnel": "yes", "natural_cl": "", "water": "", "source": "", "adm0_pcode": "KEN", "adm0_name": "Kenya", "adm1_pcode": "KE047", "adm1_name": "Nairobi", "adm2_pcode": "KE047277", "adm2_name": "Langata", "adm3_pcode": "", "adm3_name": "", "adm4_pcode": "", "adm4_name": "", "name_latin": "", "display_name": "", "osm_id": "way/239567543", "model_source": "river.geojson", "inspection_area": "Kibera" }, "geometry": { "type": "LineString", "coordinates": [ [ 36.7815021, -1.3145035, 0.0 ], [ 36.782115, -1.3143604, 0.0 ], [ 36.7825136, -1.3144512, 0.0 ], [ 36.7825269, -1.3147036, 0.0 ], [ 36.7825366, -1.3149293, 0.0 ], [ 36.7825563, -1.3150044, 0.0 ], [ 36.782696, -1.3153013, 0.0 ], [ 36.7829794, -1.3155987, 0.0 ], [ 36.7830789, -1.315999, 0.0 ] ] } },
{ "type": "Feature", "properties": { "id": "way/1135667567", "name": "", "name_en": "", "name_sw": "", "waterway": "drain", "covered": "", "width": "", "depth": "0.00000e+00", "layer": "-1", "blockage": "", "tunnel": "culvert", "natural_cl": "", "water": "", "source": "", "adm0_pcode": "KEN", "adm0_name": "Kenya", "adm1_pcode": "KE047", "adm1_name": "Nairobi", "adm2_pcode": "KE047277", "adm2_name": "Langata", "adm3_pcode": "", "adm3_name": "", "adm4_pcode": "", "adm4_name": "", "name_latin": "", "display_name": "", "osm_id": "way/1135667567", "model_source": "river.geojson", "inspection_area": "Kibera" }, "geometry": { "type": "LineString", "coordinates": [ [ 36.7825407, -1.3149295, 0.0 ], [ 36.7825366, -1.3149293, 0.0 ] ] } },
{ "type": "Feature", "properties": { "id": "way/238451659", "name": "", "name_en": "", "name_sw": "", "waterway": "drain", "covered": "", "width": "", "depth": "0.00000e+00", "layer": "-1", "blockage": "", "tunnel": "yes", "natural_cl": "", "water": "", "source": "", "adm0_pcode": "KEN", "adm0_name": "Kenya", "adm1_pcode": "KE047", "adm1_name": "Nairobi", "adm2_pcode": "KE047277", "adm2_name": "Langata", "adm3_pcode": "", "adm3_name": "", "adm4_pcode": "", "adm4_name": "", "name_latin": "", "display_name": "", "osm_id": "way/238451659", "model_source": "river.geojson", "inspection_area": "Kibera" }, "geometry": { "type": "LineString", "coordinates": [ [ 36.7822537, -1.3140296, 0.0 ], [ 36.7823323, -1.3142319, 0.0 ], [ 36.7823585, -1.3142998, 0.0 ], [ 36.7823488, -1.3143498, 0.0 ], [ 36.7823881, -1.3143784, 0.0 ], [ 36.7824973, -1.314408, 0.0 ], [ 36.7825734, -1.3144235, 0.0 ], [ 36.7825836, -1.3144434, 0.0 ], [ 36.7826084, -1.3144832, 0.0 ], [ 36.7828345, -1.3145055, 0.0 ], [ 36.783, -1.314538, 0.0 ], [ 36.7830684, -1.3145574, 0.0 ], [ 36.7831815, -1.3146113, 0.0 ], [ 36.7832635, -1.3146598, 0.0 ], [ 36.7834178, -1.3147127, 0.0 ], [ 36.7837216, -1.314719, 0.0 ], [ 36.7837987, -1.3147272, 0.0 ], [ 36.7838773, -1.3147335, 0.0 ], [ 36.7840122, -1.3147592, 0.0 ], [ 36.7840326, -1.3147694, 0.0 ], [ 36.7840744, -1.3148471, 0.0 ], [ 36.7841025, -1.3149548, 0.0 ], [ 36.78414080000001, -1.3150489, 0.0 ], [ 36.7841898, -1.3151013, 0.0 ], [ 36.7842117, -1.3151318, 0.0 ], [ 36.7842393, -1.3152007, 0.0 ] ] } },
{ "type": "Feature", "properties": { "id": "way/238451673", "name": "", "name_en": "", "name_sw": "", "waterway": "drain", "covered": "", "width": "", "depth": "0.00000e+00", "layer": "0", "blockage": "", "tunnel": "", "natural_cl": "", "water": "", "source": "", "adm0_pcode": "KEN", "adm0_name": "Kenya", "adm1_pcode": "KE047", "adm1_name": "Nairobi", "adm2_pcode": "KE047277", "adm2_name": "Langata", "adm3_pcode": "", "adm3_name": "", "adm4_pcode": "", "adm4_name": "", "name_latin": "", "display_name": "", "osm_id": "way/238451673", "model_source": "river.geojson", "inspection_area": "Kibera" }, "geometry": { "type": "LineString", "coordinates": [ [ 36.7848876, -1.3149299, 0.0 ], [ 36.7848409, -1.314891, 0.0 ], [ 36.7847698, -1.3148588, 0.0 ], [ 36.7847013, -1.3148478, 0.0 ], [ 36.7845681, -1.3147916, 0.0 ], [ 36.7845104, -1.3146199, 0.0 ], [ 36.784429, -1.3144956, 0.0 ], [ 36.784238, -1.3142825, 0.0 ], [ 36.7841092, -1.3141109, 0.0 ], [ 36.7839272, -1.3138697, 0.0 ] ] } },
{ "type": "Feature", "properties": { "id": "way/825202326", "name": "Ngong river", "name_en": "", "name_sw": "", "waterway": "stream", "covered": "", "width": "", "depth": "0.00000e+00", "layer": "-1", "blockage": "", "tunnel": "culvert", "natural_cl": "", "water": "", "source": "", "adm0_pcode": "KEN", "adm0_name": "Kenya", "adm1_pcode": "KE047", "adm1_name": "Nairobi", "adm2_pcode": "KE047278", "adm2_name": "Kibra", "adm3_pcode": "", "adm3_name": "", "adm4_pcode": "", "adm4_name": "", "name_latin": "Ngong river", "display_name": "Ngong river", "osm_id": "way/825202326", "model_source": "river.geojson", "inspection_area": "Kibera" }, "geometry": { "type": "LineString", "coordinates": [ [ 36.7910068, -1.3121299, 0.0 ], [ 36.7915523, -1.3123885, 0.0 ] ] } },
{ "type": "Feature", "properties": { "id": "way/48161450", "name": "waterscape", "name_en": "", "name_sw": "", "waterway": "stream", "covered": "", "width": "", "depth": "0.00000e+00", "layer": "-1", "blockage": "", "tunnel": "", "natural_cl": "", "water": "", "source": "", "adm0_pcode": "KEN", "adm0_name": "Kenya", "adm1_pcode": "KE047", "adm1_name": "Nairobi", "adm2_pcode": "KE047278", "adm2_name": "Kibra", "adm3_pcode": "", "adm3_name": "", "adm4_pcode": "", "adm4_name": "", "name_latin": "waterscape", "display_name": "waterscape", "osm_id": "way/48161450", "model_source": "river.geojson", "inspection_area": "Kibera" }, "geometry": { "type": "LineString", "coordinates": [ [ 36.7943463, -1.3135937, 0.0 ], [ 36.7942662, -1.313498, 0.0 ], [ 36.7941995, -1.3133979, 0.0 ], [ 36.7940772, -1.3133034, 0.0 ], [ 36.7939827, -1.3132311, 0.0 ], [ 36.7939132, -1.313195, 0.0 ], [ 36.7938437, -1.3131644, 0.0 ], [ 36.7937881, -1.3131227, 0.0 ], [ 36.7937686, -1.3130365, 0.0 ], [ 36.7938048, -1.312917, 0.0 ], [ 36.7938465, -1.3128281, 0.0 ], [ 36.7938687, -1.3127308, 0.0 ], [ 36.7938465, -1.3126391, 0.0 ], [ 36.793802, -1.312564, 0.0 ], [ 36.7937409, -1.3124667, 0.0 ], [ 36.7936908, -1.3124417, 0.0 ], [ 36.7936158, -1.312425, 0.0 ], [ 36.7935407, -1.3124, 0.0 ], [ 36.7934879, -1.3124, 0.0 ], [ 36.7934601, -1.3123444, 0.0 ], [ 36.7934379, -1.312261, 0.0 ], [ 36.7933712, -1.3121582, 0.0 ], [ 36.7933287, -1.3121406, 0.0 ], [ 36.793322, -1.312054, 0.0 ], [ 36.7932878, -1.3119074, 0.0 ], [ 36.7932639, -1.3117404, 0.0 ], [ 36.7932531, -1.3116482, 0.0 ], [ 36.7932493, -1.3116155, 0.0 ], [ 36.7932484, -1.3114686, 0.0 ], [ 36.7932871, -1.3113924, 0.0 ], [ 36.7933144, -1.3113386, 0.0 ], [ 36.7933223, -1.311298, 0.0 ], [ 36.7933156, -1.3112159, 0.0 ], [ 36.7932767, -1.311152, 0.0 ], [ 36.7932294, -1.3110992, 0.0 ], [ 36.7931849, -1.3110241, 0.0 ], [ 36.7931432, -1.3109213, 0.0 ], [ 36.7931071, -1.3107073, 0.0 ], [ 36.7931038, -1.3106797, 0.0 ], [ 36.7930849, -1.310521, 0.0 ], [ 36.7930763, -1.3104525, 0.0 ], [ 36.7930626, -1.3103431, 0.0 ], [ 36.7930293, -1.3101986, 0.0 ], [ 36.7930115, -1.3100921, 0.0 ], [ 36.7930015, -1.3100318, 0.0 ], [ 36.792957, -1.3098623, 0.0 ], [ 36.7929237, -1.3096955, 0.0 ], [ 36.7929403, -1.3095843, 0.0 ], [ 36.7929444, -1.3095488, 0.0 ], [ 36.7929502, -1.3094983, 0.0 ] ] } },
{ "type": "Feature", "properties": { "id": "way/1502060945", "name": "Ngong river", "name_en": "", "name_sw": "", "waterway": "stream", "covered": "", "width": "", "depth": "0.00000e+00", "layer": "0", "blockage": "", "tunnel": "", "natural_cl": "", "water": "", "source": "", "adm0_pcode": "KEN", "adm0_name": "Kenya", "adm1_pcode": "KE047", "adm1_name": "Nairobi", "adm2_pcode": "KE047278", "adm2_name": "Kibra", "adm3_pcode": "", "adm3_name": "", "adm4_pcode": "", "adm4_name": "", "name_latin": "Ngong river", "display_name": "Ngong river", "osm_id": "way/1502060945", "model_source": "river.geojson", "inspection_area": "Kibera" }, "geometry": { "type": "LineString", "coordinates": [ [ 36.7896548, -1.3101371, 0.0 ], [ 36.789658, -1.3101427, 0.0 ], [ 36.7896798, -1.3102153, 0.0 ], [ 36.7897184, -1.3102973, 0.0 ], [ 36.7897656, -1.310407, 0.0 ], [ 36.7897775, -1.3104472, 0.0 ], [ 36.7896726, -1.3105217, 0.0 ], [ 36.789649, -1.3105371, 0.0 ], [ 36.7896442, -1.3105524, 0.0 ], [ 36.7896433, -1.3105636, 0.0 ], [ 36.7896449, -1.3105746, 0.0 ], [ 36.7896481, -1.3106111, 0.0 ], [ 36.7896459, -1.3106376, 0.0 ], [ 36.7896631, -1.3106842, 0.0 ], [ 36.7896794, -1.310718, 0.0 ], [ 36.7896887, -1.3107315, 0.0 ], [ 36.7897207, -1.3107824, 0.0 ], [ 36.7897651, -1.310829, 0.0 ], [ 36.7897951, -1.3108123, 0.0 ], [ 36.7898521, -1.310874, 0.0 ], [ 36.7899005, -1.3109009, 0.0 ], [ 36.7899188, -1.310942, 0.0 ], [ 36.789993, -1.3109875, 0.0 ], [ 36.7900254, -1.3110221, 0.0 ], [ 36.7900258, -1.3110382, 0.0 ], [ 36.7900375, -1.3110529, 0.0 ], [ 36.7900965, -1.3111213, 0.0 ], [ 36.7901448, -1.3111723, 0.0 ], [ 36.7901967, -1.3112049, 0.0 ], [ 36.7902239, -1.3112554, 0.0 ], [ 36.790248, -1.3112779, 0.0 ], [ 36.79024, -1.3112966, 0.0 ], [ 36.7902487, -1.3113171, 0.0 ], [ 36.7902651, -1.3113298, 0.0 ], [ 36.790294, -1.3113615, 0.0 ], [ 36.7902775, -1.3113811, 0.0 ], [ 36.7903228, -1.311424, 0.0 ], [ 36.7903161, -1.3114394, 0.0 ], [ 36.7903499, -1.3114765, 0.0 ], [ 36.7903879, -1.3115028, 0.0 ], [ 36.7904073, -1.3114882, 0.0 ], [ 36.7904804, -1.311539, 0.0 ], [ 36.7904646, -1.3115695, 0.0 ], [ 36.7906002, -1.3116568, 0.0 ], [ 36.7907782, -1.3118089, 0.0 ], [ 36.7908046, -1.3118898, 0.0 ], [ 36.7909371, -1.3120506, 0.0 ], [ 36.7910068, -1.3121299, 0.0 ] ] } },
{ "type": "Feature", "properties": { "id": "way/1502060946", "name": "Ngong river", "name_en": "", "name_sw": "", "waterway": "stream", "covered": "", "width": "", "depth": "0.00000e+00", "layer": "-1", "blockage": "", "tunnel": "culvert", "natural_cl": "", "water": "", "source": "", "adm0_pcode": "KEN", "adm0_name": "Kenya", "adm1_pcode": "KE047", "adm1_name": "Nairobi", "adm2_pcode": "KE047278", "adm2_name": "Kibra", "adm3_pcode": "", "adm3_name": "", "adm4_pcode": "", "adm4_name": "", "name_latin": "Ngong river", "display_name": "Ngong river", "osm_id": "way/1502060946", "model_source": "river.geojson", "inspection_area": "Kibera" }, "geometry": { "type": "LineString", "coordinates": [ [ 36.7896139, -1.310067, 0.0 ], [ 36.7896548, -1.3101371, 0.0 ] ] } },
{ "type": "Feature", "properties": { "id": "way/1502060948", "name": "waterscape", "name_en": "", "name_sw": "", "waterway": "stream", "covered": "", "width": "", "depth": "0.00000e+00", "layer": "-1", "blockage": "", "tunnel": "culvert", "natural_cl": "", "water": "", "source": "", "adm0_pcode": "KEN", "adm0_name": "Kenya", "adm1_pcode": "KE047", "adm1_name": "Nairobi", "adm2_pcode": "KE047278", "adm2_name": "Kibra", "adm3_pcode": "", "adm3_name": "", "adm4_pcode": "", "adm4_name": "", "name_latin": "waterscape", "display_name": "waterscape", "osm_id": "way/1502060948", "model_source": "river.geojson", "inspection_area": "Kibera" }, "geometry": { "type": "LineString", "coordinates": [ [ 36.7929502, -1.3094983, 0.0 ], [ 36.792957, -1.3094398, 0.0 ] ] } },
{ "type": "Feature", "properties": { "id": "way/1502060947", "name": "waterscape", "name_en": "", "name_sw": "", "waterway": "stream", "covered": "", "width": "", "depth": "0.00000e+00", "layer": "-1", "blockage": "", "tunnel": "", "natural_cl": "", "water": "", "source": "", "adm0_pcode": "KEN", "adm0_name": "Kenya", "adm1_pcode": "KE047", "adm1_name": "Nairobi", "adm2_pcode": "KE047278", "adm2_name": "Kibra", "adm3_pcode": "", "adm3_name": "", "adm4_pcode": "", "adm4_name": "", "name_latin": "waterscape", "display_name": "waterscape", "osm_id": "way/1502060947", "model_source": "river.geojson", "inspection_area": "Kibera" }, "geometry": { "type": "LineString", "coordinates": [ [ 36.792957, -1.3094398, 0.0 ], [ 36.792932, -1.3093369, 0.0 ], [ 36.7928875, -1.3092174, 0.0 ], [ 36.7928403, -1.3091062, 0.0 ], [ 36.7927652, -1.3089534, 0.0 ], [ 36.7927374, -1.3088561, 0.0 ], [ 36.7926846, -1.308731, 0.0 ], [ 36.7926401, -1.3086532, 0.0 ], [ 36.7925929, -1.3086087, 0.0 ], [ 36.7925512, -1.3085614, 0.0 ], [ 36.7925234, -1.3084808, 0.0 ], [ 36.7924956, -1.3084503, 0.0 ], [ 36.7924706, -1.3084169, 0.0 ], [ 36.7924706, -1.3083863, 0.0 ], [ 36.7925095, -1.3083808, 0.0 ], [ 36.7925345, -1.308353, 0.0 ], [ 36.7925317, -1.3083168, 0.0 ] ] } },
{ "type": "Feature", "properties": { "id": "way/48161215", "name": "Ngong river", "name_en": "", "name_sw": "", "waterway": "stream", "covered": "", "width": "", "depth": "0.00000e+00", "layer": "0", "blockage": "", "tunnel": "", "natural_cl": "", "water": "", "source": "", "adm0_pcode": "KEN", "adm0_name": "Kenya", "adm1_pcode": "KE047", "adm1_name": "Nairobi", "adm2_pcode": "KE047278", "adm2_name": "Kibra", "adm3_pcode": "", "adm3_name": "", "adm4_pcode": "", "adm4_name": "", "name_latin": "Ngong river", "display_name": "Ngong river", "osm_id": "way/48161215", "model_source": "river.geojson", "inspection_area": "Kibera" }, "geometry": { "type": "LineString", "coordinates": [ [ 36.7866487, -1.3071376, 0.0 ], [ 36.7867084, -1.3072409, 0.0 ], [ 36.7869278, -1.3073724, 0.0 ], [ 36.7875613, -1.3075529, 0.0 ], [ 36.7876487, -1.3076353, 0.0 ], [ 36.7877739, -1.3076242, 0.0 ], [ 36.7884274, -1.3079146, 0.0 ], [ 36.7885581, -1.3079759, 0.0 ], [ 36.7886173, -1.3080884, 0.0 ], [ 36.7887901, -1.3082306, 0.0 ], [ 36.7889412, -1.3082941, 0.0 ], [ 36.7889745, -1.3083538, 0.0 ], [ 36.7890123, -1.3087373, 0.0 ], [ 36.7891639, -1.3090039, 0.0 ], [ 36.789248, -1.309072, 0.0 ], [ 36.7896171, -1.3098649, 0.0 ], [ 36.789661, -1.3099753, 0.0 ], [ 36.7896026, -1.3100477, 0.0 ], [ 36.7896139, -1.310067, 0.0 ] ] } },
{ "type": "Feature", "properties": { "id": "way/435092423", "name": "", "name_en": "", "name_sw": "", "waterway": "stream", "covered": "", "width": "", "depth": "0.00000e+00", "layer": "0", "blockage": "", "tunnel": "", "natural_cl": "", "water": "", "source": "", "adm0_pcode": "KEN", "adm0_name": "Kenya", "adm1_pcode": "KE047", "adm1_name": "Nairobi", "adm2_pcode": "KE047278", "adm2_name": "Kibra", "adm3_pcode": "", "adm3_name": "", "adm4_pcode": "", "adm4_name": "", "name_latin": "", "display_name": "", "osm_id": "way/435092423", "model_source": "river.geojson", "inspection_area": "Kibera" }, "geometry": { "type": "LineString", "coordinates": [ [ 36.790384, -1.3072657, 0.0 ], [ 36.7904371, -1.3072781, 0.0 ], [ 36.7904884, -1.3072675, 0.0 ], [ 36.7905344, -1.307248, 0.0 ], [ 36.7905769, -1.3072321, 0.0 ], [ 36.7906494, -1.3072179, 0.0 ], [ 36.7906866, -1.307202, 0.0 ], [ 36.7907326, -1.3071843, 0.0 ], [ 36.7907698, -1.307156, 0.0 ], [ 36.7907963, -1.3071295, 0.0 ], [ 36.7908406, -1.3071135, 0.0 ], [ 36.7908671, -1.3071118, 0.0 ], [ 36.7909131, -1.3071277, 0.0 ], [ 36.7909538, -1.3071666, 0.0 ], [ 36.790968, -1.3072179, 0.0 ], [ 36.7909892, -1.3072798, 0.0 ], [ 36.7910246, -1.3073329, 0.0 ], [ 36.7910494, -1.3073453, 0.0 ], [ 36.7910901, -1.3073453, 0.0 ], [ 36.7911095, -1.3073382, 0.0 ], [ 36.7911644, -1.3073276, 0.0 ], [ 36.7912069, -1.3073294, 0.0 ], [ 36.7912316, -1.3073364, 0.0 ], [ 36.7912635, -1.3073347, 0.0 ], [ 36.7912865, -1.3073329, 0.0 ], [ 36.791336, -1.3073594, 0.0 ], [ 36.7913821, -1.3073718, 0.0 ], [ 36.7914263, -1.3073807, 0.0 ], [ 36.7914758, -1.3074019, 0.0 ], [ 36.7915219, -1.3073984, 0.0 ], [ 36.7915873, -1.3073913, 0.0 ], [ 36.7916156, -1.3073931, 0.0 ], [ 36.7916758, -1.3073966, 0.0 ], [ 36.7917678, -1.3074231, 0.0 ], [ 36.7918386, -1.3074284, 0.0 ], [ 36.7919094, -1.3074408, 0.0 ], [ 36.7919705, -1.3074462, 0.0 ] ] } },
{ "type": "Feature", "properties": { "id": "way/238451670", "name": "", "name_en": "", "name_sw": "", "waterway": "drain", "covered": "", "width": "", "depth": "0.00000e+00", "layer": "0", "blockage": "", "tunnel": "", "natural_cl": "", "water": "", "source": "", "adm0_pcode": "KEN", "adm0_name": "Kenya", "adm1_pcode": "KE047", "adm1_name": "Nairobi", "adm2_pcode": "KE047277", "adm2_name": "Langata", "adm3_pcode": "", "adm3_name": "", "adm4_pcode": "", "adm4_name": "", "name_latin": "", "display_name": "", "osm_id": "way/238451670", "model_source": "river.geojson", "inspection_area": "Kibera" }, "geometry": { "type": "LineString", "coordinates": [ [ 36.7855786, -1.3153735, 0.0 ], [ 36.7856852, -1.3153782, 0.0 ], [ 36.7857984, -1.3153972, 0.0 ], [ 36.7858336, -1.3154229, 0.0 ], [ 36.7858479, -1.3155685, 0.0 ], [ 36.7858698, -1.3156779, 0.0 ], [ 36.785895, -1.3157972, 0.0 ], [ 36.7859005, -1.3159213, 0.0 ], [ 36.7858392, -1.3160856, 0.0 ], [ 36.785781, -1.3161683, 0.0 ] ] } },
{ "type": "Feature", "properties": { "id": "way/238451664", "name": "", "name_en": "", "name_sw": "", "waterway": "drain", "covered": "", "width": "", "depth": "0.00000e+00", "layer": "-1", "blockage": "", "tunnel": "yes", "natural_cl": "", "water": "", "source": "", "adm0_pcode": "KEN", "adm0_name": "Kenya", "adm1_pcode": "KE047", "adm1_name": "Nairobi", "adm2_pcode": "KE047277", "adm2_name": "Langata", "adm3_pcode": "", "adm3_name": "", "adm4_pcode": "", "adm4_name": "", "name_latin": "", "display_name": "", "osm_id": "way/238451664", "model_source": "river.geojson", "inspection_area": "Kibera" }, "geometry": { "type": "LineString", "coordinates": [ [ 36.7846033, -1.3155277, 0.0 ], [ 36.7847188, -1.3155211, 0.0 ], [ 36.7847755, -1.3155114, 0.0 ], [ 36.7847965, -1.3154971, 0.0 ], [ 36.784864, -1.3154981, 0.0 ], [ 36.7848954, -1.3154876, 0.0 ], [ 36.7849181, -1.3154833, 0.0 ], [ 36.7849401, -1.3155409, 0.0 ], [ 36.7849696, -1.3156351, 0.0 ], [ 36.7850077, -1.3156769, 0.0 ], [ 36.7850505, -1.3156902, 0.0 ], [ 36.7850943, -1.3156902, 0.0 ], [ 36.7851034, -1.3157146, 0.0 ], [ 36.7851761, -1.31591, 0.0 ], [ 36.7851857, -1.3159494, 0.0 ] ] } },
{ "type": "Feature", "properties": { "id": "way/238451656", "name": "", "name_en": "", "name_sw": "", "waterway": "drain", "covered": "", "width": "", "depth": "0.00000e+00", "layer": "-1", "blockage": "", "tunnel": "yes", "natural_cl": "", "water": "", "source": "", "adm0_pcode": "KEN", "adm0_name": "Kenya", "adm1_pcode": "KE047", "adm1_name": "Nairobi", "adm2_pcode": "KE047277", "adm2_name": "Langata", "adm3_pcode": "", "adm3_name": "", "adm4_pcode": "", "adm4_name": "", "name_latin": "", "display_name": "", "osm_id": "way/238451656", "model_source": "river.geojson", "inspection_area": "Kibera" }, "geometry": { "type": "LineString", "coordinates": [ [ 36.7852628, -1.3154546, 0.0 ], [ 36.7852418, -1.3154886, 0.0 ], [ 36.785237, -1.3155333, 0.0 ], [ 36.7852494, -1.3155856, 0.0 ], [ 36.7852836, -1.3155932, 0.0 ], [ 36.7852884, -1.3156284, 0.0 ], [ 36.7852941, -1.3156683, 0.0 ], [ 36.7852903, -1.3156978, 0.0 ], [ 36.7852703, -1.3157112, 0.0 ], [ 36.7852351, -1.3157054, 0.0 ], [ 36.7851866, -1.3156997, 0.0 ], [ 36.7851419, -1.3157007, 0.0 ], [ 36.7851034, -1.3157146, 0.0 ] ] } },
{ "type": "Feature", "properties": { "id": "way/1135672751", "name": "", "name_en": "", "name_sw": "", "waterway": "drain", "covered": "", "width": "", "depth": "0.00000e+00", "layer": "-1", "blockage": "", "tunnel": "culvert", "natural_cl": "", "water": "", "source": "", "adm0_pcode": "KEN", "adm0_name": "Kenya", "adm1_pcode": "KE047", "adm1_name": "Nairobi", "adm2_pcode": "KE047277", "adm2_name": "Langata", "adm3_pcode": "", "adm3_name": "", "adm4_pcode": "", "adm4_name": "", "name_latin": "", "display_name": "", "osm_id": "way/1135672751", "model_source": "river.geojson", "inspection_area": "Kibera" }, "geometry": { "type": "LineString", "coordinates": [ [ 36.7852608, -1.3154318, 0.0 ], [ 36.7852628, -1.3154546, 0.0 ] ] } },
{ "type": "Feature", "properties": { "id": "way/1135672752", "name": "", "name_en": "", "name_sw": "", "waterway": "drain", "covered": "", "width": "", "depth": "0.00000e+00", "layer": "-1", "blockage": "", "tunnel": "yes", "natural_cl": "", "water": "", "source": "", "adm0_pcode": "KEN", "adm0_name": "Kenya", "adm1_pcode": "KE047", "adm1_name": "Nairobi", "adm2_pcode": "KE047277", "adm2_name": "Langata", "adm3_pcode": "", "adm3_name": "", "adm4_pcode": "", "adm4_name": "", "name_latin": "", "display_name": "", "osm_id": "way/1135672752", "model_source": "river.geojson", "inspection_area": "Kibera" }, "geometry": { "type": "LineString", "coordinates": [ [ 36.7852827, -1.3154077, 0.0 ], [ 36.7852608, -1.3154318, 0.0 ] ] } },
{ "type": "Feature", "properties": { "id": "way/825202327", "name": "Ngong river", "name_en": "", "name_sw": "", "waterway": "stream", "covered": "", "width": "", "depth": "0.00000e+00", "layer": "0", "blockage": "", "tunnel": "", "natural_cl": "", "water": "", "source": "", "adm0_pcode": "KEN", "adm0_name": "Kenya", "adm1_pcode": "KE047", "adm1_name": "Nairobi", "adm2_pcode": "KE047277", "adm2_name": "Langata", "adm3_pcode": "", "adm3_name": "", "adm4_pcode": "", "adm4_name": "", "name_latin": "Ngong river", "display_name": "Ngong river", "osm_id": "way/825202327", "model_source": "river.geojson", "inspection_area": "Kibera" }, "geometry": { "type": "LineString", "coordinates": [ [ 36.7915523, -1.3123885, 0.0 ], [ 36.7916575, -1.3125365, 0.0 ], [ 36.7916938, -1.3126054, 0.0 ], [ 36.7917166, -1.3126489, 0.0 ], [ 36.7917244, -1.3127284, 0.0 ], [ 36.791752, -1.312943, 0.0 ], [ 36.7918202, -1.3130782, 0.0 ], [ 36.7921635, -1.3129722, 0.0 ], [ 36.7921968, -1.3130027, 0.0 ], [ 36.7921924, -1.3130376, 0.0 ], [ 36.7921975, -1.3130758, 0.0 ], [ 36.7922257, -1.3130994, 0.0 ], [ 36.792405, -1.3131583, 0.0 ], [ 36.7924812, -1.3132693, 0.0 ], [ 36.7925159, -1.3132913, 0.0 ], [ 36.7925821, -1.3133106, 0.0 ], [ 36.792636, -1.3133179, 0.0 ], [ 36.7926701, -1.3133677, 0.0 ], [ 36.7927858, -1.3133846, 0.0 ], [ 36.7928407, -1.313425, 0.0 ], [ 36.7931598, -1.3134487, 0.0 ], [ 36.7932681, -1.3133705, 0.0 ], [ 36.7934111, -1.3133841, 0.0 ], [ 36.7935588, -1.3134488, 0.0 ], [ 36.7937957, -1.3134514, 0.0 ], [ 36.7939428, -1.3134245, 0.0 ], [ 36.7943463, -1.3135937, 0.0 ], [ 36.7947849, -1.3140146, 0.0 ], [ 36.7948851, -1.3140659, 0.0 ], [ 36.7952797, -1.314045, 0.0 ], [ 36.795385, -1.3141813, 0.0 ], [ 36.7956628, -1.3145407, 0.0 ], [ 36.7956217, -1.3147539, 0.0 ], [ 36.7958529, -1.3151218, 0.0 ], [ 36.7958907, -1.3151409, 0.0 ], [ 36.795933, -1.3151623, 0.0 ], [ 36.79614, -1.3152669, 0.0 ], [ 36.7962495, -1.3154344, 0.0 ], [ 36.7964295, -1.3155579, 0.0 ], [ 36.7964579, -1.3155774, 0.0 ], [ 36.7965644, -1.3156163, 0.0 ], [ 36.7968069, -1.3157423, 0.0 ], [ 36.796932, -1.3158455, 0.0 ], [ 36.7970469, -1.3158986, 0.0 ], [ 36.797093908301541, -1.315929534139953, 0.0 ] ] } },
{ "type": "Feature", "properties": { "id": "way/238451654", "name": "", "name_en": "", "name_sw": "", "waterway": "drain", "covered": "", "width": "", "depth": "0.00000e+00", "layer": "-1", "blockage": "", "tunnel": "yes", "natural_cl": "", "water": "", "source": "", "adm0_pcode": "KEN", "adm0_name": "Kenya", "adm1_pcode": "KE047", "adm1_name": "Nairobi", "adm2_pcode": "KE047277", "adm2_name": "Langata", "adm3_pcode": "", "adm3_name": "", "adm4_pcode": "", "adm4_name": "", "name_latin": "", "display_name": "", "osm_id": "way/238451654", "model_source": "river.geojson", "inspection_area": "Kibera" }, "geometry": { "type": "LineString", "coordinates": [ [ 36.7848876, -1.3149299, 0.0 ], [ 36.7848858, -1.314997, 0.0 ], [ 36.7848799, -1.3150649, 0.0 ], [ 36.7848688, -1.3152032, 0.0 ], [ 36.7848488, -1.3152232, 0.0 ], [ 36.7847869, -1.3152403, 0.0 ], [ 36.7847774, -1.3153154, 0.0 ], [ 36.7847822, -1.3153516, 0.0 ], [ 36.7848031, -1.3154229, 0.0 ], [ 36.7847974, -1.315461, 0.0 ], [ 36.7847965, -1.3154971, 0.0 ] ] } },
{ "type": "Feature", "properties": { "id": "way/48161174", "name": "", "name_en": "", "name_sw": "", "waterway": "stream", "covered": "", "width": "", "depth": "0.00000e+00", "layer": "0", "blockage": "", "tunnel": "", "natural_cl": "", "water": "", "source": "", "adm0_pcode": "KEN", "adm0_name": "Kenya", "adm1_pcode": "KE047", "adm1_name": "Nairobi", "adm2_pcode": "KE047277", "adm2_name": "Langata", "adm3_pcode": "", "adm3_name": "", "adm4_pcode": "", "adm4_name": "", "name_latin": "", "display_name": "", "osm_id": "way/48161174", "model_source": "river.geojson", "inspection_area": "Kibera" }, "geometry": { "type": "LineString", "coordinates": [ [ 36.7833976, -1.3132728, 0.0 ], [ 36.7834202, -1.3132898, 0.0 ], [ 36.783619, -1.3134257, 0.0 ], [ 36.7837473, -1.3135024, 0.0 ], [ 36.7837941, -1.3135304, 0.0 ], [ 36.7838353, -1.3135617, 0.0 ], [ 36.7838828, -1.3135761, 0.0 ], [ 36.7841384, -1.3136588, 0.0 ], [ 36.7843247, -1.3137196, 0.0 ], [ 36.7844753, -1.3137265, 0.0 ], [ 36.784486200000011, -1.3136896, 0.0 ], [ 36.7846173, -1.3136806, 0.0 ], [ 36.7847209, -1.3136909, 0.0 ], [ 36.7848671, -1.3137522, 0.0 ], [ 36.7849977, -1.3138045, 0.0 ], [ 36.7850799, -1.3138377, 0.0 ], [ 36.7850763, -1.3138706, 0.0 ], [ 36.7851208, -1.3138949, 0.0 ], [ 36.7851175, -1.3139127, 0.0 ], [ 36.7851137, -1.3139281, 0.0 ], [ 36.7851683, -1.3139647, 0.0 ], [ 36.7852425, -1.3140253, 0.0 ], [ 36.7853133, -1.3140746, 0.0 ], [ 36.7853915, -1.3141155, 0.0 ], [ 36.7854389, -1.3141387, 0.0 ], [ 36.7854847, -1.3141616, 0.0 ], [ 36.7855564, -1.3141916, 0.0 ], [ 36.7855881, -1.3142035, 0.0 ], [ 36.7856119, -1.3142662, 0.0 ], [ 36.7856693, -1.3142956, 0.0 ], [ 36.785797, -1.3142992, 0.0 ], [ 36.7858506, -1.3142989, 0.0 ], [ 36.7859054, -1.314298, 0.0 ], [ 36.7860144, -1.314275, 0.0 ], [ 36.7861584, -1.3142904, 0.0 ], [ 36.7862829, -1.3143215, 0.0 ], [ 36.7863244, -1.3143819, 0.0 ], [ 36.7863624, -1.314391, 0.0 ], [ 36.7864822, -1.3144313, 0.0 ], [ 36.7866009, -1.3144707, 0.0 ], [ 36.7867826, -1.3145225, 0.0 ], [ 36.7868827, -1.3145674, 0.0 ], [ 36.786917, -1.3146098, 0.0 ], [ 36.7871423, -1.3146766, 0.0 ], [ 36.7872882, -1.3147063, 0.0 ], [ 36.7875219, -1.3147326, 0.0 ], [ 36.787626, -1.314735, 0.0 ], [ 36.7877286, -1.314741, 0.0 ], [ 36.7878487, -1.3147534, 0.0 ], [ 36.7879885, -1.3147404, 0.0 ], [ 36.788172, -1.3147123, 0.0 ], [ 36.7884115, -1.3146274, 0.0 ], [ 36.7885673, -1.3145915, 0.0 ], [ 36.7887212, -1.3145924, 0.0 ] ] } },
{ "type": "Feature", "properties": { "id": "way/238451662", "name": "", "name_en": "", "name_sw": "", "waterway": "drain", "covered": "", "width": "", "depth": "0.00000e+00", "layer": "0", "blockage": "", "tunnel": "", "natural_cl": "", "water": "", "source": "", "adm0_pcode": "KEN", "adm0_name": "Kenya", "adm1_pcode": "KE047", "adm1_name": "Nairobi", "adm2_pcode": "KE047277", "adm2_name": "Langata", "adm3_pcode": "", "adm3_name": "", "adm4_pcode": "", "adm4_name": "", "name_latin": "", "display_name": "", "osm_id": "way/238451662", "model_source": "river.geojson", "inspection_area": "Kibera" }, "geometry": { "type": "LineString", "coordinates": [ [ 36.7839272, -1.3138697, 0.0 ], [ 36.7838709, -1.3137261, 0.0 ], [ 36.7838665, -1.3136921, 0.0 ], [ 36.7838828, -1.3135761, 0.0 ] ] } },
{ "type": "Feature", "properties": { "id": "way/1502060944", "name": "", "name_en": "", "name_sw": "", "waterway": "stream", "covered": "", "width": "", "depth": "0.00000e+00", "layer": "-1", "blockage": "", "tunnel": "culvert", "natural_cl": "", "water": "", "source": "", "adm0_pcode": "KEN", "adm0_name": "Kenya", "adm1_pcode": "KE047", "adm1_name": "Nairobi", "adm2_pcode": "KE047277", "adm2_name": "Langata", "adm3_pcode": "", "adm3_name": "", "adm4_pcode": "", "adm4_name": "", "name_latin": "", "display_name": "", "osm_id": "way/1502060944", "model_source": "river.geojson", "inspection_area": "Kibera" }, "geometry": { "type": "LineString", "coordinates": [ [ 36.7833286, -1.313221, 0.0 ], [ 36.7833976, -1.3132728, 0.0 ] ] } },
{ "type": "Feature", "properties": { "id": "way/1502060943", "name": "", "name_en": "", "name_sw": "", "waterway": "stream", "covered": "", "width": "", "depth": "0.00000e+00", "layer": "0", "blockage": "", "tunnel": "", "natural_cl": "", "water": "", "source": "", "adm0_pcode": "KEN", "adm0_name": "Kenya", "adm1_pcode": "KE047", "adm1_name": "Nairobi", "adm2_pcode": "KE047277", "adm2_name": "Langata", "adm3_pcode": "", "adm3_name": "", "adm4_pcode": "", "adm4_name": "", "name_latin": "", "display_name": "", "osm_id": "way/1502060943", "model_source": "river.geojson", "inspection_area": "Kibera" }, "geometry": { "type": "LineString", "coordinates": [ [ 36.7800271, -1.3103481, 0.0 ], [ 36.780156, -1.3105691, 0.0 ], [ 36.7802518, -1.310772, 0.0 ], [ 36.780311, -1.310874, 0.0 ], [ 36.7803334, -1.3109903, 0.0 ], [ 36.7804089, -1.3111698, 0.0 ], [ 36.7804831, -1.3113548, 0.0 ], [ 36.7805612, -1.3113985, 0.0 ], [ 36.7806277, -1.3113982, 0.0 ], [ 36.7810462, -1.3115236, 0.0 ], [ 36.781232, -1.311643, 0.0 ], [ 36.781282, -1.3116945, 0.0 ], [ 36.7813333, -1.3117468, 0.0 ], [ 36.7813552, -1.3117904, 0.0 ], [ 36.7813538, -1.311856, 0.0 ], [ 36.7813831, -1.3118781, 0.0 ], [ 36.7814379, -1.3119061, 0.0 ], [ 36.7814717, -1.3119434, 0.0 ], [ 36.7815417, -1.3119866, 0.0 ], [ 36.7816115, -1.312108, 0.0 ], [ 36.7818661, -1.3122592, 0.0 ], [ 36.7826901, -1.3127609, 0.0 ], [ 36.7830763, -1.3130315, 0.0 ], [ 36.7833286, -1.313221, 0.0 ] ] } },
{ "type": "Feature", "properties": { "id": "way/674865505", "name": "", "name_en": "", "name_sw": "", "waterway": "stream", "covered": "", "width": "", "depth": "0.00000e+00", "layer": "0", "blockage": "", "tunnel": "", "natural_cl": "", "water": "", "source": "", "adm0_pcode": "KEN", "adm0_name": "Kenya", "adm1_pcode": "KE047", "adm1_name": "Nairobi", "adm2_pcode": "KE047278", "adm2_name": "Kibra", "adm3_pcode": "", "adm3_name": "", "adm4_pcode": "", "adm4_name": "", "name_latin": "", "display_name": "", "osm_id": "way/674865505", "model_source": "river.geojson", "inspection_area": "Kibera" }, "geometry": { "type": "LineString", "coordinates": [ [ 36.7836941, -1.3059669, 0.0 ], [ 36.78346312057608, -1.305818301612755, 0.0 ] ] } }
]
}
